variant,file,mean_brightness_orig,mean_brightness_enh,mean_brightness_balance,contrast_orig,contrast_enh,entropy_orig,entropy_enh,edge_strength_orig,edge_strength_enh,laplacian_var_orig,laplacian_var_enh,over_exposure_orig,over_exposure_enh,noise_est_orig,noise_est_enh,edge_keep_ratio,ssim_to_original,Q_score
Full Model,D:\A题代码_公式包\clear text\cam101_12-02_13-35.jpeg,0.42241156101226807,0.487709641456604,0.8867448026483709,0.23095599825428997,0.2098602721174421,7.349150657653809,7.442591667175293,0.3271820843219757,0.3788703978061676,3158.225867978395,4189.2285387530455,0.0057696759259259255,0.005873842592592593,0.10561104863882065,0.13255715370178223,1.1579802524341538,0.9399195309788086,0.47567184703346926
Full Model,D:\A题代码_公式包\clear text\cam102_03-02_07-42 - .jpeg,0.4199084937572479,0.4639910161495209,0.8436200293627651,0.1722577333800307,0.16193729612620864,6.551889419555664,6.655384540557861,0.2049582302570343,0.24266085028648376,2104.931223370378,2797.22957089117,0.011281828703703704,0.010830439814814815,0.06733255088329315,0.08643663674592972,1.1839527443135558,0.9666626907459844,0.37600984831344186
Full Model,D:\A题代码_公式包\clear text\cam102_03-02_08-00 - .jpeg,0.4582531750202179,0.4925539493560791,0.895552635192871,0.2102559240009242,0.1893785127068247,6.891057014465332,6.960668087005615,0.22768132388591766,0.2646905183792114,2181.163246522118,2856.5515132579326,0.029751157407407407,0.007659143518518518,0.0717780664563179,0.0907927006483078,1.162548136467419,0.968754317696409,0.40624058979943617
Full Model,D:\A题代码_公式包\clear text\cam102_03-02_08-51.jpeg,0.43220531940460205,0.4744220972061157,0.8625856312838467,0.20962541268322046,0.18664443967078578,6.842887878417969,6.96541690826416,0.2176920622587204,0.25616487860679626,2054.3880677852844,2673.458903255979,0.02582175925925926,0.007170138888888889,0.06851950287818909,0.08728347718715668,1.176730483782298,0.9648581032347575,0.39593025776780744
Full Model,D:\A题代码_公式包\clear text\cam102_03-02_09-45.jpeg,0.4195566475391388,0.46988633275032043,0.8543387868187644,0.19069192727439205,0.17790828407282408,6.914595127105713,7.006344795227051,0.24420827627182007,0.28898927569389343,2365.021825803144,3190.1205092591254,0.00583912037037037,0.005581597222222222,0.08052874356508255,0.10318069159984589,1.183372229827005,0.961467642790335,0.4115170858819896
Full Model,D:\A题代码_公式包\clear text\cam102_17-02_07-42.jpeg,0.45745405554771423,0.4868369400501251,0.8851580728184092,0.1962028215235175,0.17573219281049868,6.984780311584473,6.973121643066406,0.1898156851530075,0.22448724508285522,1793.987464252153,2305.035706314493,0.014710648148148148,0.009869791666666667,0.05853831022977829,0.07546179741621017,1.1826590827198935,0.9680849027450531,0.38151996543590194
Full Model,D:\A题代码_公式包\clear text\cam103_02-02_20-43 - .jpeg,0.30162954330444336,0.37954434752464294,0.6900806318629871,0.16622828046027752,0.15157821989361553,6.759535789489746,6.725050449371338,0.17754465341567993,0.1999637484550476,1915.2316129295987,2172.9488828261556,0.016550925925925927,0.01089699074074074,0.04558280110359192,0.056648340076208115,1.1262729942793723,0.9112931100954245,0.3053369176846858
Full Model,D:\A题代码_公式包\clear text\cam103_02-02_22-23.jpeg,0.29524096846580505,0.3744610846042633,0.680838335644115,0.17603804143704213,0.1568424723263413,6.820976257324219,6.714860439300537,0.1727191060781479,0.19212211668491364,1877.0470768497084,2116.1737553246685,0.021015625,0.010656828703703703,0.04445081949234009,0.05471862480044365,1.1123384745809395,0.9052362824813494,0.2988216848413907
Full Model,D:\A题代码_公式包\clear text\cam103_02-02_23-51.jpeg,0.2861560583114624,0.36628803610801697,0.6659782474691217,0.1717760198018337,0.15690716600430835,6.787363052368164,6.762735366821289,0.17479266226291656,0.19437283277511597,1892.7065723084165,2136.3379069962784,0.016064814814814816,0.01074074074074074,0.044965676963329315,0.055160075426101685,1.1120193942033063,0.9067442762808193,0.2985253109855538
Full Model,D:\A题代码_公式包\clear text\cam103_12-02_14-24.jpeg,0.42278552055358887,0.49134692549705505,0.8933580463582819,0.2399807035891319,0.21559714726765747,7.107303619384766,7.2701239585876465,0.2455211579799652,0.2824971377849579,2665.760482547051,3351.6153381546505,0.008431712962962964,0.008726851851851852,0.07593371719121933,0.09485930949449539,1.1506020734225657,0.924359388003146,0.43189087462497044
Full Model,D:\A题代码_公式包\clear text\cam106_03-02_00-55 - .jpeg,0.28695037961006165,0.3648598790168762,0.6633815982125022,0.1311852285576359,0.13134805649124437,6.402092933654785,6.4237895011901855,0.16550281643867493,0.19552618265151978,2031.0845178421587,2428.500534639829,0.010908564814814815,0.01081886574074074,0.04951291158795357,0.06394372880458832,1.1814070279084399,0.926053778731467,0.3028458970306462
Full Model,D:\A题代码_公式包\clear text\cam110_02-02_18-57.jpeg,0.3004944324493408,0.37988483905792236,0.6906997073780405,0.1620842236283031,0.15282019969438482,6.787729740142822,6.78999662399292,0.19758351147174835,0.22497428953647614,1992.228960817933,2412.8310732889977,0.017864583333333333,0.012786458333333334,0.05329476669430733,0.06738647073507309,1.1386288112866554,0.9173501601839794,0.32140500920665077
Full Model,D:\A题代码_公式包\clear text\cam110_07-02_08-28.jpeg,0.4207269847393036,0.47749054431915283,0.8681646260348233,0.1851169070903971,0.1790611883840313,6.948529243469238,7.022599220275879,0.2251625806093216,0.26329436898231506,2505.5965720965346,3231.403332041891,0.007659143518518518,0.008101851851851851,0.06981910020112991,0.08824093639850616,1.1693521790028556,0.95554238208148,0.40757687645733903
Full Model,D:\A题代码_公式包\clear text\cam111_03-02_09-49.jpeg,0.42198169231414795,0.4527721703052521,0.823222127827731,0.13891261314929,0.14183182594215732,6.5068678855896,6.551206588745117,0.17032505571842194,0.20168589055538177,1900.1460015172136,2417.2992004839857,0.006293402777777778,0.00697337962962963,0.053312964737415314,0.06816340982913971,1.1841234477967966,0.9747510838441626,0.3460075861162351
Full Model,D:\A题代码_公式包\clear text\cam111_17-02_07-01 - .jpeg,0.3909599184989929,0.42630311846733093,0.7750965790315107,0.11207160789580675,0.11675145186676268,6.240609645843506,6.370669364929199,0.13606928288936615,0.16595958173274994,1494.1373904481402,1786.2294356603968,0.013761574074074074,0.012505787037037037,0.037119779735803604,0.049267373979091644,1.2196697701187968,0.9681969234355436,0.30739033431602886
Full Model,D:\A题代码_公式包\clear text\cam112_02-02_19-15.jpeg,0.2964478135108948,0.37222203612327576,0.6767673384059558,0.14586034275378754,0.14291941307678638,6.524833679199219,6.581571578979492,0.1822957992553711,0.21072466671466827,1701.0853383890787,2083.174220646988,0.014565972222222221,0.012288773148148148,0.04957517236471176,0.06359635293483734,1.1559491496548955,0.9370022980554383,0.30506170596755944
Full Model,D:\A题代码_公式包\clear text\cam112_02-02_20-03.jpeg,0.3310602903366089,0.39500609040260315,0.7181928916410966,0.15033019217787744,0.1421359342470659,6.691838264465332,6.639520645141602,0.17145967483520508,0.20025503635406494,1675.7067283789531,2026.0439399829254,0.018605324074074073,0.01314525462962963,0.04766090214252472,0.06145017594099045,1.1679424285633393,0.9458253319614405,0.31319001763883353
Full Model,D:\A题代码_公式包\clear text\cam112_30-01_19-33 - .jpeg,0.32236069440841675,0.3995029330253601,0.7263689691370183,0.15355823768086338,0.1506564946574253,6.929708957672119,6.948131561279297,0.20461204648017883,0.23937924206256866,1782.3523957320265,2223.063075809976,0.01136574074074074,0.011047453703703703,0.05563219636678696,0.0719853937625885,1.1699176407866736,0.9337415420035748,0.33778405863031896
Full Model,D:\A题代码_公式包\clear text\cam115_02-02_21-32.jpeg,0.2882762551307678,0.37436428666114807,0.6806623393839055,0.15447352883212076,0.1487818727743543,6.322131156921387,6.429664134979248,0.19852463901042938,0.23055490851402283,2005.1452247604473,2485.8909537800523,0.015772569444444443,0.012601273148148148,0.05879370868206024,0.07516826689243317,1.1613414975719858,0.9199567706770712,0.3166923135662717
Full Model,D:\A题代码_公式包\clear text\cam115_02-02_22-43.jpeg,0.28199878334999084,0.3680790066719055,0.6692345575852827,0.15741051671502426,0.1494017705456725,6.341675281524658,6.47989559173584,0.20250888168811798,0.23474618792533875,2033.0656149188926,2512.306605132303,0.015454282407407408,0.012427662037037037,0.05955422669649124,0.07584907114505768,1.1591895726212238,0.9183242050483645,0.31711613459376353
Full Model,D:\A题代码_公式包\clear text\cam115_03-02_09-39 - .jpeg,0.41242891550064087,0.46317726373672485,0.8421404795213179,0.17144847254031023,0.17025340725595653,6.791445732116699,6.908313751220703,0.23527365922927856,0.27617108821868896,2685.4755542561516,3579.7368277448154,0.006614583333333333,0.007037037037037037,0.08041410148143768,0.10167495906352997,1.1738292565932604,0.9633778524616523,0.4084296308179288
Full Model,D:\A题代码_公式包\clear text\cam115_03-02_10-10.jpeg,0.4160018861293793,0.4647863209247589,0.8450660380450161,0.16631694339501799,0.16636804299110602,6.711528778076172,6.874290466308594,0.23043864965438843,0.27227115631103516,2568.4739900412646,3430.68035848253,0.006603009259259259,0.0069560185185185185,0.07836595177650452,0.09970690310001373,1.1815342544579783,0.9640788612377356,0.4038967426191757
Full Model,D:\A题代码_公式包\clear text\cam115_03-02_10-42.jpeg,0.4239993989467621,0.47012144327163696,0.8547662604938853,0.166275777977412,0.16704686251510664,6.8374762535095215,6.937734603881836,0.23731060326099396,0.28026729822158813,2572.063828312241,3450.531618540186,0.006588541666666667,0.006999421296296296,0.08009333908557892,0.10208160430192947,1.1810147045706052,0.9650548859479487,0.4095431173215535
Full Model,D:\A题代码_公式包\clear text\cam11_03-02_11-26.jpeg,0.3851301372051239,0.43840327858924866,0.7970968701622703,0.17570722275650053,0.16865401880519548,7.236855506896973,7.210827350616455,0.30961745977401733,0.35950613021850586,2265.2143889031445,2914.8575922181435,0.0115234375,0.00888671875,0.08420360833406448,0.10512996464967728,1.1611300275132832,0.9574646923119101,0.40800591799568475
Full Model,D:\A题代码_公式包\clear text\cam11_10-02_07-09.jpeg,0.38667240738868713,0.4464929699897766,0.811805399981412,0.17571069955210025,0.1693956120045895,7.28474235534668,7.238170146942139,0.3236597776412964,0.37221622467041016,2345.2490373977416,2989.047680266094,0.012313565340909091,0.01073626893939394,0.08635152876377106,0.10690227150917053,1.150023151663874,0.95374621580179,0.41328272351314993
Full Model,D:\A题代码_公式包\clear text\cam11_12-02_13-40.jpeg,0.41207876801490784,0.4530469477176666,0.8237217231230302,0.15099109252719853,0.15049301131288423,6.795062065124512,6.828782081604004,0.2752944529056549,0.32469555735588074,2000.960978929889,2553.882120026693,0.010280539772727273,0.00947561553030303,0.07185932993888855,0.09107019007205963,1.1794482411442078,0.963176779546363,0.3850015444205085
Full Model,D:\A题代码_公式包\clear text\cam120_02-02_09-48.jpeg,0.4355648159980774,0.492125928401947,0.8947744152762672,0.1804575931655269,0.1783167966369111,7.104185581207275,7.207517623901367,0.2794996500015259,0.3289363980293274,3034.6189192406923,4145.5029343266415,0.006608796296296297,0.007181712962962963,0.09353454411029816,0.11914685368537903,1.1768759760547653,0.9586519983801206,0.45278983991298183
Full Model,D:\A题代码_公式包\clear text\cam120_02-02_10-07.jpeg,0.4344126284122467,0.4874823987483978,0.886331634087996,0.18408838381669151,0.1802603094598837,7.036876201629639,7.115013599395752,0.276157021522522,0.32349756360054016,3004.0072850646216,4078.001158900374,0.006646412037037037,0.007094907407407407,0.09314912557601929,0.11819804459810257,1.1714261693486179,0.9591761895693783,0.44594869213796035
Full Model,D:\A题代码_公式包\clear text\cam120_03-02_02-52 - .jpeg,0.3039255440235138,0.3851270377635956,0.700230977751992,0.15142900089879713,0.14681170715600972,6.853757381439209,6.913671493530273,0.1932736337184906,0.23224614560604095,1817.1664669284814,2261.9867619357556,0.010772569444444444,0.010026041666666667,0.05338374897837639,0.07002570480108261,1.2016442631675577,0.9262245672744409,0.3362152458377305
Full Model,D:\A题代码_公式包\clear text\cam120_17-02_08-02 - .jpeg,0.4533112347126007,0.5070863366127014,0.9219751574776389,0.1879825498642388,0.18374565228915543,7.2459564208984375,7.331121444702148,0.2891601324081421,0.34344837069511414,3011.521869206399,4128.941715839527,0.008969907407407407,0.009244791666666667,0.09538678079843521,0.12238474935293198,1.1877446208124554,0.9559595949990555,0.46734136632462925
Full Model,D:\A题代码_公式包\clear text\cam120_17-02_19-14.jpeg,0.24920885264873505,0.3443610370159149,0.6261109763925725,0.14388485588743874,0.13776833718111353,6.418220043182373,6.431973934173584,0.19360853731632233,0.2266281694173813,1882.1599705663527,2323.216876665372,0.013237847222222222,0.010298032407407407,0.05309288948774338,0.06860091537237167,1.1705484181233086,0.9006551559333782,0.29835073412824537
Full Model,D:\A题代码_公式包\clear text\cam126_03-02_11-56 - .jpeg,0.42672765254974365,0.47607100009918213,0.8655836365439674,0.17589907596728693,0.17688189449893274,6.838520050048828,7.078505516052246,0.2741378843784332,0.3206956386566162,3621.800338064228,4964.543630990655,0.007225115740740741,0.007502893518518518,0.10103181004524231,0.127336323261261,1.1698333957063975,0.9575089771953575,0.4590691696345893
Full Model,D:\A题代码_公式包\clear text\cam126_17-02_08-36.jpeg,0.42839527130126953,0.48893994092941284,0.8889817107807505,0.1863903075362696,0.1850299092446211,7.196381568908691,7.305028438568115,0.2875351011753082,0.33981528878211975,2826.3598745658383,3851.822549897086,0.0072280092592592595,0.007751736111111111,0.09112241119146347,0.1167573481798172,1.181821984521126,0.9493501566018698,0.4526959161390668
Full Model,D:\A题代码_公式包\clear text\cam126_17-02_17-11.jpeg,0.4166643023490906,0.4607412815093994,0.8377114209261807,0.1480251866059975,0.14660466472159703,6.811367988586426,6.803945064544678,0.19922156631946564,0.24138282239437103,1969.22514717861,2529.935189416278,0.010821759259259258,0.011307870370370371,0.05840601027011871,0.07704728096723557,1.2116300081067435,0.9544456757940466,0.3709661204247153
Full Model,D:\A题代码_公式包\clear text\cam127_02-02_18-50.jpeg,0.30469465255737305,0.3858010470867157,0.701456449248574,0.18329624666546654,0.16881830860283634,6.9145379066467285,6.90699577331543,0.21588928997516632,0.24867448210716248,1987.3199794405377,2416.990617183808,0.01453414351851852,0.00867476851851852,0.0651296004652977,0.08186956495046616,1.1518610932162172,0.9189595919233242,0.3401104733511237
Full Model,D:\A题代码_公式包\clear text\cam127_02-02_22-51 - .jpeg,0.29016557335853577,0.37604793906211853,0.6837235255674882,0.1772807880983706,0.1641900997329475,6.707484245300293,6.722489356994629,0.21448905766010284,0.24398964643478394,2111.773812249999,2531.38927435646,0.01587962962962963,0.009956597222222223,0.06491966545581818,0.08048366010189056,1.1375389265784575,0.9168521062247372,0.3290652219384719
Full Model,D:\A题代码_公式包\clear text\cam127_12-02_14-59.jpeg,0.42939701676368713,0.47187745571136475,0.8579590103842994,0.18468005592715206,0.17229439656942808,7.1039252281188965,7.109825134277344,0.277080237865448,0.31251612305641174,3176.5381727411714,4070.8458735627514,0.025,0.007774884259259259,0.09383207559585571,0.11504264175891876,1.1278902937958977,0.9568875523268078,0.42524248007762405
Full Model,D:\A题代码_公式包\clear text\cam136_02-02_10-00.jpeg,0.4671942889690399,0.4988010823726654,0.9069110588593916,0.18967647395814902,0.18326040873075225,7.319179058074951,7.324230194091797,0.34630194306373596,0.3971048891544342,3688.291735527585,4905.516854517429,0.01868923611111111,0.010656828703703703,0.11880414932966232,0.14778552949428558,1.1467012827684817,0.9570239069121688,0.48432866100238786
Full Model,D:\A题代码_公式包\clear text\cam136_02-02_10-15.jpeg,0.44370242953300476,0.4827065169811249,0.8776482126929542,0.18808352575788082,0.18155907790426606,7.324538707733154,7.331124305725098,0.34013497829437256,0.3924364447593689,3589.9976851850515,4807.482774421891,0.013825231481481482,0.009675925925925926,0.11683879792690277,0.1461515724658966,1.1537668182498693,0.9546216711873302,0.4766393478058846
Full Model,D:\A题代码_公式包\clear text\cam136_02-02_21-25 - .jpeg,0.33407700061798096,0.40891537070274353,0.7434824921868064,0.17034681223471815,0.1590488025754149,6.839829921722412,6.836825370788574,0.23774868249893188,0.28029412031173706,2016.1979787796588,2509.119715664711,0.03165219907407407,0.021203703703703704,0.06870418041944504,0.08825614303350449,1.178951243084884,0.9285144744540366,0.35694764635283094
Full Model,D:\A题代码_公式包\clear text\cam136_03-02_09-11 - .jpeg,0.4691813588142395,0.502930760383606,0.914419564333829,0.19100272041427954,0.18463135461264102,7.40407133102417,7.4055094718933105,0.3607739508152008,0.4210433065891266,3791.8706469102312,5172.633364036747,0.011895254629629629,0.008914930555555556,0.12506215274333954,0.157955139875412,1.1670556940219823,0.9523657797607832,0.5031907099913574
Full Model,D:\A题代码_公式包\clear text\cam137_02-02_09-53.jpeg,0.40997314453125,0.463348388671875,0.8424516157670454,0.23969946989186577,0.21225227891658233,7.621668815612793,7.511971473693848,0.396441787481308,0.450425386428833,3190.863799738599,4182.610485134273,0.03625414299242424,0.009303977272727273,0.11345867812633514,0.1394730806350708,1.1361702805277751,0.9369651492779968,0.4824470230780857
Full Model,D:\A题代码_公式包\clear text\cam137_02-02_10-31.jpeg,0.39076995849609375,0.453976571559906,0.8254119482907382,0.24034234915950511,0.21469552535828168,7.590137481689453,7.538130760192871,0.419035404920578,0.47160735726356506,3264.773580890441,4289.5924420996125,0.041293797348484845,0.009591027462121211,0.11701632291078568,0.14312005043029785,1.1254594332498118,0.9333367824887673,0.4858460252902812
Full Model,D:\A题代码_公式包\clear text\cam137_03-02_00-28 - .jpeg,0.26110631227493286,0.3659254014492035,0.6653189117258245,0.2588014546539784,0.2266212753539441,7.149971961975098,7.435491561889648,0.336468368768692,0.37726202607154846,2639.5894829256586,3254.639188243876,0.046803977272727275,0.00977746212121212,0.09328051656484604,0.11412844061851501,1.1212407754183902,0.7619672872339589,0.3920753162154094
Full Model,D:\A题代码_公式包\clear text\cam137_03-02_00-42 - .jpeg,0.27773404121398926,0.38331082463264465,0.6969287720593539,0.24100515088375327,0.20936923173642794,7.297811031341553,7.443113803863525,0.3500159680843353,0.39950859546661377,2546.5657076412303,3170.5208717646656,0.04012192234848485,0.010094105113636363,0.09484263509511948,0.11717306822538376,1.1414010604588027,0.8155880983689038,0.4049978872818316
Full Model,D:\A题代码_公式包\clear text\cam137_03-02_05-10.jpeg,0.2750415802001953,0.38149502873420715,0.6936273249712857,0.24083952934424777,0.20689691450031839,7.301418304443359,7.420647621154785,0.28088486194610596,0.31501635909080505,2079.1507130173527,2548.2170482939464,0.04346590909090909,0.008093631628787878,0.07220190763473511,0.08870092034339905,1.121514156834023,0.8102994059426861,0.365513656519814
Full Model,D:\A题代码_公式包\clear text\cam137_03-02_08-20 - .jpeg,0.40231701731681824,0.46228110790252686,0.8405111052773215,0.23640788496964535,0.21171095799807021,7.5371904373168945,7.475393295288086,0.4538218379020691,0.505922257900238,3626.18482960595,4714.075320663662,0.03818063446969697,0.010567589962121211,0.1279584914445877,0.1540888100862503,1.1148036777608703,0.9399571597256184,0.5017429094602418
Full Model,D:\A题代码_公式包\clear text\cam137_03-02_08-24.jpeg,0.3903328776359558,0.4539410173892975,0.8253473043441772,0.24798827366400827,0.22279287032064687,7.610590934753418,7.586214542388916,0.44996774196624756,0.5006495118141174,3509.7878911543285,4612.990833237458,0.03941169507575758,0.009786339962121212,0.12340570241212845,0.14987218379974365,1.112634225463538,0.9292214089775448,0.5014509171831956
Full Model,D:\A题代码_公式包\clear text\cam137_03-02_08-41.jpeg,0.39427560567855835,0.45550209283828735,0.8281856233423406,0.23595990623135987,0.21224148035858365,7.54606819152832,7.479970455169678,0.42264699935913086,0.4803256392478943,3379.1840259280875,4513.045518700151,0.03481001420454546,0.008942945075757576,0.11993236839771271,0.14784634113311768,1.1364700112549069,0.9339366141411618,0.4934270167954731
Full Model,D:\A题代码_公式包\clear text\cam141_30-01_23-05.jpeg,0.29419952630996704,0.3750808835029602,0.6819652427326548,0.14474321440179047,0.14079897088111448,6.809493064880371,6.823173999786377,0.180241659283638,0.21349464356899261,1716.1407404262634,2109.769791630196,0.008602430555555556,0.007789351851851852,0.051839038729667664,0.06714233756065369,1.1844911144597812,0.926074651452469,0.3167093963364216
Full Model,D:\A题代码_公式包\clear text\cam143_12-02_14-15.jpeg,0.5187085866928101,0.53071129322052,0.9649296240373091,0.22085557229600436,0.19947535635839597,7.056549072265625,7.003806114196777,0.18860167264938354,0.20597624778747559,1990.8576174490909,2240.553741501282,0.07468039772727272,0.011100260416666667,0.04387225583195686,0.05175737291574478,1.092123175565975,0.9711482595053141,0.3844046864268326
Full Model,D:\A题代码_公式包\clear text\cam143_12-02_14-30.jpeg,0.5213236808776855,0.5326645374298096,0.9684809771451083,0.22363836885276248,0.2019127755849504,6.914364337921143,6.898022651672363,0.19754400849342346,0.21656696498394012,2053.75341393547,2309.6887163801866,0.09345703125,0.012236624053030304,0.046122945845127106,0.05428896099328995,1.0962972908563307,0.9699666470649991,0.38823313451528657
Full Model,D:\A题代码_公式包\clear text\cam143_12-02_15-18.jpeg,0.5171031951904297,0.5299781560897827,0.9635966474359685,0.225547976432774,0.20316064826304234,6.842679977416992,6.798480987548828,0.19459958374500275,0.21182994544506073,2012.991106752338,2265.164140685102,0.09985795454545454,0.011976207386363636,0.04518458619713783,0.053064294159412384,1.0885426307914365,0.9705346656756587,0.38186793830113885
Full Model,D:\A题代码_公式包\clear text\cam143_12-02_15-38.jpeg,0.5131589770317078,0.5273925065994263,0.9588954665444114,0.2290845248502164,0.20659106571506794,6.764614105224609,6.750401496887207,0.20144353806972504,0.21928025782108307,2046.9870665433323,2294.5733817744194,0.10254202178030303,0.012609493371212121,0.04581473022699356,0.053672827780246735,1.0885444948105725,0.9698643076603928,0.38378148704142856
Full Model,D:\A题代码_公式包\clear text\cam143_17-02_19-37.jpeg,0.34565305709838867,0.41660627722740173,0.7574659585952759,0.22292216275947518,0.19346455621957728,7.215879917144775,7.035432815551758,0.2061181515455246,0.21849742531776428,1979.0335735366236,2237.452635733855,0.032652698863636365,0.009762665719696969,0.04926781728863716,0.05824354663491249,1.0600591276644573,0.9191296978453377,0.3350361232258969
Full Model,D:\A题代码_公式包\clear text\cam145_31-01_04-13.jpeg,0.32255321741104126,0.39502331614494324,0.718224211172624,0.1939314004334733,0.17000957962545032,7.264856815338135,7.081663131713867,0.18804095685482025,0.20254841446876526,1667.5369090308477,1894.178601591217,0.013923413825757576,0.008857125946969698,0.042681317776441574,0.05179796367883682,1.0771505246532576,0.9217099362239093,0.31196828271693633
Full Model,D:\A题代码_公式包\clear text\cam145_31-01_04-26.jpeg,0.3271543085575104,0.3975260853767395,0.7227747006849808,0.19480930971964025,0.17124796075934165,7.261612415313721,7.091897964477539,0.18924719095230103,0.20469971001148224,1657.436375615345,1875.2355805009433,0.014367305871212122,0.008735795454545454,0.042594872415065765,0.05177740380167961,1.0816525505523316,0.923779444072439,0.31487561951229803
Full Model,D:\A题代码_公式包\clear text\cam148_03-02_00-37 - .jpeg,0.29357635974884033,0.37056446075439453,0.67375356500799,0.17047538666583362,0.15136280329228255,6.983057975769043,6.771744251251221,0.14017142355442047,0.15411792695522308,1546.7994177279372,1741.0991351838195,0.005980705492424242,0.007605350378787879,0.03224494308233261,0.0395536944270134,1.0994960512273213,0.9245240542690151,0.2800703819652988
Full Model,D:\A题代码_公式包\clear text\cam148_03-02_01-45.jpeg,0.28534263372421265,0.3669011890888214,0.6670930710705844,0.17108515782584724,0.15101884997693943,7.021975040435791,6.828646659851074,0.13893134891986847,0.1528245508670807,1506.0896484248544,1700.7745821924884,0.005894886363636363,0.007433712121212121,0.031451694667339325,0.03882254287600517,1.100000484542815,0.9148754276876447,0.27775866356572865
Full Model,D:\A题代码_公式包\clear text\cam148_03-02_02-21.jpeg,0.34348592162132263,0.4054655134677887,0.7372100244868884,0.19831203856492347,0.1694514276054715,7.257804870605469,7.047245025634766,0.1532960683107376,0.16681458055973053,1528.3390150405069,1724.929538865094,0.017252604166666668,0.007481060606060606,0.03418131172657013,0.041713424026966095,1.088185723142369,0.9384494756873815,0.3071676735936112
Full Model,D:\A题代码_公式包\clear text\cam14_02-02_09-48 - .jpeg,0.425413578748703,0.4808886647224426,0.8743430267680774,0.1874083813081124,0.18340979685188163,6.685297012329102,6.96717643737793,0.24754422903060913,0.2871541380882263,2787.047944053786,3688.26093572839,0.0067708333333333336,0.007317708333333333,0.0826466754078865,0.10396479815244675,1.160011409564696,0.9565187495329607,0.4222081560616593
Full Model,D:\A题代码_公式包\clear text\cam14_02-02_09-52 - .jpeg,0.42792534828186035,0.4829599857330322,0.8781090649691494,0.1886359274044126,0.18439619666379453,6.860334873199463,7.119205951690674,0.25620758533477783,0.2955115735530853,2866.4632240728683,3800.6293581403984,0.006750578703703704,0.007201967592592592,0.08510448038578033,0.10663607716560364,1.1534068920481524,0.9565937931923892,0.42994753341766184
Full Model,D:\A题代码_公式包\clear text\cam14_03-02_00-13 - .jpeg,0.30258801579475403,0.3793138861656189,0.6896616112102161,0.1455641274132267,0.14158643042370297,6.822500228881836,6.869787693023682,0.1868382692337036,0.21694810688495636,1721.8255004863972,2065.234053526668,0.011498842592592592,0.010729166666666666,0.050125349313020706,0.0640978291630745,1.161154567527588,0.928806496118277,0.31481150354461257
Full Model,D:\A题代码_公式包\clear text\cam150_17-02_08-41.jpeg,0.46939927339553833,0.5031903982162476,0.9148916331204501,0.204079329982614,0.18216219194069827,7.552454948425293,7.385095596313477,0.1799762099981308,0.2067495733499527,1502.060490255426,1735.0253732599303,0.011268939393939394,0.006548887310606061,0.039373431354761124,0.049260158091783524,1.1487606122243215,0.9639439497613153,0.3772528836912163
Full Model,D:\A题代码_公式包\clear text\cam156_02-02_10-05.jpeg,0.4457707703113556,0.4856967628002167,0.8830850232731211,0.18884048401095635,0.18262219819096945,7.310651779174805,7.306972026824951,0.35388222336769104,0.39834004640579224,4303.19022261978,5751.381778127001,0.017621527777777778,0.011391782407407408,0.1279313862323761,0.1569119244813919,1.1256288820709417,0.9595900201629813,0.49488566498044184
Full Model,D:\A题代码_公式包\clear text\cam156_02-02_20-25 - .jpeg,0.2985530197620392,0.3951270580291748,0.7184128327803178,0.19702557686915426,0.17983041595555585,7.251126289367676,7.286050319671631,0.2582750916481018,0.29636943340301514,2559.1001531955967,3232.043463091028,0.019748263888888888,0.012893518518518518,0.08123090863227844,0.1021186038851738,1.1474952391687105,0.8827305126261424,0.37964660120831006
Full Model,D:\A题代码_公式包\clear text\cam156_03-02_01-16.jpeg,0.2538717985153198,0.3643859326839447,0.6625198776071721,0.1827877997719063,0.16986733047427818,6.981518745422363,7.07328462600708,0.25883767008781433,0.30051103234291077,2697.1107753541546,3448.7456367186746,0.021030092592592593,0.01296875,0.08578383177518845,0.10894638299942017,1.161001823441189,0.847402457626974,0.3642691156699951
Full Model,D:\A题代码_公式包\clear text\cam156_03-02_03-03.jpeg,0.2815003991127014,0.38250112533569336,0.6954565915194424,0.1898937910978054,0.1750629277646887,7.189176082611084,7.243520259857178,0.2639494836330414,0.305099755525589,2658.427332984696,3354.7167651762034,0.018408564814814815,0.012821180555555556,0.08702878654003143,0.10922902822494507,1.1559020271752272,0.8713847745947885,0.3770819953336629
Full Model,D:\A题代码_公式包\clear text\cam156_17-02_07-16 - .jpeg,0.3755209147930145,0.4374419152736664,0.7953489368612116,0.1648085086128659,0.16109477186873347,7.13770055770874,7.156498908996582,0.2806984782218933,0.3348695933818817,3138.0029372946324,4422.32828858486,0.013995949074074074,0.01222800925925926,0.1015380471944809,0.13129010796546936,1.192986889842831,0.9446405397454738,0.43453837942749995
Full Model,D:\A题代码_公式包\clear text\cam156_17-02_07-24 - .jpeg,0.38921287655830383,0.44646498560905457,0.8117545192891901,0.16696330922788385,0.16323642905942853,7.175168037414551,7.192867279052734,0.28618642687797546,0.3405192494392395,3199.394287872407,4504.866596852997,0.012670717592592593,0.01142650462962963,0.10374715924263,0.13374878466129303,1.1898510994727616,0.9476784044901121,0.4420396210106576
Full Model,D:\A题代码_公式包\clear text\cam163_02-02_10-11.jpeg,0.4537525177001953,0.5016642808914185,0.9121168743480335,0.21466981119126405,0.20446689323124181,7.474682807922363,7.537878036499023,0.4546569585800171,0.5155091881752014,4773.709633144417,6450.2636763002665,0.030729166666666665,0.012025462962962963,0.1527114361524582,0.18805009126663208,1.1338421415985074,0.9564459448427416,0.5583736032791964
Full Model,D:\A题代码_公式包\clear text\cam16_17-02_07-12 - .jpeg,0.5214969515800476,0.535148561000824,0.9729973836378617,0.19128926270793972,0.17826183872631446,7.296845436096191,7.310388088226318,0.3337969183921814,0.3967685103416443,2610.9924743914976,3477.1244849021555,0.03925189393939394,0.010564630681818182,0.09748320281505585,0.1234910786151886,1.18865238246547,0.9664789026976544,0.47241558308287956
Full Model,D:\A题代码_公式包\clear text\cam16_17-02_09-32 - .jpeg,0.5121505260467529,0.5284662246704102,0.9608476812189275,0.184891357390776,0.17348322056287077,7.1986236572265625,7.222437858581543,0.30717891454696655,0.37073224782943726,2400.3252544349743,3225.556793471267,0.018341619318181818,0.006957267992424242,0.09073063731193542,0.11646302044391632,1.2068935558375606,0.9653231259068511,0.45855983029895386
Full Model,D:\A题代码_公式包\clear text\cam16_17-02_09-54 - .jpeg,0.5195394158363342,0.5348931550979614,0.9725330092690206,0.191569556476055,0.1797410890231986,7.229541778564453,7.283924579620361,0.33107441663742065,0.39669302105903625,2571.813939088545,3451.6743475270246,0.04040601325757576,0.0076171875,0.09767834097146988,0.12448755651712418,1.1981990343242435,0.9660543570784487,0.47381597747290927
Full Model,D:\A题代码_公式包\clear text\cam172_02-02_23-05.jpeg,0.303230345249176,0.3684695065021515,0.669944557276639,0.14421556929375962,0.13658700744215277,6.593408107757568,6.457991123199463,0.13552939891815186,0.15299320220947266,1463.1462593047002,1655.9638594555047,0.005699573863636363,0.0071081912878787875,0.03225869685411453,0.04036983102560043,1.128856200031436,0.9468814574430249,0.27256806967649705
Full Model,D:\A题代码_公式包\clear text\cam174_02-02_09-49.jpeg,0.3685796856880188,0.4427109658718109,0.8049290288578379,0.21444844507711122,0.20339710040835127,7.289556503295898,7.249445915222168,0.3065880239009857,0.3437284231185913,4852.41622331043,5736.954054583784,0.011103219696969696,0.014074337121212121,0.09486547857522964,0.11733163893222809,1.121141068557056,0.9431282992280062,0.47743979304404943
Full Model,D:\A题代码_公式包\clear text\cam174_03-02_10-20.jpeg,0.38589370250701904,0.43620485067367554,0.7930997284975918,0.1710570666819964,0.17234305294070118,6.943169593811035,6.908032417297363,0.29496532678604126,0.3353778123855591,4591.012440419262,5402.586084678797,0.011055871212121211,0.01405066287878788,0.08838708698749542,0.10986631363630295,1.1370075786622458,0.96819082678035,0.45174716821795885
Full Model,D:\A题代码_公式包\clear text\cam174_03-02_11-43.jpeg,0.38417521119117737,0.4355330169200897,0.7918782125819812,0.1736500583676745,0.17505179094493853,6.905926704406738,6.902835369110107,0.30560460686683655,0.34554576873779297,4737.675499697879,5597.388678465564,0.010759943181818181,0.013849431818181818,0.09287196397781372,0.11495784670114517,1.130695562793968,0.9684136680528885,0.45783779909318656
Full Model,D:\A题代码_公式包\clear text\cam178_02-02_19-37.jpeg,0.3009842038154602,0.38041189312934875,0.6916579875079067,0.1888092288084913,0.1753889980005703,6.951822757720947,6.855267524719238,0.26904359459877014,0.30281493067741394,4393.992903622154,5074.03914171105,0.015293560606060606,0.015459280303030303,0.0792446956038475,0.09900182485580444,1.125523598359982,0.9252369493485813,0.41118036677827186
Full Model,D:\A题代码_公式包\clear text\cam178_02-02_22-47.jpeg,0.2949715256690979,0.37582919001579285,0.6833258000287142,0.1823850460281181,0.17024603944578967,6.936999320983887,6.835247039794922,0.23200128972530365,0.25657713413238525,4237.0311577237,4893.923222086252,0.01631155303030303,0.014831912878787878,0.06923611462116241,0.08595866709947586,1.1059298031244107,0.9304766385544395,0.38932571636819413
Full Model,D:\A题代码_公式包\clear text\cam180_02-02_09-53.jpeg,0.5271103382110596,0.5400387048721313,0.981888554312966,0.23106485668317708,0.20808473036987649,7.105423927307129,7.070246696472168,0.25584617257118225,0.2721378207206726,1809.5451121703763,2073.2982421869397,0.11027166193181819,0.012417140151515151,0.05349463224411011,0.061969418078660965,1.0636774390237484,0.9855006694806411,0.3995071231206399
Full Model,D:\A题代码_公式包\clear text\cam180_02-02_23-00.jpeg,0.32709214091300964,0.40372416377067566,0.7340439341285012,0.19513119617066604,0.17320036716231696,7.053857803344727,6.9428205490112305,0.1996372789144516,0.20939254760742188,1497.2933043506628,1693.6637901655045,0.027965198863636364,0.007880563446969698,0.04130283743143082,0.048950884491205215,1.0488649876430272,0.9392171505817377,0.30637448681038865
Full Model,D:\A题代码_公式包\clear text\cam180_03-02_09-01.jpeg,0.5312613844871521,0.5437697768211365,0.9886723214929753,0.23428719155188468,0.2102245892267823,7.429990768432617,7.324756622314453,0.2657163441181183,0.28246694803237915,1949.021088991472,2256.683437185568,0.020978338068181817,0.009738991477272727,0.05881229415535927,0.0686076432466507,1.063039366711432,0.9828506829046469,0.41345249811357665
Full Model,D:\A题代码_公式包\clear text\cam180_03-02_10-31.jpeg,0.5230116844177246,0.5373280644416809,0.9769601171666925,0.2283987192100329,0.20520790243279438,7.403241157531738,7.30172061920166,0.2583339810371399,0.2773284912109375,1883.7184565668917,2184.7478351266454,0.0699899384469697,0.009194483901515152,0.05617697164416313,0.06558699160814285,1.0735269080965766,0.9830687268031987,0.4084966181077803
Full Model,D:\A题代码_公式包\clear text\cam180_17-02_07-15.jpeg,0.43628180027008057,0.48237842321395874,0.877051678570834,0.19030905554744892,0.17886053485463865,7.207810401916504,7.151244163513184,0.2548212707042694,0.28401583433151245,1870.4819195446998,2246.867795560984,0.00791607481060606,0.007892400568181818,0.05716150254011154,0.06885352730751038,1.1145687387188632,0.9747068245478437,0.38707436114088517
Full Model,D:\A题代码_公式包\clear text\cam181_17-02_08-14.jpeg,0.5189782381057739,0.5326955914497375,0.9685374389995227,0.22625086604886982,0.20082883493986275,7.127389430999756,7.0972819328308105,0.1694244146347046,0.19158093631267548,1761.491578103338,2012.3099825078702,0.09261067708333333,0.009703480113636363,0.04160260409116745,0.05057399719953537,1.1307752811230902,0.9721153737306295,0.38726015498445715
Full Model,D:\A题代码_公式包\clear text\cam187_17-02_19-15.jpeg,0.3265188932418823,0.4045971632003784,0.7356312058188699,0.21037328680019104,0.185073482644118,7.1766228675842285,7.108062267303467,0.196961909532547,0.21354174613952637,1902.739156182861,2195.6165399892575,0.03290719696969697,0.0099609375,0.04800891503691673,0.05834941938519478,1.0841778278991647,0.9168219340785272,0.33196156919850917
Full Model,D:\A题代码_公式包\clear text\cam18_02-02_09-56 - .jpeg,0.4011119604110718,0.4632315933704376,0.842239260673523,0.2757359916361135,0.23900599355030297,7.404263019561768,7.540186405181885,0.30716419219970703,0.35681062936782837,3104.6452149291404,4170.785565174487,0.08609375,0.00802662037037037,0.10063394904136658,0.12647882103919983,1.161628366703651,0.9344426253818545,0.4772863722798026
Full Model,D:\A题代码_公式包\clear text\cam18_02-02_22-31 - .jpeg,0.24622124433517456,0.3640536963939667,0.6619158116253939,0.16670036316234285,0.15904296591820768,6.522079944610596,6.771250247955322,0.2621346712112427,0.3092655837535858,2688.8106180166737,3551.833483505739,0.01988136574074074,0.01673321759259259,0.08234545588493347,0.10701963305473328,1.1797966334456478,0.8459268318031712,0.36111378102831926
Full Model,D:\A题代码_公式包\clear text\cam18_03-02_03-08.jpeg,0.2878369688987732,0.3828965425491333,0.696175531907515,0.15184147780597765,0.14961464791749926,6.688593864440918,6.816763401031494,0.2554536461830139,0.3069325387477875,2461.488052654996,3250.196576860685,0.019539930555555557,0.01730324074074074,0.07903289794921875,0.10342688858509064,1.2015195618613421,0.9017803258422143,0.368672604498565
Full Model,D:\A题代码_公式包\clear text\cam190_31-01_00-14.jpeg,0.3550992012023926,0.426075279712677,0.7746823267503218,0.18807154407989152,0.16966426563211587,7.141602993011475,7.071681976318359,0.18009787797927856,0.19570447504520416,1327.6102322630097,1501.5734229988173,0.021549479166666666,0.006788589015151515,0.03556590899825096,0.044228117913007736,1.0866562139295846,0.9473223999861011,0.3168084518039074
Full Model,D:\A题代码_公式包\clear text\cam195_30-01_19-39.jpeg,0.3143550157546997,0.4017654061317444,0.7304825566031716,0.25411623528503674,0.22168601457686832,7.529986381530762,7.591358184814453,0.32909077405929565,0.3448822498321533,1870.3928576067372,2159.3608889215557,0.041178385416666664,0.008901515151515152,0.06834065169095993,0.07994671911001205,1.0479852434500718,0.8638742449075989,0.3728659111939356
Full Model,D:\A题代码_公式包\clear text\cam197_02-02_22-00.jpeg,0.31029653549194336,0.40236952900886536,0.7315809618343005,0.17865397872362127,0.16822907954419133,7.126138687133789,7.188159465789795,0.28226909041404724,0.3243153691291809,2636.51371433396,3366.4270262549885,0.018880208333333332,0.01562789351851852,0.08560316264629364,0.1075892448425293,1.1489581563432725,0.9028514352664575,0.3870652292839985
Full Model,D:\A题代码_公式包\clear text\cam204_02-02_09-57.jpeg,0.4257877469062805,0.4729805886745453,0.8599647066809913,0.20717410674942752,0.19441141601338163,7.178328514099121,7.249944686889648,0.3610683083534241,0.4010457694530487,4034.321044557163,5095.851935730658,0.036278935185185185,0.010870949074074075,0.11912862211465836,0.1432645618915558,1.110719933417942,0.9516176191096709,0.477107562492616
Full Model,D:\A题代码_公式包\clear text\cam204_02-02_21-05.jpeg,0.26526734232902527,0.3612443804740906,0.6568079644983464,0.18534726480973499,0.16596639097194354,6.853494167327881,6.874513149261475,0.22271335124969482,0.25606104731559753,2276.2940834101923,2724.7777641762227,0.028489583333333332,0.009496527777777777,0.06401500105857849,0.08067814260721207,1.1497337693903076,0.8647811550832867,0.3324394103288246
Full Model,D:\A题代码_公式包\clear text\cam204_02-02_23-56.jpeg,0.29014813899993896,0.38238444924354553,0.6952444531700828,0.1927312642311601,0.1722734194629909,7.029225826263428,7.046557426452637,0.24639052152633667,0.2807234823703766,2385.3649703569745,2859.5618210671923,0.031689814814814816,0.010104166666666666,0.07051670551300049,0.08823826164007187,1.1393436879910248,0.874769021949979,0.3533062427618263
Full Model,D:\A题代码_公式包\clear text\cam208_02-02_23-43.jpeg,0.2645230293273926,0.36785146594047546,0.6688208471645007,0.18412944294389857,0.16889941734322678,6.854110240936279,6.8897199630737305,0.25712135434150696,0.29514190554618835,2526.4917126608766,3129.4091017211076,0.02572337962962963,0.012757523148148148,0.07683345675468445,0.09677180647850037,1.1478699909004801,0.8737473994026974,0.35402760658675414
Full Model,D:\A题代码_公式包\clear text\cam20_02-02_09-48 - .jpeg,0.433753103017807,0.4873720705509186,0.8861310373653064,0.24604119226784882,0.22475782402121683,7.623144149780273,7.611506462097168,0.4295238256454468,0.4780440032482147,3595.1952484886096,4489.020316118174,0.009824810606060606,0.010023082386363636,0.12228293716907501,0.145562082529068,1.112962763151543,0.9474105411072656,0.5076637945002155
Full Model,D:\A题代码_公式包\clear text\cam20_02-02_20-27 - .jpeg,0.3118704557418823,0.403707891702652,0.7340143485502763,0.2097366545430236,0.18828700733190773,7.316989421844482,7.335463047027588,0.2274230420589447,0.2551027834415436,1925.6879524061414,2283.553932853038,0.02996863162878788,0.011440577651515151,0.05418739467859268,0.06719949096441269,1.1217103731206033,0.89708160277965,0.3552624626315503
Full Model,D:\A题代码_公式包\clear text\cam20_03-02_09-37 - .jpeg,0.42841875553131104,0.48448115587234497,0.880874828858809,0.2442927569216675,0.22383164884077367,7.590270519256592,7.637470245361328,0.45308756828308105,0.5041316151618958,3804.178465180402,4739.5609666295395,0.03676313920454546,0.010227272727272727,0.12975367903709412,0.15428847074508667,1.1126582001806824,0.9483916362026592,0.5185086051429113
Full Model,D:\A题代码_公式包\clear text\cam213_03-02_09-42.jpeg,0.5103495121002197,0.5303766131401062,0.964321114800193,0.22963389001717865,0.2059441592013794,7.4589972496032715,7.2995781898498535,0.25393420457839966,0.2784806489944458,1751.858736912716,2029.3203799620278,0.04533617424242424,0.00809659090909091,0.053465258330106735,0.06372353434562683,1.0966646299061638,0.973432870258117,0.4071845445354451
Full Model,D:\A题代码_公式包\clear text\cam217_02-02_10-12.jpeg,0.429484099149704,0.466068834066391,0.8473978801207108,0.16727344484763587,0.15690828747870691,7.160552024841309,7.053950309753418,0.2021077275276184,0.22920876741409302,1477.9653163205735,1724.8621729980466,0.00537109375,0.006599195075757576,0.041851941496133804,0.051539093255996704,1.134092002369462,0.9722465217444406,0.35014831355491105
Full Model,D:\A题代码_公式包\clear text\cam217_02-02_22-14.jpeg,0.32912367582321167,0.41131988167762756,0.7478543303229592,0.18497688819934538,0.17484525989385147,6.940121650695801,6.94216251373291,0.25151681900024414,0.2797192335128784,1650.60771162858,1972.172511850432,0.006995738636363637,0.0075994318181818185,0.053312722593545914,0.06557883322238922,1.112129405961099,0.9374295534363191,0.3452790309459228
Full Model,D:\A题代码_公式包\clear text\cam219_12-02_14-11.jpeg,0.5230683088302612,0.5298646688461304,0.9633903069929642,0.24670342007792379,0.21626987107065196,7.45262336730957,7.336909294128418,0.16899456083774567,0.18538804352283478,2029.9695992823058,2255.9501650197317,0.06899562026515152,0.010289417613636364,0.04131763428449631,0.04864935204386711,1.0970060190858737,0.9713900656165592,0.39581678518860264
Full Model,D:\A题代码_公式包\clear text\cam219_17-02_07-23.jpeg,0.5172582268714905,0.5294199585914612,0.9625817428935657,0.23336481924995353,0.2077879994514272,7.464069843292236,7.318052291870117,0.18067467212677002,0.20161506533622742,2079.79708100135,2342.53302999309,0.022676964962121213,0.010493607954545455,0.04498787224292755,0.05376443639397621,1.1159011349111807,0.9690196992089032,0.4008903590895705
Full Model,D:\A题代码_公式包\clear text\cam223_02-02_20-10.jpeg,0.2088296115398407,0.33453816175460815,0.6082512031901965,0.1546348194056408,0.14142263392831958,6.307554244995117,6.398627281188965,0.14892050623893738,0.17499573528766632,1687.4899537020624,2024.4903989706575,0.01894675925925926,0.010746527777777778,0.04401829466223717,0.05734676495194435,1.1750950064827717,0.8240720277309839,0.2680068116184028
Full Model,D:\A题代码_公式包\clear text\cam223_17-02_07-40.jpeg,0.4101335406303406,0.45110297203063965,0.8201872218738901,0.17385384198198783,0.16519940973526395,7.011262893676758,7.001748085021973,0.21184377372264862,0.24566210806369781,1786.9067187135297,2199.784768482048,0.008278356481481482,0.00818287037037037,0.05599761754274368,0.07062520831823349,1.1596381090371688,0.96648267039631,0.365127518524487
Full Model,D:\A题代码_公式包\clear text\cam223_17-02_20-11.jpeg,0.24764880537986755,0.3488580286502838,0.6342873248186978,0.1924282372189158,0.16189370766489178,6.585716247558594,6.4950032234191895,0.14304658770561218,0.15526749193668365,1440.3654890036164,1659.1285964576416,0.030338541666666666,0.008891782407407407,0.03455556556582451,0.04345083609223366,1.0854331040101148,0.8494703706737883,0.25576846950289917
Full Model,D:\A题代码_公式包\clear text\cam223_17-02_20-42.jpeg,0.2897794544696808,0.37078893184661865,0.6741616942665793,0.16807233772777352,0.14760080962323308,6.905741214752197,6.748536109924316,0.13688693940639496,0.15246649086475372,1413.7927574568303,1625.2710282900377,0.01659722222222222,0.00916087962962963,0.03332369774580002,0.04199943318963051,1.1138132875096867,0.9190678287294124,0.27654059986882246
Full Model,D:\A题代码_公式包\clear text\cam23_03-02_01-52 - .jpeg,0.2966262996196747,0.36880114674568176,0.6705475395376032,0.13466613120687704,0.13514421723806017,6.550930500030518,6.607390880584717,0.16670888662338257,0.1987343430519104,1698.5361129917642,2072.9914178859544,0.008153935185185186,0.008689236111111111,0.04665429890155792,0.06095457822084427,1.1921041046337104,0.9396900569245208,0.30689228321801615
Full Model,D:\A题代码_公式包\clear text\cam23_17-02_19-25 - .jpeg,0.28572556376457214,0.36178508400917053,0.6577910618348555,0.16026653537510654,0.14301844731343094,6.5880560874938965,6.420782089233398,0.13315512239933014,0.15299542248249054,1628.6478066003033,1931.9153554560155,0.014554398148148148,0.007664930555555556,0.039349716156721115,0.05026884749531746,1.1490014080467292,0.928216547781657,0.27931715097948717
Full Model,D:\A题代码_公式包\clear text\cam245_02-02_22-06.jpeg,0.2840006351470947,0.3940705358982086,0.7164918834512883,0.23084423765321924,0.20051277449431495,7.325503826141357,7.445534706115723,0.27257803082466125,0.31555336713790894,1042.9568289361032,1401.9656488926857,0.024849076704545454,0.002107007575757576,0.06421543657779694,0.08096477389335632,1.1576624882525322,0.8296744118127453,0.35145839068758467
Full Model,D:\A题代码_公式包\clear text\cam245_17-02_08-16.jpeg,0.44812455773353577,0.5034124851226807,0.915295427495783,0.2241473731888966,0.2119792658987959,7.674623012542725,7.642426013946533,0.44583937525749207,0.5016945600509644,3742.2073267323785,4891.5972945115755,0.014527107007575757,0.012553267045454546,0.12536169588565826,0.15197493135929108,1.1252808954833255,0.94835076482515,0.525587207345335
Full Model,D:\A题代码_公式包\clear text\cam245_17-02_09-21.jpeg,0.46433645486831665,0.5044121742248535,0.9171130440451881,0.1960719750975638,0.18806742803294924,7.488080024719238,7.440124988555908,0.3607501983642578,0.3984551429748535,3017.6789189265646,3853.366827835209,0.013109611742424242,0.012733783143939394,0.09459865093231201,0.1129888966679573,1.1045181565241968,0.9705346794936031,0.46351340825664816
Full Model,D:\A题代码_公式包\clear text\cam245_17-02_20-38.jpeg,0.3003353774547577,0.3987252116203308,0.7249549302187832,0.23320459056242654,0.20739560941148333,7.408227920532227,7.514146327972412,0.2427177131175995,0.270226389169693,2052.6313491078577,2485.8280497047767,0.04315814393939394,0.011091382575757576,0.06132237985730171,0.0759987011551857,1.1133361023312156,0.8368714757028828,0.36375478495844843
Full Model,D:\A题代码_公式包\clear text\cam245_17-02_20-47.jpeg,0.3330221474170685,0.42375651001930237,0.770466381853277,0.23570241657401403,0.20951737540740256,7.497023582458496,7.571253299713135,0.2533687651157379,0.2818659842014313,2196.9403823276657,2669.4418822817543,0.048384232954545456,0.015255089962121212,0.06717271357774734,0.08192050457000732,1.112473320040834,0.8740567643973491,0.3847607944859047
Full Model,D:\A题代码_公式包\clear text\cam252_03-02_01-47.jpeg,0.32606789469718933,0.41635626554489136,0.7570113918998024,0.22083260660393533,0.2016749380595545,7.4488115310668945,7.5290727615356445,0.3290231227874756,0.3769172430038452,2079.8479314356055,2620.282663988651,0.027681107954545453,0.011203835227272727,0.0756518542766571,0.09565788507461548,1.1455646592024886,0.8809374071706516,0.4077217215519391
Full Model,D:\A题代码_公式包\clear text\cam255_17-02_08-11.jpeg,0.472038596868515,0.493933767080307,0.8980613946914672,0.1945828015747981,0.18000651813896376,7.277055263519287,7.208462238311768,0.3116835057735443,0.37009021639823914,2486.0959367340397,3161.0204195796296,0.02888849431818182,0.010138494318181817,0.08660878986120224,0.10987866669893265,1.1873911328138873,0.9548727965662964,0.44353630097880525
Full Model,D:\A题代码_公式包\clear text\cam255_17-02_09-21.jpeg,0.4791506826877594,0.4999735951423645,0.9090429002588445,0.19607765503569688,0.18074381259570904,7.303783416748047,7.255787372589111,0.2990362048149109,0.3543654978275299,2223.0226385068936,2758.206609752145,0.02648259943181818,0.009141216856060607,0.07728057354688644,0.09775399416685104,1.185025405723679,0.9543956999647694,0.4343954162012383
Full Model,D:\A题代码_公式包\clear text\cam255_17-02_09-32.jpeg,0.4712257981300354,0.4947313666343689,0.8995115756988524,0.19420167823386705,0.18209596114835452,7.237849235534668,7.216545104980469,0.32556527853012085,0.38573649525642395,2758.408625967684,3577.8010935650364,0.03104285037878788,0.010224313446969696,0.09560458362102509,0.12123680859804153,1.184820712906307,0.9549249220223615,0.4567531523433145
Full Model,D:\A题代码_公式包\clear text\cam281_17-02_19-39.jpeg,0.2697230875492096,0.3661659359931946,0.6657562472603538,0.181337725350045,0.16298030635125063,7.0127668380737305,7.015295028686523,0.2684192657470703,0.3098166584968567,2217.0226248423173,2732.283328393878,0.023763020833333332,0.009330610795454546,0.07427991926670074,0.09332497417926788,1.1542266075786431,0.8756451832272772,0.3504849518162296
Full Model,D:\A题代码_公式包\clear text\cam287_02-02_20-52.jpeg,0.31795287132263184,0.41248244047164917,0.7499680735848167,0.20329115406557843,0.18460101322072248,7.414028167724609,7.431735038757324,0.2712878882884979,0.2996981143951416,1925.724907618112,2412.632011767643,0.025423177083333335,0.009132339015151515,0.06484318524599075,0.07899633795022964,1.1047235064080996,0.9000748150100856,0.36846724437463785
Full Model,D:\A题代码_公式包\clear text\cam287_02-02_21-07.jpeg,0.3377175033092499,0.4263489842414856,0.7751799713481555,0.23704096323110108,0.21236979756387486,7.546860218048096,7.603761672973633,0.3681195080280304,0.41656649112701416,2685.0351724086845,3448.060926725661,0.04373224431818182,0.01180752840909091,0.0992831438779831,0.12226572632789612,1.1316066730977468,0.8896779578686149,0.44150736574932986
Full Model,D:\A题代码_公式包\clear text\cam287_02-02_22-34.jpeg,0.30875369906425476,0.4074591100215912,0.740834745493802,0.20372196170321052,0.1869168937401587,7.373979568481445,7.4137115478515625,0.3406059145927429,0.39678922295570374,2563.207676385401,3273.9360906264674,0.028776041666666665,0.01435842803030303,0.09488378465175629,0.11878922581672668,1.1649510716349352,0.8788483194031419,0.4169875601392177
Full Model,D:\A题代码_公式包\clear text\cam287_03-02_00-16.jpeg,0.30909162759780884,0.40788695216178894,0.7416126402941616,0.2116899703075038,0.19227099677804355,7.372553825378418,7.427464008331299,0.32883960008621216,0.37264832854270935,2571.428705036585,3212.86537262039,0.03270596590909091,0.015772964015151516,0.09077692031860352,0.11106781661510468,1.133222193147728,0.880365424938979,0.40643058479128874
Full Model,D:\A题代码_公式包\clear text\cam287_03-02_08-01.jpeg,0.4388352334499359,0.4911510944366455,0.8930019898848099,0.22975276156326388,0.21441576362779294,7.586516380310059,7.600577354431152,0.48270517587661743,0.5386350750923157,3816.184644633513,4986.5527207839505,0.03967211174242424,0.013112571022727273,0.13814319670200348,0.1655563861131668,1.1158676079634657,0.9535901992904859,0.5300258822291029
Full Model,D:\A题代码_公式包\clear text\cam291_02-02_23-16.jpeg,0.2902068793773651,0.380585640668869,0.6919738921252163,0.1728145143973026,0.16915984125011962,7.196248531341553,7.2492995262146,0.3090861439704895,0.3657960593700409,2472.622299067915,3185.7173704708166,0.009845525568181818,0.009978693181818182,0.08340784162282944,0.10696844011545181,1.1834761004025187,0.8960099957270369,0.39554126892332303
Full Model,D:\A题代码_公式包\clear text\cam291_02-02_23-35.jpeg,0.2977786660194397,0.38460659980773926,0.6992847269231622,0.17064208080863402,0.16791278701431656,7.183636665344238,7.226757049560547,0.3093957006931305,0.3666052520275116,2486.8772401885008,3205.2880063079806,0.009978693181818182,0.010020123106060605,0.0834631472826004,0.10691029578447342,1.1849073459120762,0.9036703969360392,0.3977653301557144
Full Model,D:\A题代码_公式包\clear text\cam291_02-02_23-53.jpeg,0.292831689119339,0.3823406398296356,0.6951647996902466,0.17178168429296903,0.1680204603788593,7.199439525604248,7.2404913902282715,0.3051948845386505,0.36001691222190857,2492.5123129803414,3187.1742591588095,0.009599905303030303,0.01006155303030303,0.08297672122716904,0.10589715093374252,1.1796296466946479,0.8988215434177929,0.39364920488664285
Full Model,D:\A题代码_公式包\clear text\cam291_12-02_13-38.jpeg,0.4670604467391968,0.4994417130947113,0.9080758419903842,0.2048011086642606,0.19480101094374086,7.311505317687988,7.338490009307861,0.4157518148422241,0.4682684540748596,3567.4021881733697,4564.697961446371,0.03209339488636364,0.01279888731060606,0.12134191393852234,0.14738228917121887,1.126317239360346,0.9539991693940576,0.49487076232194693
Full Model,D:\A题代码_公式包\clear text\cam291_17-02_09-00.jpeg,0.47112372517585754,0.5056511163711548,0.9193656661293723,0.20625417009820401,0.19665874123047844,7.434890270233154,7.4386796951293945,0.42544466257095337,0.48197200894355774,3642.7487620890174,4678.717406358106,0.02138080018939394,0.014293323863636364,0.12374772131443024,0.15094652771949768,1.1328665191258098,0.9519786362748698,0.5067603603792109
Full Model,D:\A题代码_公式包\clear text\cam291_17-02_19-30.jpeg,0.26947835087776184,0.37181779742240906,0.6760323589498346,0.19040500068657562,0.1784816237774222,7.047173976898193,7.147342681884766,0.3061869442462921,0.3479813039302826,2675.673807640522,3318.7257859073634,0.022419507575757575,0.010825047348484848,0.08754818886518478,0.1075998917222023,1.1364994963745614,0.879549003478123,0.38046873007026494
Full Model,D:\A题代码_公式包\clear text\cam294_03-02_07-23.jpeg,0.49264582991600037,0.5224561095237732,0.9499201991341331,0.2277430572378335,0.2091345180812284,7.5054707527160645,7.463338851928711,0.3808749318122864,0.4414446949958801,3333.5596593335836,4396.556425988474,0.008928148674242424,0.01035748106060606,0.11325427144765854,0.14010098576545715,1.1590279588880545,0.9614442143640075,0.5095402170405839
Full Model,D:\A题代码_公式包\clear text\cam296_17-02_20-02.jpeg,0.24301299452781677,0.3536348342895508,0.6429724259810013,0.19912933763027613,0.17950278404423894,6.978327751159668,7.131595134735107,0.2817787528038025,0.33013954758644104,2345.76176186798,2929.7096681557978,0.030705492424242423,0.011736505681818181,0.07615751773118973,0.09771709889173508,1.1716267998925036,0.8049491336099132,0.359929314909448
Full Model,D:\A题代码_公式包\clear text\cam2_02-02_21-12 - .jpeg,0.31960001587867737,0.39893871545791626,0.7253431190143931,0.17876810955986663,0.16178707600350697,7.182704925537109,7.058511734008789,0.22403186559677124,0.25948891043663025,1614.6317330262857,1937.2195036450344,0.013914535984848484,0.00839251893939394,0.05442877858877182,0.0685732439160347,1.1582678582339034,0.9198287331087438,0.3395634125177801
Full Model,D:\A题代码_公式包\clear text\cam301_17-02_19-26.jpeg,0.2713843286037445,0.35760802030563354,0.6501964005556973,0.18047690387680548,0.16118022491167602,7.052769660949707,7.004670143127441,0.17513437569141388,0.19624248147010803,1619.7205659617978,1843.2575010802707,0.024946732954545456,0.00878314393939394,0.03961608186364174,0.049593571573495865,1.1205251419238433,0.8776545879067911,0.2956845359286188
Full Model,D:\A题代码_公式包\clear text\cam313_02-02_10-18.jpeg,0.46594738960266113,0.49357351660728455,0.8974063938314264,0.19423490619887596,0.17967839866890634,7.119455814361572,7.095830917358398,0.31757307052612305,0.36450621485710144,2420.500689251657,3097.199868572084,0.035970052083333336,0.009996448863636364,0.08876713365316391,0.10924573987722397,1.1477868800179079,0.9697087085212156,0.4311074931893153
Full Model,D:\A题代码_公式包\clear text\cam313_02-02_10-29.jpeg,0.4618646800518036,0.4925096333026886,0.8954720605503428,0.19518125885984933,0.18123273156780553,7.063117980957031,7.089203357696533,0.3208010196685791,0.3678737282752991,2508.803414356207,3218.622912738465,0.040077533143939394,0.010505445075757576,0.09101385623216629,0.11178635060787201,1.1467349011140202,0.9693463075632653,0.43439545548817143
Full Model,D:\A题代码_公式包\clear text\cam313_03-02_00-03.jpeg,0.28337886929512024,0.3786158263683319,0.6883924115787852,0.17176583181629393,0.1623347385166031,7.0388312339782715,7.07778787612915,0.2820214629173279,0.33395740389823914,2029.4458177115614,2569.334115136228,0.01591796875,0.010117779356060607,0.07739301025867462,0.09903111308813095,1.184156022026065,0.8929295293609419,0.3655768269622526
Full Model,D:\A题代码_公式包\clear text\cam313_03-02_10-22.jpeg,0.4503353238105774,0.4849381744861603,0.8817057717930186,0.19936505780768696,0.1821863397351429,7.4006876945495605,7.309866905212402,0.3163479268550873,0.3641400635242462,2333.760353407811,3006.7866838579466,0.02003136837121212,0.008942945075757576,0.0869036465883255,0.10739565640687943,1.151074520795607,0.964112516641883,0.43254493414582446
Full Model,D:\A题代码_公式包\clear text\cam315_02-02_22-54.jpeg,0.3443772792816162,0.42199578881263733,0.7672650705684314,0.2081517827471672,0.1880936782886298,7.252663612365723,7.259950637817383,0.23712094128131866,0.2697783410549164,1877.0940315372688,2266.058779997383,0.028870738636363635,0.01036339962121212,0.060689639300107956,0.07632047683000565,1.1377247156082197,0.9177533453061161,0.36731373806965223
Full Model,D:\A题代码_公式包\clear text\cam315_03-02_00-21.jpeg,0.35004109144210815,0.42367058992385864,0.7703101634979248,0.2099377502393732,0.18431053761774172,7.267601013183594,7.214795112609863,0.22113041579723358,0.250503808259964,1788.4567619554134,2123.1883285956474,0.03188032670454546,0.011408025568181818,0.057260945439338684,0.07140309363603592,1.1328328274085986,0.9189359887229165,0.3564678477970928
Full Model,D:\A题代码_公式包\clear text\cam315_31-01_03-02.jpeg,0.34420278668403625,0.420884370803833,0.7652443105524236,0.21382199416934444,0.1945789276000781,7.4153337478637695,7.470371246337891,0.22101029753684998,0.25578638911247253,1776.480110472083,2143.432729200454,0.02138671875,0.007856889204545454,0.0560099296271801,0.0717955008149147,1.1573506446846187,0.9043009549422965,0.3714829779481382
Full Model,D:\A题代码_公式包\clear text\cam320_03-02_00-40.jpeg,0.330578476190567,0.41187024116516113,0.7488549839366565,0.201113293528846,0.18250499446267257,7.290308475494385,7.23160982131958,0.2683147192001343,0.30501317977905273,2056.4398840679523,2532.753279185221,0.019386245265151515,0.010168087121212121,0.0722976103425026,0.08962646871805191,1.1367739598854993,0.9151415940285856,0.37405649963559895
Full Model,D:\A题代码_公式包\clear text\cam323_02-02_19-13.jpeg,0.2641791105270386,0.3566136658191681,0.6483884833075784,0.16945818233878,0.15531523648049853,6.874680519104004,6.7940673828125,0.20774830877780914,0.23529033362865448,2072.0594723163863,2459.9795052652826,0.01572857481060606,0.011046993371212122,0.05726361647248268,0.07070756703615189,1.1325740012830434,0.8966814393155506,0.31464036191380607
Full Model,D:\A题代码_公式包\clear text\cam323_02-02_21-12.jpeg,0.2751135528087616,0.3644847571849823,0.6626995585181497,0.16859555733780343,0.15551860062515172,6.931291580200195,6.9042463302612305,0.21779179573059082,0.24812699854373932,2099.9643757521153,2515.7043277451135,0.017510061553030302,0.011851917613636364,0.060775261372327805,0.07522819936275482,1.1392853480335803,0.9035029754222709,0.3260288947978939
Full Model,D:\A题代码_公式包\clear text\cam327_02-02_20-26.jpeg,0.2902718186378479,0.377053439617157,0.6855517083948308,0.14892003477418542,0.14721273482925026,6.813596248626709,6.876877784729004,0.22460828721523285,0.2576600909233093,1781.0987710012134,2244.5924373514526,0.010715553977272727,0.009925426136363637,0.057094279676675797,0.07188376039266586,1.1471531158206425,0.9310951428928811,0.3276871036596416
Full Model,D:\A题代码_公式包\clear text\cam327_02-02_21-38.jpeg,0.2923278212547302,0.3717755079269409,0.6759554689580743,0.1438644358300394,0.14301691578324618,6.727465629577637,6.753605842590332,0.2170652449131012,0.251364529132843,1762.4051382015339,2234.9647720782136,0.009232954545454546,0.009241832386363636,0.05766313150525093,0.0725768506526947,1.158013659451003,0.9403320553138291,0.32298156144273255
Full Model,D:\A题代码_公式包\clear text\cam327_03-02_01-07.jpeg,0.3074169158935547,0.3846045434474945,0.6992809880863535,0.1534570389872012,0.14801056556060524,6.798798084259033,6.854264259338379,0.21245375275611877,0.2436819225549698,1738.960974525254,2171.194974383695,0.014000355113636363,0.010535037878787878,0.05558641627430916,0.06959370523691177,1.1469880269714403,0.9442807086038884,0.3264576810479664
Full Model,D:\A题代码_公式包\clear text\cam331_17-02_07-45.jpeg,0.5210294723510742,0.5385441184043884,0.9791711243716152,0.2317626948157692,0.21474248862807935,7.505138397216797,7.480112075805664,0.3557065427303314,0.41606733202934265,3336.118863770316,4452.927168483882,0.011840080492424243,0.012100497159090909,0.10812323540449142,0.134841650724411,1.1696926244193326,0.9620393943396122,0.5152894715647358
Full Model,D:\A题代码_公式包\clear text\cam335_02-02_21-18.jpeg,0.2866123914718628,0.38140997290611267,0.6934726780111139,0.20029771093695994,0.1817694382733785,7.153689384460449,7.204423904418945,0.29740363359451294,0.34927305579185486,2704.8390282293763,3424.7048614459563,0.023496685606060608,0.010822088068181818,0.09151406586170197,0.11497363448143005,1.1744074507740214,0.8739076488151191,0.3954143331240106
Full Model,D:\A题代码_公式包\clear text\cam335_17-02_08-17.jpeg,0.5292103886604309,0.5306475162506104,0.9648136659102006,0.18453414734514326,0.17789692811719648,7.003998756408691,7.037743091583252,0.246600940823555,0.2905808985233307,2312.686962445883,2881.068909292475,0.011123934659090909,0.009978693181818182,0.06744281947612762,0.08458054810762405,1.1783446522738015,0.9693658732442858,0.42685173730848547
Full Model,D:\A题代码_公式包\clear text\cam338_17-02_20-48.jpeg,0.2979084253311157,0.378490149974823,0.6881639090451327,0.17363796901448178,0.15561680313154896,6.918959617614746,6.8282880783081055,0.21827130019664764,0.25137218832969666,1765.7460757392955,2075.7004905928725,0.022342566287878788,0.009635416666666667,0.05521482229232788,0.06887082755565643,1.151650226993596,0.92237010109891,0.32511573701962476
Full Model,D:\A题代码_公式包\clear text\cam338_30-01_19-57.jpeg,0.3117820918560028,0.3862384259700775,0.702251683581959,0.17887046376331048,0.15892874848842428,7.072986602783203,6.903955459594727,0.1585526317358017,0.1714800000190735,1509.6167917176188,1681.6828134576942,0.02196081912878788,0.010401870265151516,0.03472014516592026,0.042070046067237854,1.0815336904266675,0.9335574391246613,0.2909905255909344
Full Model,D:\A题代码_公式包\clear text\cam338_30-01_20-09.jpeg,0.3167049288749695,0.39049747586250305,0.7099954106590964,0.18053619027849566,0.1590539191997325,7.037978172302246,6.877902507781982,0.15827886760234833,0.1713423877954483,1499.2990746868543,1682.5476439146212,0.023295454545454546,0.009525923295454545,0.03483080118894577,0.04229835048317909,1.0825348854199874,0.9349487225606791,0.2922049844219367
Full Model,D:\A题代码_公式包\clear text\cam33_03-02_00-20 - .jpeg,0.3419625163078308,0.4246930181980133,0.7721691239963877,0.19075390481825286,0.18092046332265052,7.299097537994385,7.346711158752441,0.3712427616119385,0.43098184466362,2812.973721846054,3683.4130965793406,0.02382220643939394,0.013233901515151514,0.10315130650997162,0.1290661096572876,1.1609165083033934,0.9206032175909796,0.4402869019099694
Full Model,D:\A题代码_公式包\clear text\cam342_12-02_13-39.jpeg,0.5134406685829163,0.5374895334243774,0.9772536971352316,0.27477548955462483,0.24558273081828264,7.603672027587891,7.6169843673706055,0.3860916793346405,0.43310070037841797,3121.2606686724253,3871.8591930705975,0.12429865056818182,0.01776751893939394,0.10338874161243439,0.12333201617002487,1.1217561558655478,0.9651685081417977,0.5127486974313015
Full Model,D:\A题代码_公式包\clear text\cam342_30-01_11-13.jpeg,0.41445720195770264,0.472638875246048,0.859343409538269,0.2824818083016655,0.2554956958018315,7.662540435791016,7.788396835327148,0.6285414695739746,0.7058111429214478,5979.906272242723,7872.989390055022,0.08415601325757575,0.02391690340909091,0.19295933842658997,0.2312278151512146,1.1229348788040805,0.9312322609826622,0.6471959771523594
Full Model,D:\A题代码_公式包\clear text\cam343_02-02_10-02.jpeg,0.4792594313621521,0.5109459161758423,0.9289925748651677,0.2683384435329303,0.23940410867608505,7.577027320861816,7.606942176818848,0.4046594202518463,0.4546607434749603,3348.8807236442794,4255.289365663966,0.034141216856060606,0.012357954545454545,0.11334922164678574,0.1365809142589569,1.1235640285079338,0.9594836819765196,0.5145213138360017
Full Model,D:\A题代码_公式包\clear text\cam343_02-02_10-30.jpeg,0.4957522451877594,0.5236657857894897,0.952119610526345,0.2844903594526183,0.2538512258739419,7.440582275390625,7.54293966293335,0.41251641511917114,0.46079590916633606,3403.4745611325307,4293.277447920231,0.14172289299242424,0.013352272727272727,0.11493540555238724,0.1376841515302658,1.117036543843292,0.9613717554466326,0.5242346974948914
Full Model,D:\A题代码_公式包\clear text\cam343_17-02_07-41.jpeg,0.5166652798652649,0.5422343015670776,0.9858805483037775,0.251740582829906,0.22686687904760128,7.699215888977051,7.635804653167725,0.3767858147621155,0.4235245883464813,3100.5274349744304,4061.715446245878,0.061073626893939394,0.012272135416666666,0.10607830435037613,0.12862332165241241,1.1240460118626765,0.967415167720751,0.5093937794677424
Full Model,D:\A题代码_公式包\clear text\cam346_02-02_10-18.jpeg,0.5031973123550415,0.5279662609100342,0.959938656200062,0.2507783468988353,0.22330392584845096,7.420135498046875,7.345616817474365,0.23392841219902039,0.25167030096054077,1674.5451454619379,1884.248611965048,0.019365530303030305,0.007939749053030304,0.045846421271562576,0.05376242846250534,1.0758432360681132,0.9711328236164041,0.4011943799625086
Full Model,D:\A题代码_公式包\clear text\cam351_02-02_22-35.jpeg,0.2734836935997009,0.3737863302230835,0.6796115094965154,0.18390589103896884,0.16953019291891822,6.8776679039001465,6.929346084594727,0.27980878949165344,0.31202423572540283,2558.679998296934,3183.2487675761918,0.023162286931818182,0.011999881628787878,0.07850117236375809,0.09575114399194717,1.1151337393005887,0.8904858640858135,0.35816867549420767
Full Model,D:\A题代码_公式包\clear text\cam351_03-02_07-27.jpeg,0.4914361536502838,0.5153527855873108,0.9370050647042014,0.19955735516902234,0.18687176200498865,7.392500400543213,7.377381324768066,0.3474911153316498,0.39334020018577576,2721.520790652125,3412.807596994607,0.0363961884469697,0.012186316287878788,0.09533181041479111,0.11618541926145554,1.1319431415749572,0.963638017987767,0.4573367418813811
Full Model,D:\A题代码_公式包\clear text\cam351_03-02_07-44.jpeg,0.5076578855514526,0.5255197286605835,0.9554904157465154,0.20148769625981255,0.18769556958112837,7.394240379333496,7.349678993225098,0.322848916053772,0.361400306224823,2664.073935541402,3340.3263562413067,0.03650864109848485,0.011825284090909091,0.08896245062351227,0.10767383128404617,1.119409999132586,0.9679627491451519,0.4494763071621939
Full Model,D:\A题代码_公式包\clear text\cam351_03-02_09-40.jpeg,0.5125780701637268,0.5226294994354248,0.9502354535189541,0.19330166162358436,0.1785816394669956,7.285239219665527,7.238918304443359,0.24635303020477295,0.27379515767097473,2078.891729063624,2560.7200066751598,0.03258463541666667,0.009126420454545455,0.06356427073478699,0.07675966620445251,1.1113934922575397,0.9748601864564189,0.4047143498180029
Full Model,D:\A题代码_公式包\clear text\cam353_17-02_17-31.jpeg,0.4035477936267853,0.4620141088962555,0.8400256525386463,0.19638598967766824,0.1823827807539154,7.332972049713135,7.313163757324219,0.26675957441329956,0.3024362325668335,2009.997804006326,2487.1519264448098,0.034913589015151514,0.018202533143939395,0.07012960314750671,0.08737486600875854,1.1337409002085128,0.9514991316829838,0.39368678270906765
Full Model,D:\A题代码_公式包\clear text\cam359_02-02_21-03.jpeg,0.2795133590698242,0.37663334608078003,0.6847879019650546,0.1693302498347997,0.16453007825598248,7.134947776794434,7.200011730194092,0.3163103461265564,0.37976735830307007,2386.888250386463,3126.799236361492,0.008365885416666666,0.009360203598484848,0.08561498671770096,0.11058039963245392,1.200616241438004,0.8869220568272892,0.3953158963023474
Full Model,D:\A题代码_公式包\clear text\cam359_02-02_21-18.jpeg,0.26817789673805237,0.36738821864128113,0.6679785793477838,0.16730815093148035,0.1623301755498579,7.053913116455078,7.129937171936035,0.3065095543861389,0.37055498361587524,2316.550377294227,3069.6844032630097,0.007096354166666667,0.008351089015151514,0.08369949460029602,0.10904403030872345,1.2089508997880734,0.880501984312023,0.38732848915201035
Full Model,D:\A题代码_公式包\clear text\cam361_03-02_09-40.jpeg,0.47419866919517517,0.5115039348602295,0.9300071542913263,0.2132292236271494,0.20450150709016124,7.475466728210449,7.468606948852539,0.4472214877605438,0.5099114179611206,3629.071645080936,4708.901410589717,0.01229580965909091,0.011754261363636364,0.1306496411561966,0.15903596580028534,1.1401763956797208,0.9603367522921441,0.522202647501277
Full Model,D:\A题代码_公式包\clear text\cam366_03-02_00-12.jpeg,0.3298685848712921,0.41406014561653137,0.7528366283936934,0.2217964171894714,0.19937371111062965,7.52022647857666,7.536190509796143,0.3269497752189636,0.37322744727134705,2522.113675216582,3104.7895661296793,0.029660866477272726,0.011239346590909092,0.09085330367088318,0.11201445013284683,1.1415436466393845,0.868005780005737,0.4118858351821032
Full Model,D:\A题代码_公式包\clear text\cam366_03-02_00-31.jpeg,0.3378366529941559,0.4235709309577942,0.7701289653778076,0.2454428750535744,0.21206289709432496,7.49220085144043,7.475677490234375,0.33426138758659363,0.37156787514686584,2730.620536017265,3291.4617468829106,0.050612571022727273,0.014311079545454545,0.09259174764156342,0.11112730205059052,1.1116087080549213,0.8784313376047005,0.4177587645110713
Full Model,D:\A题代码_公式包\clear text\cam366_03-02_11-25.jpeg,0.4130368232727051,0.4670901596546173,0.8492548357356677,0.2473256169229226,0.22008697869643962,7.55399227142334,7.50319242477417,0.3815571069717407,0.43508967757225037,3061.211919720442,3979.662229779001,0.060996685606060606,0.01600674715909091,0.10595045238733292,0.1308862268924713,1.1403002496447676,0.9396943502790874,0.47979721703904893
Full Model,D:\A题代码_公式包\clear text\cam366_17-02_20-12.jpeg,0.3232693374156952,0.4103037416934967,0.7460068030790848,0.2568862470934893,0.21612446432954857,7.297445774078369,7.285706520080566,0.2864055931568146,0.3154929578304291,2418.6264164998706,2834.0126553151013,0.06344105113636364,0.014213423295454546,0.07877147197723389,0.09379904717206955,1.101560103031171,0.8735487511204063,0.3850651996396244
Full Model,D:\A题代码_公式包\clear text\cam367_17-02_07-56.jpeg,0.4344330430030823,0.474541038274765,0.8628018877722999,0.21283230234461892,0.19146315026376934,7.478891372680664,7.36527156829834,0.29855358600616455,0.3254399597644806,2056.0511431425184,2394.672256025826,0.026982717803030302,0.009360203598484848,0.06512918323278427,0.07741234451532364,1.0900554422916735,0.9531367710975291,0.399672090243772
Full Model,D:\A题代码_公式包\clear text\cam367_17-02_08-21.jpeg,0.44701141119003296,0.48314934968948364,0.8784533630717883,0.21272651461775616,0.19349348171374098,7.443443298339844,7.376219749450684,0.3380776643753052,0.37124308943748474,2227.9282021247627,2608.5024502790466,0.031809303977272725,0.010171046401515152,0.0748986303806305,0.08920728415250778,1.0981000276910227,0.9531268927979917,0.4203629233644805
Full Model,D:\A题代码_公式包\clear text\cam372_17-02_17-31.jpeg,0.31844067573547363,0.4093575179576874,0.7442863962867043,0.1702434553093139,0.16182745567737933,7.173464775085449,7.156244277954102,0.28000304102897644,0.33636218309402466,2127.0236140941765,2884.257774406193,0.01075402462121212,0.011410984848484849,0.08013971894979477,0.1035965234041214,1.2012804849250565,0.9141270143679103,0.39090910655621103
Full Model,D:\A题代码_公式包\clear text\cam378_12-02_14-57.jpeg,0.4867340922355652,0.5135538578033447,0.9337342869151721,0.21901048753281507,0.20227794013050557,7.239611625671387,7.3042097091674805,0.36875227093696594,0.41298192739486694,3093.986020265129,3933.927920404851,0.06834457859848485,0.01886837121212121,0.10696219652891159,0.12833155691623688,1.1199441133181987,0.9732828577464329,0.4755295065490486
Full Model,D:\A题代码_公式包\clear text\cam378_12-02_15-31.jpeg,0.46088898181915283,0.4964723587036133,0.9026770158247513,0.2230956740329321,0.20130268022734896,7.262061595916748,7.2914628982543945,0.3641960024833679,0.40283823013305664,3021.0432626265706,3814.5690784092753,0.061180160984848485,0.009981652462121212,0.10568156838417053,0.12564919888973236,1.1061028268773596,0.9701515988506412,0.46173836722689016
Full Model,D:\A题代码_公式包\clear text\cam378_17-02_07-10.jpeg,0.5189263820648193,0.5336546897888184,0.9702812541614878,0.20612654742412,0.1913508260671594,7.436758041381836,7.38540506362915,0.31894245743751526,0.3639444410800934,2650.080981911063,3396.291032802478,0.023197798295454545,0.013893821022727272,0.09183260053396225,0.11204931885004044,1.1410974482578964,0.9738150407345042,0.46100788432332507
Full Model,D:\A题代码_公式包\clear text\cam381_02-02_20-53.jpeg,0.31307968497276306,0.3974078595638275,0.7225597446615045,0.20595749467936822,0.17653302901606366,7.239928722381592,7.140571117401123,0.2705526351928711,0.3014586269855499,1894.8237206475599,2209.5196506590532,0.03305220170454545,0.011375473484848485,0.06259524077177048,0.07641825824975967,1.1142328165083784,0.8987035716501172,0.3509734671241466
Full Model,D:\A题代码_公式包\clear text\cam381_17-02_19-22.jpeg,0.3045303225517273,0.3917441666126251,0.7122621211138638,0.1852741850708388,0.1655507855028805,6.889344215393066,6.890711307525635,0.2141096442937851,0.2367570400238037,1520.9457707182742,1753.3425390602579,0.026861387310606062,0.010733309659090908,0.04605850577354431,0.05626712739467621,1.105774822293785,0.9190290027775341,0.31486680321689753
Full Model,D:\A题代码_公式包\clear text\cam386_17-02_07-51.jpeg,0.47268548607826233,0.5172866582870483,0.9405211968855424,0.2272051222841503,0.203943144912138,7.736632347106934,7.6338067054748535,0.3771323561668396,0.4245913028717041,3083.0149368285347,4095.239386260389,0.028172348484848484,0.01229876893939394,0.10218621045351028,0.12445132434368134,1.1258415786522065,0.9569289543748462,0.4925692148616185
Full Model,D:\A题代码_公式包\clear text\cam389_17-02_07-37.jpeg,0.5053406953811646,0.5253600478172302,0.9552000869404185,0.19112089142871522,0.1770644179078444,7.4117631912231445,7.346584320068359,0.30079683661460876,0.34566405415534973,1570.491064881849,1918.9127937699066,0.028255208333333334,0.007560961174242424,0.06190638244152069,0.07684572786092758,1.1491611844902758,0.9740491597150458,0.41848771152965225
Full Model,D:\A题代码_公式包\clear text\cam397_02-02_10-06.jpeg,0.5174899697303772,0.5253631472587585,0.9552057222886519,0.19068385555463085,0.1747390312523796,6.694340705871582,6.731193542480469,0.22267964482307434,0.2532573342323303,2002.3604431698716,2453.55603005968,0.0604788115530303,0.010064512310606061,0.06186491623520851,0.07529059797525406,1.1373169314047507,0.9835994889046089,0.39093033895283913
Full Model,D:\A题代码_公式包\clear text\cam39_03-02_11-49 - .jpeg,0.4025952219963074,0.44870027899742126,0.8158186890862205,0.16424900581189375,0.16408776955304386,6.704395294189453,6.7816057205200195,0.1740119308233261,0.20310361683368683,1577.0649652729555,1869.6388310158059,0.006640625,0.007236689814814815,0.04289533570408821,0.054435279220342636,1.1671821499197867,0.9666122292249828,0.3439642679483913
Full Model,D:\A题代码_公式包\clear text\cam39_17-02_07-10 - .jpeg,0.4023611545562744,0.44867584109306335,0.8157742565328424,0.14927791064242069,0.15186365140501715,6.877497673034668,6.964245796203613,0.2504871189594269,0.3017593324184418,2323.2439857187446,3197.709882433856,0.013967013888888888,0.012743055555555556,0.07891017943620682,0.10391656309366226,1.2046899940475064,0.9564300857556144,0.3994424579172134
Full Model,D:\A题代码_公式包\clear text\cam3_17-02_09-28 - .jpeg,0.5151339173316956,0.5445680022239685,0.9901236404072153,0.2606073546833608,0.23630209945594144,7.494396209716797,7.570077419281006,0.3850322961807251,0.424887478351593,2157.9397855457764,2606.27942033244,0.09704367897727273,0.01229580965909091,0.08156542479991913,0.09690044075250626,1.103511263010164,0.9669846199802495,0.4778201201348094
Full Model,D:\A题代码_公式包\clear text\cam3_17-02_20-15 - .jpeg,0.2505728602409363,0.3520602285861969,0.6401095065203579,0.2586856355612737,0.2285168373265253,7.0806403160095215,7.4116315841674805,0.369961678981781,0.4051547050476074,2238.5862804735466,2608.6698911598214,0.04914180871212121,0.009804095643939394,0.07966461032629013,0.09680179506540298,1.0951262081935005,0.7320281572382136,0.37254877228395694
Full Model,D:\A题代码_公式包\clear text\cam40_02-02_22-05 - .jpeg,0.34241870045661926,0.4077572524547577,0.7413768226450139,0.15601820910029118,0.15031711362085923,6.684545516967773,6.73069953918457,0.21911285817623138,0.255344957113266,2124.8876050087256,2636.3282274878147,0.027523148148148147,0.01987847222222222,0.0639488622546196,0.08191686123609543,1.1653580916634259,0.9319960818167864,0.3457470395019881
Full Model,D:\A题代码_公式包\clear text\cam414_02-02_09-56.jpeg,0.5347455739974976,0.5445728898048401,0.990132526917891,0.31769490433734554,0.2744820792534079,7.335925102233887,7.359914779663086,0.22600753605365753,0.24269366264343262,2039.2052584140995,2326.6543469021713,0.18318832859848486,0.008750591856060606,0.055150341242551804,0.06465258449316025,1.0738299701175453,0.9688576065811221,0.4344070206311178
Full Model,D:\A题代码_公式包\clear text\cam414_02-02_19-51.jpeg,0.2693342864513397,0.35674595832824707,0.6486290151422673,0.28337111239096036,0.23633929905803133,6.7593607902526855,7.033622741699219,0.21568496525287628,0.2218306064605713,1884.2059311509986,2106.4160913914034,0.05762310606060606,0.008034446022727272,0.04951319098472595,0.0585668720304966,1.0284936043088864,0.7606386010029036,0.30436263850532197
Full Model,D:\A题代码_公式包\clear text\cam414_03-02_07-21.jpeg,0.550462543964386,0.5591238737106323,0.9834111387079413,0.26757923611976114,0.24037684359544673,7.306764602661133,7.199872016906738,0.21962101757526398,0.23999394476413727,1941.6451245851401,2252.421537469386,0.009490411931818182,0.009617660984848484,0.05412175506353378,0.06449226289987564,1.0927639876043402,0.9697662182007406,0.41665259768538293
Full Model,D:\A题代码_公式包\clear text\cam424_02-02_10-21.jpeg,0.4497721493244171,0.48933982849121094,0.889708779074929,0.2478822113753413,0.22080774381282736,7.233281135559082,7.250215530395508,0.2521933913230896,0.2723858952522278,2301.205709012034,2646.629481735011,0.06631451231060606,0.010466974431818182,0.05912799760699272,0.06953945755958557,1.0800674943419568,0.9605800109922944,0.40653361016653156
Full Model,D:\A题代码_公式包\clear text\cam429_03-02_10-03.jpeg,0.42824897170066833,0.47121188044548035,0.8567488735372369,0.22562768784460407,0.20325116851775102,7.024917125701904,6.950630187988281,0.2285895198583603,0.2463749498128891,2010.8839473188418,2275.772427343074,0.008117305871212122,0.008768347537878788,0.0524677149951458,0.06160774827003479,1.0778050529892425,0.9636395533189471,0.37181871961233676
Full Model,D:\A题代码_公式包\clear text\cam429_03-02_10-38.jpeg,0.4238038957118988,0.4729174077510834,0.859849832274697,0.21377679749892536,0.19367053704476314,7.102226734161377,7.041939735412598,0.21828758716583252,0.23773892223834991,1971.3242451676633,2244.4638434857943,0.007256155303030303,0.00870028409090909,0.05040080100297928,0.059905000030994415,1.0891087595787472,0.9596574824416862,0.36964902949834155
Full Model,D:\A题代码_公式包\clear text\cam433_02-02_09-49.jpeg,0.4977402985095978,0.5253497362136841,0.9551813385703346,0.3090245793527578,0.2740151586718229,7.2948174476623535,7.283511638641357,0.32652008533477783,0.3715760409832001,3194.2122020393476,3944.308156514855,0.007889441287878787,0.009934303977272727,0.09196880459785461,0.11243744194507599,1.1379883698917606,0.9441710541798723,0.5022457461048343
Full Model,D:\A题代码_公式包\clear text\cam433_03-02_00-47.jpeg,0.2771267592906952,0.3798004984855652,0.6905463608828457,0.22022052577111279,0.19541482163029558,6.950380802154541,7.075812339782715,0.2913786768913269,0.3197577893733978,2679.1758950572284,3147.0725428876713,0.028364701704545456,0.012994199810606061,0.07805654406547546,0.09358248859643936,1.0973960591256424,0.8627289322579502,0.3683797456434948
Full Model,D:\A题代码_公式包\clear text\cam434_02-02_20-34.jpeg,0.24347029626369476,0.35034334659576416,0.6369879029013894,0.1655853542948837,0.15516320359043462,6.864386558532715,6.915858268737793,0.17173747718334198,0.1876560002565384,1565.3804298120554,1794.1812691032524,0.013461766098484849,0.008732836174242425,0.040331799536943436,0.04936426505446434,1.092691022289291,0.8715374690543686,0.27853101976496736
Full Model,D:\A题代码_公式包\clear text\cam437_17-02_07-20.jpeg,0.347660094499588,0.4210132956504822,0.765478719364513,0.19392877203750045,0.17921465389340882,7.265316009521484,7.2237324714660645,0.22836053371429443,0.260666161775589,2084.473134396547,2508.6654163348685,0.00828894412878788,0.0103515625,0.055207509547472,0.06861581653356552,1.1414676289192778,0.9306154733922105,0.36979220553646186
Full Model,D:\A题代码_公式包\clear text\cam440_07-02_08-25.jpeg,0.49253344535827637,0.5194854736328125,0.9445190429687499,0.2887876258788763,0.2553534975690385,7.598449230194092,7.533707618713379,0.32843759655952454,0.360318124294281,2885.565282370792,3582.9815222226466,0.031090198863636363,0.008570075757575757,0.09562495350837708,0.11495058238506317,1.097067197887167,0.9611566613122493,0.4796389489336162
Full Model,D:\A题代码_公式包\clear text\cam443_17-02_10-08.jpeg,0.4109697639942169,0.45283275842666626,0.823332288048484,0.1653319985923061,0.15350205765270336,7.149631023406982,7.047886848449707,0.16133294999599457,0.17590096592903137,1296.3656996095935,1440.7517751502726,0.005548650568181818,0.0065607244318181815,0.0291655994951725,0.0352228507399559,1.0902978224741087,0.975128685485764,0.31717113835463145
Full Model,D:\A题代码_公式包\clear text\cam453_03-02_07-53.jpeg,0.5930256247520447,0.5892980694770813,0.928548964587125,0.24062066978387064,0.21466734241070656,7.178824424743652,7.051407814025879,0.21087075769901276,0.2287692278623581,1777.5681998111438,1993.0145209629982,0.17554154829545454,0.010466974431818182,0.04689515754580498,0.05461833253502846,1.0848789353135049,0.981299106002025,0.3848027916562417
Full Model,D:\A题代码_公式包\clear text\cam453_03-02_08-21.jpeg,0.5832712054252625,0.5835503935813904,0.9389992843974722,0.25218016249383507,0.2262700483209435,7.186433792114258,7.0928239822387695,0.2462356984615326,0.26509201526641846,1863.5245833873403,2105.307430977861,0.17877604166666666,0.01131924715909091,0.05265948548913002,0.061048850417137146,1.0765783261034034,0.9829656882009831,0.4019723958355807
Full Model,D:\A题代码_公式包\clear text\cam453_03-02_08-28.jpeg,0.5249260067939758,0.5328606963157654,0.9688376296650278,0.2496554725866772,0.21784878908716895,7.194462299346924,7.023988246917725,0.21498356759548187,0.22944097220897675,1730.2641971466935,1934.7932834912835,0.13657670454545454,0.009623579545454546,0.045831892639398575,0.05294414609670639,1.0672488783967318,0.9798189490670282,0.3875892896230534
Full Model,D:\A题代码_公式包\clear text\cam459_17-02_08-42.jpeg,0.4502533972263336,0.48969319462776184,0.8903512629595669,0.249640779376998,0.21749129454490201,7.221562385559082,7.292079925537109,0.2380194365978241,0.27104493975639343,1977.4839486751787,2391.0520236264556,0.10799893465909091,0.008448745265151516,0.0625971332192421,0.07745411247015,1.138751311293278,0.9583195332439335,0.4108470997562532
Full Model,D:\A题代码_公式包\clear text\cam45_02-02_22-18 - .jpeg,0.23380766808986664,0.3411014676094055,0.6201844865625554,0.16474016559632854,0.1538230391107027,6.140819549560547,6.369765281677246,0.20726194977760315,0.24073728919029236,2537.638981978596,3117.9878466897258,0.02339988425925926,0.01421875,0.07014638930559158,0.08889167010784149,1.161512176806535,0.8606192070699595,0.3149534687967781
Full Model,D:\A题代码_公式包\clear text\cam460_31-01_00-17.jpeg,0.2238549143075943,0.3387542963027954,0.6159169023687189,0.15543969198853588,0.14813414019192422,6.488635540008545,6.603456497192383,0.2134575992822647,0.2425653636455536,1907.9732007069933,2199.9442087329253,0.01581439393939394,0.011280776515151514,0.05280075594782829,0.06529131531715393,1.1363632477254793,0.8598737695992609,0.29381278553374873
Full Model,D:\A题代码_公式包\clear text\cam461_17-02_17-20.jpeg,0.4751097559928894,0.5148448348045349,0.936081517826427,0.22466751071445276,0.2048885001054964,7.639049530029297,7.579726696014404,0.37569883465766907,0.42268773913383484,2979.2227598668105,3795.0184020480383,0.04172585227272727,0.015003551136363636,0.0990375503897667,0.12141752243041992,1.1250706670965955,0.9464881682885522,0.481735962704919
Full Model,D:\A题代码_公式包\clear text\cam468_30-01_21-35.jpeg,0.30316153168678284,0.37696167826652527,0.6853848695755005,0.16269489234870815,0.14735436245224426,6.407187461853027,6.375799179077148,0.16020824015140533,0.17486533522605896,1379.2283297350825,1574.7593648840812,0.02198449337121212,0.01200284090909091,0.03868498653173447,0.04687780886888504,1.0914878011316231,0.9499179849970347,0.2723096010034439
Full Model,D:\A题代码_公式包\clear text\cam468_30-01_21-52.jpeg,0.29059305787086487,0.37029483914375305,0.6732633438977328,0.15757804209089898,0.1443296489128232,6.36314582824707,6.401205062866211,0.15625520050525665,0.17076587677001953,1403.412619247428,1600.7423309533197,0.02234552556818182,0.012150804924242425,0.03805944323539734,0.04610050469636917,1.0928652231639036,0.9446357199877717,0.2688190405057544
Full Model,D:\A题代码_公式包\clear text\cam469_30-01_19-34.jpeg,0.38139376044273376,0.43942514061927795,0.7989548011259598,0.23067835678564597,0.1981471881491283,7.575218200683594,7.438728332519531,0.2422553151845932,0.24887827038764954,1778.3679272955249,2008.9348662037037,0.024195601851851854,0.006027199074074074,0.058297157287597656,0.06667522341012955,1.0273387512749341,0.9437593008512529,0.3510760588761329
Full Model,D:\A题代码_公式包\clear text\cam46_02-02_22-32 - .jpeg,0.26509323716163635,0.36478984355926514,0.6632542610168457,0.17278419841547238,0.1595785117019683,6.582248210906982,6.685168266296387,0.23671738803386688,0.2663586437702179,1902.488971835884,2228.7508398596915,0.024157986111111113,0.013304398148148149,0.05879073962569237,0.07259200513362885,1.1252179235797057,0.8867394588571451,0.31539492556672544
Full Model,D:\A题代码_公式包\clear text\cam470_03-02_00-57.jpeg,0.3577163815498352,0.42243319749832153,0.7680603590878573,0.1809790861191512,0.16449091092703413,6.977993965148926,6.826755046844482,0.1696263551712036,0.18669657409191132,1533.2535088971208,1744.8807206564943,0.022218276515151514,0.011200875946969696,0.03842805325984955,0.04692466929554939,1.100634317153285,0.957242148023541,0.3148181703251503
Full Model,D:\A题代码_公式包\clear text\cam470_03-02_01-52.jpeg,0.3631393015384674,0.42677733302116394,0.775958787311207,0.18256792386073947,0.16476097480094914,7.052944183349609,6.891271591186523,0.1620313674211502,0.1781688928604126,1480.6125204358134,1676.8070994167745,0.02118252840909091,0.010425544507575758,0.03653687611222267,0.04463854059576988,1.0995951073120267,0.956725883872133,0.3140939428557854
Full Model,D:\A题代码_公式包\clear text\cam470_30-01_23-24.jpeg,0.40511295199394226,0.4577186405658722,0.8322157101197676,0.17788079850682653,0.16426585252922757,7.151737689971924,6.995797634124756,0.17235833406448364,0.1884450912475586,1508.9692390860846,1728.245474402679,0.015746330492424243,0.010097064393939394,0.0380752831697464,0.04623144119977951,1.0933332199230505,0.9672502718192061,0.32984194324801513
Full Model,D:\A题代码_公式包\clear text\cam471_02-02_10-39.jpeg,0.4195898771286011,0.46219155192375183,0.8403482762250033,0.1589698305507394,0.14900161349405028,6.898467540740967,6.832768440246582,0.16626089811325073,0.1971621811389923,1386.997170927715,1670.3298915354324,0.005382930871212121,0.006093158143939394,0.04368482530117035,0.05548085272312164,1.185860153269805,0.972690065398579,0.34135426854925555
Full Model,D:\A题代码_公式包\clear text\cam471_03-02_00-34.jpeg,0.25653746724128723,0.3288586139678955,0.5979247526689009,0.10198252519435864,0.0977640419006129,6.014004230499268,5.7991251945495605,0.09072450548410416,0.1035986989736557,1244.5269597339804,1398.5514695400573,0.007534327651515151,0.008442826704545454,0.024328289553523064,0.03018740937113762,1.1419041472563234,0.950343351892121,0.21378254219625534
Full Model,D:\A题代码_公式包\clear text\cam475_02-02_19-11.jpeg,0.23930557072162628,0.3508974611759186,0.6379953839562156,0.179512628848977,0.16155338662482951,6.907594680786133,6.932587623596191,0.23480536043643951,0.2684490382671356,1923.392416637375,2303.3500046989784,0.01653053977272727,0.010869436553030304,0.056715916842222214,0.07190893590450287,1.1432832941555438,0.8383957585308295,0.31796202838749404
Full Model,D:\A题代码_公式包\clear text\cam494_17-02_17-16.jpeg,0.4364686906337738,0.484595388174057,0.8810825239528308,0.17992703450531133,0.17292402852642533,7.313275337219238,7.288050651550293,0.3419647216796875,0.4059585928916931,2415.2446806690555,3279.780314641975,0.022688802083333334,0.016968513257575757,0.09383820742368698,0.12004777044057846,1.1871358690279021,0.9590503111420869,0.449845865981562
Full Model,D:\A题代码_公式包\clear text\cam496_02-02_10-40.jpeg,0.38372382521629333,0.4425717294216156,0.8046758716756647,0.2278271675359266,0.20291713305221304,7.461771011352539,7.420200347900391,0.3050173223018646,0.3324379622936249,2801.382192583942,3353.852289010242,0.034333570075757575,0.009715317234848486,0.08139389008283615,0.09639393538236618,1.0898986375671134,0.9359522284072653,0.4157115675383623
Full Model,D:\A题代码_公式包\clear text\cam496_02-02_22-31.jpeg,0.2353615015745163,0.34371840953826904,0.6249425627968528,0.1706617759518203,0.15799371837410678,6.757388114929199,6.7977752685546875,0.23045124113559723,0.25990748405456543,2301.9582807926213,2698.081315646386,0.01589429450757576,0.010990767045454545,0.06484787911176682,0.07964663207530975,1.127819766554949,0.8459425508574429,0.3148771791099669
Full Model,D:\A题代码_公式包\clear text\cam496_17-02_07-29.jpeg,0.37782344222068787,0.43361279368400574,0.7883868976072831,0.1964923985493564,0.17903676149417586,7.311278820037842,7.248889446258545,0.2745322585105896,0.3068543076515198,2514.163564904715,3037.597447650785,0.026802201704545454,0.010395951704545454,0.07488075643777847,0.09096408635377884,1.117734917894272,0.9405690440178021,0.3917627193022465
Full Model,D:\A题代码_公式包\clear text\cam498_03-02_09-11.jpeg,0.4734387993812561,0.4991441071033478,0.907534740187905,0.19156853343659314,0.18615201280597043,7.280157089233398,7.321098327636719,0.4164934456348419,0.47680118680000305,3627.850032565395,4727.144137004286,0.02743844696969697,0.013905658143939395,0.12375719100236893,0.15151479840278625,1.1447988270628946,0.9623026207980199,0.5012185572523141
Full Model,D:\A题代码_公式包\clear text\cam498_17-02_07-02.jpeg,0.40911731123924255,0.4602646231651306,0.8368447693911465,0.1971000275867236,0.18297852059383415,7.312804698944092,7.2795634269714355,0.36483678221702576,0.42540645599365234,3049.7829487771614,4031.2809128550243,0.03808889678030303,0.01463660037878788,0.10619901865720749,0.1333131343126297,1.1660185511467007,0.948554185426101,0.4618716744518117
Full Model,D:\A题代码_公式包\clear text\cam49_02-02_10-07 - .jpeg,0.4206867218017578,0.4777495563030243,0.8686355569145896,0.1978347093151505,0.1883142162561173,6.894824028015137,6.988622665405273,0.2635180354118347,0.306771844625473,2816.6077893196684,3736.9886458106944,0.006574074074074074,0.006837384259259259,0.08959892392158508,0.11326931416988373,1.1641398882654164,0.9521447994025999,0.4289064474349003
Full Model,D:\A题代码_公式包\clear text\cam49_02-02_19-31 - .jpeg,0.33902665972709656,0.4269977807998657,0.7763596014543013,0.16778348408609395,0.16555845462034322,7.052241802215576,7.149466514587402,0.27104896306991577,0.32032862305641174,2555.849749722403,3459.9563380818854,0.013255208333333334,0.01240162037037037,0.08445681631565094,0.1092102900147438,1.1818109366802338,0.9214248147519347,0.4036535046995492
Full Model,D:\A题代码_公式包\clear text\cam49_03-02_00-41 - .jpeg,0.3221079409122467,0.4127170145511627,0.7503945719112048,0.1648560650964677,0.16706176958481195,7.025280475616455,7.191183090209961,0.2733997702598572,0.3270026743412018,2594.734628782974,3584.872453283608,0.012242476851851852,0.012314814814814815,0.08633791655302048,0.11276943236589432,1.1960605121132895,0.9194499030540544,0.4078159123475764
Full Model,D:\A题代码_公式包\clear text\cam4_12-02_13-34.jpeg,0.44168591499328613,0.4697837233543396,0.8541522242806174,0.17135845984716053,0.1574068671107346,7.115012168884277,6.920773983001709,0.1625891923904419,0.18048550188541412,1600.305880913844,1873.966894141995,0.011298532196969698,0.007158499053030303,0.04065750539302826,0.05011174455285072,1.1100707601029538,0.9708997569771636,0.33424134071663764
Full Model,D:\A题代码_公式包\clear text\cam4_17-02_20-22 - .jpeg,0.3406974673271179,0.41645821928977966,0.7571967623450538,0.19345303034426956,0.17336320699960764,7.071360111236572,6.933739185333252,0.13737310469150543,0.147676020860672,1444.1205580119456,1641.5146997614581,0.011209753787878788,0.00780954071969697,0.03119969181716442,0.03829709067940712,1.074999610691172,0.9393821471367968,0.3004057764825822
Full Model,D:\A题代码_公式包\clear text\cam509_03-02_00-45.jpeg,0.32062938809394836,0.42061731219291687,0.764758749441667,0.21648093972579946,0.20002128200004624,7.462377548217773,7.517448902130127,0.37950265407562256,0.42644891142845154,2667.6254608804443,3365.2546664981382,0.02547052556818182,0.01211529356060606,0.09880001842975616,0.12069714814424515,1.1237046341077686,0.891409427741592,0.4317066468378157
Full Model,D:\A题代码_公式包\clear text\cam521_03-02_11-22.jpeg,0.4622335731983185,0.5098792910575867,0.9270532564683394,0.24974832523295928,0.2233764455282813,7.623589515686035,7.589874267578125,0.3475993573665619,0.39260566234588623,2791.861113660189,3564.307142047085,0.005803148674242424,0.006912878787878788,0.10032019764184952,0.12139816582202911,1.1294775372359536,0.9418217827824577,0.4758589447808062
Full Model,D:\A题代码_公式包\clear text\cam523_17-02_19-50.jpeg,0.3520011305809021,0.4096791446208954,0.7448711720379915,0.14884142579939263,0.13760956916649306,6.660266876220703,6.513729095458984,0.1452205330133438,0.17295561730861664,669.3057161171806,908.4686772595618,0.025032552083333333,0.012311197916666667,0.03876373544335365,0.050796300172805786,1.1909860359745994,0.955422374537104,0.2863943486105287
Full Model,D:\A题代码_公式包\clear text\cam523_17-02_20-04 - .jpeg,0.2751339077949524,0.3581492602825165,0.651180473240939,0.15642761326820684,0.14508530586267035,6.573259353637695,6.589203834533691,0.15305070579051971,0.17611725628376007,747.5958332356771,956.6787621961805,0.017255859375,0.005813802083333333,0.03939192369580269,0.050454095005989075,1.150711792017506,0.9212085351110351,0.2645537961703601
Full Model,D:\A题代码_公式包\clear text\cam523_17-02_20-17.jpeg,0.26008903980255127,0.34912481904029846,0.6347723982550881,0.1621586128249662,0.14339429679824153,6.601873874664307,6.4746479988098145,0.1489398330450058,0.17054502665996552,896.1265533192529,1158.4734169035912,0.017682291666666666,0.004544270833333333,0.04340693727135658,0.05483727902173996,1.1450599474354466,0.9069074306979951,0.25811247742692134
Full Model,D:\A题代码_公式包\clear text\cam523_17-02_20-22.jpeg,0.2485363781452179,0.3462775945663452,0.6295956264842639,0.1668155871331575,0.14538113551402393,6.561010837554932,6.481868267059326,0.14519783854484558,0.16678640246391296,821.5487346184624,1067.4386553867657,0.020143229166666665,0.004069010416666667,0.040127936750650406,0.05171516165137291,1.1486838191514341,0.8851506252372081,0.2534974665725118
Full Model,D:\A题代码_公式包\clear text\cam529_17-02_17-23.jpeg,0.3369334936141968,0.4077119827270508,0.7412945140491831,0.19516684162352196,0.17291088395784407,7.183633804321289,7.101395130157471,0.24519895017147064,0.27933335304260254,1977.3644976282253,2477.3346931904143,0.025822679924242423,0.009588068181818182,0.06610894948244095,0.08228977024555206,1.1392109913728148,0.9326835765330612,0.36169121159416834
Full Model,D:\A题代码_公式包\clear text\cam529_30-01_16-48.jpeg,0.4452703893184662,0.4807869791984558,0.8741581439971923,0.21009980751728066,0.19541924928778917,7.35353422164917,7.34537410736084,0.41945046186447144,0.46941301226615906,3012.652564566116,3871.8652308771075,0.03452000473484849,0.010215435606060606,0.11496170610189438,0.13870979845523834,1.1191142815649464,0.9650512136922742,0.4741995186112648
Full Model,D:\A题代码_公式包\clear text\cam531_03-02_02-00.jpeg,0.3322714567184448,0.4076196849346161,0.7411266998811201,0.23723149346124528,0.1841456214466704,7.392466068267822,7.126418113708496,0.1635565459728241,0.1845654547214508,1615.4232320267438,1831.8084690293572,0.05434718276515151,0.007782907196969697,0.04475030675530434,0.05465887114405632,1.1284503676364663,0.888731739120457,0.32317507500567244
Full Model,D:\A题代码_公式包\clear text\cam55_02-02_19-57 - .jpeg,0.2966911792755127,0.3814791738986969,0.6935984979976306,0.1614371424109351,0.14495654883015538,6.934146404266357,6.880002975463867,0.14271970093250275,0.1696069836616516,1530.5220918745629,1759.1563076869802,0.01372974537037037,0.009204282407407408,0.036171987652778625,0.047739699482917786,1.188392263423625,0.8957163767267482,0.30174814586013804
Full Model,D:\A题代码_公式包\clear text\cam55_03-02_00-32 - .jpeg,0.27454620599746704,0.3616373538970947,0.6575224616310813,0.1523374909586036,0.141777182835005,6.706841945648193,6.708197116851807,0.15479625761508942,0.1814798265695572,1577.5911091498147,1830.9612124727976,0.012068865740740741,0.009641203703703704,0.03991460055112839,0.051831573247909546,1.1723786392661038,0.9032921084031645,0.29175044511098264
Full Model,D:\A题代码_公式包\clear text\cam55_03-02_00-50 - .jpeg,0.27461084723472595,0.3633188307285309,0.6605796922336924,0.15546010592303416,0.14275871897131281,6.748849868774414,6.743214130401611,0.1480720341205597,0.1724020093679428,1550.150500573471,1783.741558857976,0.012494212962962962,0.009366319444444444,0.03792337328195572,0.049146026372909546,1.1643117437334123,0.8993425373661206,0.288211522568059
Full Model,D:\A题代码_公式包\clear text\cam59_17-02_07-46 - .jpeg,0.4255710244178772,0.4575977027416229,0.831995823166587,0.2007990782023165,0.1756322794821903,7.188902378082275,7.141904830932617,0.16720449924468994,0.19170647859573364,1625.804296085905,1960.1192702139058,0.04008969907407407,0.008119212962962963,0.047727521508932114,0.06034829095005989,1.1465390041327461,0.9595310616985211,0.35295770155333794
Full Model,D:\A题代码_公式包\clear text\cam59_17-02_17-05 - .jpeg,0.36181461811065674,0.4195375442504883,0.7627955350008877,0.1802747098754761,0.16599583059002088,7.066634178161621,7.069064140319824,0.2472352385520935,0.2886081337928772,2538.4378008053627,3371.9233721320675,0.015407986111111112,0.010697337962962962,0.08148857951164246,0.1043398454785347,1.1673422636416526,0.9408455972457895,0.3895821844648905
Full Model,D:\A题代码_公式包\clear text\cam65_02-02_10-44 - .jpeg,0.41231247782707214,0.46003010869026184,0.8364183794368396,0.15486737849945675,0.1625521502990498,6.873316287994385,7.070589065551758,0.28578415513038635,0.3495129942893982,2800.190798246399,4003.6712647941094,0.0067476851851851856,0.0073668981481481485,0.09924420714378357,0.1311473548412323,1.2229964047866244,0.9489597684738909,0.44128419083369486
Full Model,D:\A题代码_公式包\clear text\cam65_02-02_19-02 - .jpeg,0.34335294365882874,0.41424545645713806,0.7531735571947964,0.14570700011210663,0.1468946665222931,6.838630199432373,6.925054550170898,0.24643664062023163,0.30214935541152954,2305.181761304406,3155.581855046569,0.011825810185185186,0.012225115740740741,0.07755779474973679,0.10397153347730637,1.2260732264176588,0.9325309778535509,0.3861360049297717
Full Model,D:\A题代码_公式包\clear text\cam65_03-02_11-39 - .jpeg,0.41124555468559265,0.45943453907966614,0.835335525599393,0.15595056635817828,0.16291181492891582,6.925139427185059,7.102240085601807,0.2825576663017273,0.34297943115234375,2762.8905242854535,3902.6463113256805,0.006756365740740741,0.007340856481481481,0.09571265429258347,0.12571436166763306,1.2138386516684037,0.9503190495094861,0.43691198409164134
Full Model,D:\A题代码_公式包\clear text\cam65_30-01_09-29 - .jpeg,0.5390124917030334,0.5728728175163269,0.9584130590612239,0.1901895531374129,0.18612604090639404,7.201651096343994,7.3574419021606445,0.30846184492111206,0.37174686789512634,3171.766041943954,4462.96718814086,0.07728877314814815,0.061704282407407406,0.10449884831905365,0.13608159124851227,1.2051632078159187,0.9556574247694792,0.48731253492008775
Full Model,D:\A题代码_公式包\clear text\cam65_30-01_10-23 - .jpeg,0.45936301350593567,0.5088766813278198,0.9252303296869451,0.1895522001887332,0.1891812219540314,7.252650737762451,7.393675327301025,0.37170231342315674,0.44695183634757996,3864.8374031809867,5629.614382695546,0.007233796296296296,0.007705439814814815,0.12952545285224915,0.1681259125471115,1.2024456797337957,0.9462652501937022,0.5299858460907867
Full Model,D:\A题代码_公式包\clear text\cam68_03-02_08-41 - .jpeg,0.4180043339729309,0.47196152806282043,0.8581118692051279,0.18060248656951652,0.17868116681911558,6.9260454177856445,7.124641418457031,0.23639829456806183,0.27687859535217285,2492.69310080265,3155.2373161674595,0.007809606481481482,0.00859375,0.07234316319227219,0.09149254113435745,1.1712376769907402,0.9483590442801464,0.40859605456249276
Full Model,D:\A题代码_公式包\clear text\cam73_02-02_21-25 - .jpeg,0.2968563139438629,0.3900124430656433,0.7091135328466242,0.20074008377387753,0.1753529845628148,7.052284240722656,7.069631576538086,0.24850338697433472,0.2884986996650696,2370.5300276089556,3032.4181613094293,0.02640914351851852,0.0077228009259259255,0.080159991979599,0.10211563855409622,1.1609447738922283,0.8752963260002694,0.3665004884950778
Full Model,D:\A题代码_公式包\clear text\cam77_02-02_19-02.jpeg,0.2938813269138336,0.36142703890800476,0.6571400707418268,0.1444901475168465,0.13730762291289295,6.6547160148620605,6.546747207641602,0.15288513898849487,0.17787525057792664,1785.7705987965692,2113.5906505141943,0.009181134259259259,0.009241898148148148,0.04350355267524719,0.05551326647400856,1.163456775868969,0.9386557873659,0.29416201892068744
Full Model,D:\A题代码_公式包\clear text\cam77_17-02_20-32 - .jpeg,0.29408320784568787,0.37036213278770447,0.6733856959776444,0.15416476825314643,0.14853371018896427,6.521470546722412,6.565116882324219,0.1878690868616104,0.21824263036251068,1929.143597826512,2332.9803711675613,0.019322916666666665,0.014991319444444444,0.05274318903684616,0.06723876297473907,1.161674005162428,0.9303291971347009,0.3140743191369298
Full Model,D:\A题代码_公式包\clear text\cam80_30-01_12-30.jpeg,0.4359128475189209,0.4903062582015991,0.8914659240029075,0.19911931937334307,0.18809651665828722,7.367681503295898,7.408782482147217,0.32123035192489624,0.3788837492465973,3205.369132880811,4492.985579057858,0.009230324074074075,0.00609375,0.1085323691368103,0.13851185142993927,1.1794767765357332,0.9527270708253139,0.479290993194553
Full Model,D:\A题代码_公式包\clear text\cam80_30-01_13-17.jpeg,0.4344147741794586,0.48858264088630676,0.8883320743387395,0.20235910328145573,0.19068469446631597,7.30137825012207,7.3865838050842285,0.3187931180000305,0.37450578808784485,3268.3482059284643,4566.178500042189,0.02185474537037037,0.008382523148148148,0.10836208611726761,0.13786263763904572,1.1747612442711906,0.9535903331674008,0.47897233065285966
Full Model,D:\A题代码_公式包\clear text\cam80_30-01_22-03.jpeg,0.30663159489631653,0.3916265070438385,0.7120481946251609,0.15192885398751926,0.14593747224370845,6.905733585357666,6.951467037200928,0.19791439175605774,0.23571760952472687,1568.6384313507372,1950.9305829855755,0.007271412037037037,0.007575231481481481,0.050975583493709564,0.06670842319726944,1.1910079178057507,0.9242602764130898,0.3302437093938533
Full Model,D:\A题代码_公式包\clear text\cam84_02-02_10-21.jpeg,0.4064061641693115,0.4526805877685547,0.8230556141246448,0.1607464802766506,0.15974133002882931,6.609750270843506,6.678868293762207,0.21541662514209747,0.2471749633550644,2520.5896081811215,3299.016008021066,0.009603587962962963,0.009699074074074074,0.07240033149719238,0.09036014974117279,1.1474275333257637,0.968007638422472,0.3773392860482445
Full Model,D:\A题代码_公式包\clear text\cam84_02-02_21-16.jpeg,0.3055849075317383,0.3811655342578888,0.6930282441052523,0.15346119049409052,0.14881025967115807,6.581827640533447,6.701754570007324,0.19187866151332855,0.22595156729221344,1861.3627995996965,2352.83174906643,0.01646701388888889,0.010734953703703703,0.05770692601799965,0.07491019368171692,1.177575276231733,0.9318345843311783,0.32607584754172647
Full Model,D:\A题代码_公式包\clear text\cam84_02-02_23-34.jpeg,0.31878912448883057,0.3875733017921448,0.7046787305311722,0.14620784790427277,0.1426477130172001,6.562211036682129,6.515483379364014,0.16903360188007355,0.19638194143772125,1755.9385367547097,2137.623966304441,0.017934027777777778,0.010350115740740741,0.048203691840171814,0.061600808054208755,1.1617923415363478,0.9440856363381399,0.3085692242009831
Full Model,D:\A题代码_公式包\clear text\cam84_03-02_07-33.jpeg,0.41668424010276794,0.45812103152275085,0.8329473300413651,0.14216872161177443,0.14583604088364255,6.508764266967773,6.60430383682251,0.20624616742134094,0.25067296624183655,2174.0522676313653,2925.185946918369,0.009163773148148148,0.009429976851851853,0.06849046051502228,0.09018157422542572,1.2154066764924334,0.9640512985681817,0.37734004227960943
Full Model,D:\A题代码_公式包\clear text\cam84_03-02_09-02 - .jpeg,0.4074406921863556,0.4550808370113373,0.8274197036569768,0.15887677964308997,0.15945233734249928,6.745500564575195,6.831327438354492,0.2214231640100479,0.25668996572494507,2484.446675470163,3240.4874855824323,0.007005208333333333,0.0077314814814814815,0.07294482737779617,0.09160122275352478,1.1592733179780415,0.965409288055237,0.38479324085889516
Full Model,D:\A题代码_公式包\clear text\cam8_12-02_14-38.jpeg,0.4044618606567383,0.4681031107902527,0.8510965650731867,0.191316976563362,0.1813134386803906,7.24160099029541,7.273270130157471,0.3286111354827881,0.37282925844192505,2715.814579930021,3386.8835075063066,0.010002367424242424,0.009632457386363636,0.08743329346179962,0.1067386344075203,1.1345607071397927,0.9527037832090809,0.43260144420123414
Full Model,D:\A题代码_公式包\clear text\cam8_17-02_07-03 - .jpeg,0.43463706970214844,0.48694244027137756,0.8853498914025046,0.21296365857203067,0.1927367522796211,7.3583221435546875,7.349117279052734,0.3179188370704651,0.3603574335575104,2628.4246889515816,3253.2079105345583,0.03915127840909091,0.018599076704545456,0.08629950881004333,0.10565284639596939,1.133488726995395,0.9551923124063487,0.4380594567880681
Full Model,D:\A题代码_公式包\clear text\cam8_17-02_19-13 - .jpeg,0.22340837121009827,0.3346993625164032,0.6085442954843694,0.16531279717642877,0.1517589277836054,6.476809501647949,6.5263142585754395,0.2230081856250763,0.25384625792503357,2209.834714938357,2615.504326494696,0.022413589015151517,0.01259765625,0.06006775051355362,0.07482393831014633,1.1382822424833468,0.8555065090405028,0.3035555451403023
Full Model,D:\A题代码_公式包\clear text\cam90_12-02_14-10.jpeg,0.4761498272418976,0.5128737688064575,0.9324977614662864,0.21736429096249812,0.1934978794745143,7.211684703826904,7.069334030151367,0.24942728877067566,0.2834816873073578,3937.643227946088,4431.127959261232,0.010436395202020202,0.011916035353535354,0.06970880180597305,0.08451858907938004,1.1365303145202093,0.9704640149478023,0.4559053430128487
Full Model,D:\A题代码_公式包\clear text\cam90_17-02_07-46.jpeg,0.5573355555534363,0.5760980248451233,0.9525490457361395,0.21426349478884066,0.19778758234527496,7.409703731536865,7.315537929534912,0.20130717754364014,0.22876694798469543,3652.604483834068,4191.584957045349,0.011768071338383838,0.012379655934343434,0.05908220633864403,0.07071936875581741,1.136407261053488,0.9828719558649875,0.45075370557893046
Full Model,D:\A题代码_公式包\clear text\cam91_03-02_10-19.jpeg,0.42153456807136536,0.4674137234687805,0.8498431335796008,0.16086170063478775,0.1611906286836246,6.5863237380981445,6.680079460144043,0.21927596628665924,0.2569565773010254,2387.1152883495356,3129.762791790838,0.005931712962962963,0.006510416666666667,0.07216087728738785,0.09142611920833588,1.171841028296113,0.9616513692448888,0.38557008109405133
Full Model,D:\A题代码_公式包\clear text\cam91_03-02_11-12.jpeg,0.4192884564399719,0.46723905205726624,0.8495255491950294,0.16460766547576178,0.163937762083609,6.743398666381836,6.841175079345703,0.22330133616924286,0.261491060256958,2372.760338410847,3128.59136112912,0.005911458333333334,0.006414930555555556,0.07257577031850815,0.09212587028741837,1.171023279887763,0.9604933189601691,0.391183875797278
Full Model,D:\A题代码_公式包\clear text\cam98_12-02_13-51.jpeg,0.38906607031822205,0.4544331431388855,0.8262420784343372,0.24305685683396952,0.2181763307453159,7.188230037689209,7.238109111785889,0.27485835552215576,0.30931177735328674,2880.632039875624,3491.9032434331107,0.008171296296296296,0.0075839120370370374,0.0831403061747551,0.1013522744178772,1.1253497179071026,0.9356923885508722,0.4260471910261303
Full Model,D:\A题代码_公式包\clear text\cam98_12-02_14-10.jpeg,0.3947277069091797,0.4591119587421417,0.8347490158948031,0.23836444885103789,0.21306407316468848,7.121744155883789,7.238423824310303,0.2779146432876587,0.30878570675849915,2953.5038192849997,3543.8989665671274,0.008327546296296296,0.008098958333333333,0.08390162140130997,0.10121263563632965,1.1110811348800136,0.9365940178102554,0.4235178955662635
Full Model,D:\A题代码_公式包\clear text\cam98_12-02_15-33.jpeg,0.39319461584091187,0.4537910521030426,0.8250746401873501,0.24670105018436775,0.22033571598055893,7.033100605010986,7.164362907409668,0.274116575717926,0.308037132024765,2909.576024273372,3535.9823582131635,0.008214699074074074,0.007424768518518519,0.08375699073076248,0.1020299643278122,1.1237450060833472,0.9400958372922521,0.4259120769310279
Full Model,D:\A题代码_公式包\clear text\cam98_17-02_17-11.jpeg,0.407662570476532,0.45562607049942017,0.828411037271673,0.18056425616006064,0.1733973498774986,7.0235161781311035,7.028141498565674,0.17034673690795898,0.19381532073020935,1799.045520428107,2043.1765212169923,0.009739583333333333,0.009971064814814815,0.040195487439632416,0.0497639998793602,1.1377694151137938,0.9583310748200312,0.35083698607580377
Full Model,D:\A题代码_公式包\clear text\屏幕截图 2026-02-03 150927.png,0.49381527304649353,0.501289963722229,0.9114362976767799,0.08210212772608351,0.0985700927684528,6.2245330810546875,6.5577545166015625,0.20858381688594818,0.2888185679912567,235.19822021734845,471.8288518963099,0.0018076583610564193,0.0025544843506008553,0.033572275191545486,0.049641482532024384,1.3846643196111292,0.9578314182834251,0.362449102106116
Full Model,D:\A题代码_公式包\clear text\屏幕截图 2026-02-03 151031.png,0.3361181318759918,0.3244601786136627,0.5899275974793867,0.15377170548675095,0.13859247963680071,6.906304359436035,6.7700724601745605,0.07661571353673935,0.11632426828145981,65.0909706363185,142.0448387721946,0.018973149492017418,0.0012227866473149493,0.014342710375785828,0.02392560988664627,1.5182820611774712,0.9581422761681551,0.3090442175780794
Full Model,D:\A题代码_公式包\clear text\屏幕截图 2026-02-03 151052.png,0.5275688171386719,0.5213596224784851,0.9479265863245183,0.3178183830049688,0.28112995519744094,6.747514247894287,7.183825969696045,0.11693479120731354,0.13215546309947968,94.71102218682212,130.15781544807632,0.21749472869458455,0.007456561774361438,0.01570572890341282,0.019799815490841866,1.130163691042552,0.9838051111460104,0.36463601395296513
Full Model,D:\A题代码_公式包\clear text\屏幕截图 2026-02-03 151128.png,0.45415768027305603,0.47645044326782227,0.8662735332142222,0.3375968965236911,0.28328461880125766,7.3838300704956055,7.6265034675598145,0.1467454880475998,0.1533644199371338,103.37291073329324,125.44777168803388,0.1700951567067505,0.004734097028641965,0.01795991323888302,0.02148261107504368,1.0451047484289393,0.9016604739052079,0.33797794278785426
Full Model,D:\A题代码_公式包\clear text\屏幕截图 2026-02-03 151250.png,0.4565403461456299,0.4214823544025421,0.7663315534591675,0.17874169486144437,0.17398829337005878,6.900973320007324,7.048385143280029,0.16290712356567383,0.2420908510684967,825.2157698806913,2085.738181622431,0.04683973453962217,0.0036399957741473864,0.0762220248579979,0.1261952519416809,1.4860666492987433,0.9176654168456078,0.4122394135814112
Full Model,D:\A题代码_公式包\clear text\屏幕截图 2026-02-03 151414.png,0.60980224609375,0.5431011915206909,0.9874567118558016,0.14490044176685338,0.14891929108434124,6.939837455749512,7.060264587402344,0.13143722712993622,0.17208707332611084,39.59047083088133,77.88257039089565,0.021074721496662424,0.0020137074989395663,0.012557108886539936,0.01828911527991295,1.3092718219633905,0.9662094071418235,0.35886857284423723
Full Model,D:\A题代码_公式包\clear text\屏幕截图 2026-02-03 151835.png,0.6856865286827087,0.6407077312469482,0.835076852278276,0.13621899075739813,0.13787475161742274,6.837143898010254,7.002832412719727,0.2404160052537918,0.3204840421676636,812.8252119602073,1490.8032810628129,0.021324973876698013,0.016802507836990596,0.0532657690346241,0.07578655332326889,1.3330396369963053,0.9583099702060999,0.3928483290619937
Full Model,D:\A题代码_公式包\clear text\屏幕截图 2026-02-03 151843.png,0.5529447197914124,0.4974691867828369,0.9044894305142489,0.2968243667100373,0.2504577428213163,7.474309921264648,7.515571594238281,0.11745253205299377,0.13504530489444733,110.54203508186016,160.9148783665525,0.11439514908627905,0.0011027966505595737,0.016786344349384308,0.021691281348466873,1.1497862078425822,0.979927724836276,0.3574515883838483
Full Model,D:\A题代码_公式包\clear text\屏幕截图 2026-02-03 151859.png,0.3579561114311218,0.3799371123313904,0.690794749693437,0.09054809189188041,0.10235045370073512,6.399524211883545,6.550785541534424,0.15462854504585266,0.21566204726696014,1657.241987883268,3284.8730850856064,0.000991353671887796,0.0009999741385998638,0.07393145561218262,0.11115702986717224,1.394710407703409,0.9572205943117843,0.3679678352905512
Full Model,D:\A题代码_公式包\clear text\屏幕截图 2026-02-03 152105.png,0.4507603049278259,0.4834466874599457,0.8789939771999011,0.20769332953234537,0.16529528600575197,7.0894598960876465,7.13835334777832,0.0802234411239624,0.08938761055469513,28.178267489894157,40.588549033292644,0.02972843262430614,0.0001931789712616096,0.010482124984264374,0.013146823272109032,1.114232926126693,0.97929780897462,0.2869901678227042
Full Model,D:\A题代码_公式包\clear text\屏幕截图 2026-02-03 152131.png,0.647994339466095,0.6000993847846985,0.9089102094823664,0.27592178124151495,0.24637892765969058,7.193455219268799,7.32370138168335,0.14349158108234406,0.17725442349910736,85.6128400194012,145.20336407149853,0.20538513210927004,0.00042916853261680847,0.019089912995696068,0.026024414226412773,1.2352948964870722,0.9769111744912612,0.37998203280382487
Full Model,D:\A题代码_公式包\clear text\屏幕截图 2026-02-03 152208.png,0.6048255562782288,0.5799660086631775,0.945516347885132,0.18339865729715538,0.18166411179638853,7.379093647003174,7.424116134643555,0.2852693200111389,0.34904173016548157,229.10633225023804,377.691195774425,0.05703318858560794,0.020048499887209564,0.03586417809128761,0.04730949178338051,1.2235515711678835,0.9754395892314632,0.4034478003250865
Full Model,D:\A题代码_公式包\clear text\屏幕截图 2026-02-03 152620.png,0.38435637950897217,0.4481160342693329,0.8147564259442416,0.2896437434060856,0.24171969755120506,7.508734703063965,7.624708652496338,0.22706715762615204,0.2635282576084137,576.1222838391034,765.4080424646704,0.08079273609437186,0.00932790271388877,0.04357798025012016,0.05412572622299194,1.1605740809733642,0.8939576272369812,0.3738456625981433
Full Model,D:\A题代码_公式包\clear text\屏幕截图 2026-02-03 152832.png,0.3186332881450653,0.4117009937763214,0.7485472614114934,0.17083370949163157,0.15132530498774957,6.932610511779785,7.024986267089844,0.17069819569587708,0.20266903936862946,180.33865714918423,271.37338526073887,0.0008854095446465199,0.0010734308765212636,0.026205791160464287,0.033937133848667145,1.1872946539073181,0.9151665585000669,0.2946780057972339
Full Model,D:\A题代码_公式包\clear text\屏幕截图 2026-02-03 153319.png,0.5042031407356262,0.479786217212677,0.8723385767503218,0.15096019322411747,0.14468506382181798,7.023276329040527,7.091838836669922,0.14390043914318085,0.18055862188339233,109.86350127297732,193.79755334202142,0.0026470413674402043,0.0011009555463232239,0.020119108259677887,0.02766764536499977,1.2547469288736195,0.9789398308828167,0.33128961377218147
Full Model,D:\A题代码_公式包\clear text\屏幕截图 2026-02-03 153723.png,0.5278517603874207,0.5035123229026794,0.9154769507321444,0.21222021105089683,0.19160752828874844,7.452596664428711,7.418337821960449,0.10105662047863007,0.1309470385313034,20.47401871892661,42.01216601938121,0.020675694142098522,0.0021927803501457085,0.010896903462707996,0.0160521250218153,1.2957788428174364,0.9729387130650503,0.35964600237711497
Full Model,D:\A题代码_公式包\clear text\屏幕截图 2026-02-03 153926.png,0.7160597443580627,0.6117063164710999,0.8878066973252731,0.14646057299833024,0.14102496330737113,6.8811445236206055,6.843104362487793,0.07653055340051651,0.10836540162563324,17.42990006695915,42.497920485173275,0.18476590662481704,6.918298535505436e-05,0.009840347804129124,0.015608266927301884,1.4159754932594344,0.951404464789315,0.33747253189386317
Full Model,D:\A题代码_公式包\clear text\屏幕截图 2026-02-03 153933.png,0.3769494593143463,0.3532661497592926,0.642302090471441,0.2171981440111652,0.19780277788498296,6.243185997009277,6.404502868652344,0.06190009042620659,0.07874898612499237,13.215572521572598,22.950390649794947,0.08266212425452549,0.00301574051094616,0.006788888946175575,0.01019316166639328,1.2721949544303934,0.978685356370866,0.2734988203848851
Full Model,D:\A题代码_公式包\clear text\屏幕截图 2026-02-03 154150.png,0.49391090869903564,0.4952075779438019,0.9003774144432761,0.2732280234093121,0.24793327935012255,7.448976516723633,7.520607948303223,0.3543727695941925,0.40685445070266724,1526.6981026732124,2190.7646482464174,0.15727380432749266,0.01980420278106878,0.08685613423585892,0.10990645736455917,1.1480973721685712,0.9698004523760443,0.4582027630306998
Full Model,D:\A题代码_公式包\clear text\屏幕截图 2026-02-03 155552.png,0.5050543546676636,0.45325398445129395,0.8240981535478071,0.10736268283255107,0.10925077647937101,6.440474987030029,6.499587535858154,0.08608504384756088,0.12655538320541382,95.36865127597228,223.24086119941998,0.015322630125779732,0.010892729317926168,0.017006991431117058,0.02733870968222618,1.4701202284436876,0.958580453537933,0.3237071279616547
Full Model,D:\A题代码_公式包\clear text\屏幕截图 2026-02-03 160609.png,0.48126500844955444,0.4058646857738495,0.7379357923160899,0.07215260532406362,0.08528736615088582,6.026586532592773,6.197087287902832,0.06460291892290115,0.09801245480775833,20.18341422047485,50.59399520964288,0.001756440281030445,0.0019038338710469858,0.008977104909718037,0.015088238753378391,1.5171519883033284,0.9459017020180134,0.291217429175236
Full Model,D:\A题代码_公式包\clear text\屏幕截图 2026-02-03 160615.png,0.7611820697784424,0.7150284051895142,0.6999483542008835,0.2537437185022953,0.23654451061583925,7.317434787750244,7.368990421295166,0.2435397058725357,0.28399550914764404,282.18249820714055,466.38879450605924,0.3958582789741757,0.04437941202752212,0.03665394335985184,0.049976225942373276,1.1661157907597444,0.960776777673176,0.3509490292352622
Full Model,D:\A题代码_公式包\clear text\屏幕截图 2026-02-03 160703.png,0.6156129837036133,0.6156617403030396,0.8806150176308373,0.21085643534753268,0.1864322673950638,7.651538848876953,7.559553623199463,0.18840570747852325,0.21481087803840637,47.23430319543186,74.64714634356673,0.07917825270787114,0.03109409036610217,0.015279402025043964,0.02054913528263569,1.1401505791824622,0.9785506327050907,0.3408534167442855
Full Model,D:\A题代码_公式包\clear text\屏幕截图 2026-02-03 160802.png,0.525132954120636,0.48414209485054016,0.8802583542737094,0.18317664314175322,0.17252058566990602,7.141214847564697,7.186022758483887,0.13148723542690277,0.16147808730602264,26.379389092022873,45.16937245575071,0.05928475354062821,2.3736055067647756e-05,0.011223585344851017,0.015688354149460793,1.2280894568399303,0.973188537357366,0.333633071729645
Full Model,D:\A题代码_公式包\clear text\屏幕截图 2026-02-03 161950.png,0.40636172890663147,0.4534807503223419,0.8245104551315308,0.2290207066935447,0.19913116944332826,7.475952625274658,7.413893699645996,0.23210497200489044,0.27546200156211853,175.4301890031198,258.8998278877485,0.02187183911465461,0.0011225481446222804,0.02704598382115364,0.03525177389383316,1.1867992793766422,0.9426036218396799,0.35912818162015586
Full Model,D:\A题代码_公式包\clear text\屏幕截图 2026-02-03 162130.png,0.4498051404953003,0.4437158703804016,0.8067561279643665,0.2752699185542395,0.24012660431189498,7.552106857299805,7.493279457092285,0.1297454535961151,0.15417645871639252,56.82500414771677,86.88761210455168,0.019893783536907236,0.0005737708680464709,0.014703365974128246,0.019900571554899216,1.1882995593941605,0.9670924642325581,0.34571533025451123
Full Model,D:\A题代码_公式包\clear text\屏幕截图 2026-02-03 162314.png,0.3850076496601105,0.33225882053375244,0.6041069464250044,0.07912707743870402,0.08436995858781321,6.096319675445557,6.287014961242676,0.0582117885351181,0.08748096972703934,12.540704312054002,36.3320924110362,0.0020978324949659675,0.002059550880094326,0.009105229750275612,0.015033354982733727,1.5028049343819205,0.9550605572259628,0.264719570902629
Full Model,D:\A题代码_公式包\clear text\屏幕截图 2026-02-03 162446.png,0.36364319920539856,0.36115118861198425,0.6566385247490623,0.11144648459385459,0.10922048873169639,6.249050617218018,6.6121673583984375,0.07258625328540802,0.09233446419239044,10.913972784286209,23.10654558397592,0.006967384694367114,0.0009259287554356296,0.00819337647408247,0.011888007633388042,1.2720652798803664,0.9860206669898548,0.24773944943752654
Full Model,D:\A题代码_公式包\clear text\屏幕截图 2026-02-04 203521.png,0.3707539439201355,0.4106767177581787,0.7466849413785066,0.12908736470871593,0.11311564657994307,6.768037796020508,6.708258152008057,0.13771356642246246,0.20669454336166382,66.86942101542837,183.9117796079918,0.008068019611493825,0.006106180654681865,0.023046668618917465,0.037533342838287354,1.5009018325602617,0.9348864076378121,0.33894936973166034
Full Model,D:\A题代码_公式包\clear text\屏幕截图 2026-02-04 203619.png,0.5240667462348938,0.449078232049942,0.81650587645444,0.07652047997555701,0.0873914980805389,6.256358623504639,6.465339183807373,0.09960349649190903,0.17337730526924133,63.2370892083709,192.00014012567297,0.0009692208612037468,0.0011796438113335077,0.01771976239979267,0.03270905464887619,1.7406747427126157,0.9064260411752867,0.375415891333115
w/o Retinex,D:\A题代码_公式包\clear text\cam101_12-02_13-35.jpeg,0.42241156101226807,0.42774930596351624,0.7777260108427567,0.23095599825428997,0.24063826031981805,7.349150657653809,7.645025253295898,0.3271820843219757,0.46755096316337585,3158.225867978395,5574.084892594794,0.0057696759259259255,0.004840856481481482,0.10561104863882065,0.16272425651550293,1.4290236637015599,0.9091634000792451,0.5813834307221833
w/o Retinex,D:\A题代码_公式包\clear text\cam102_03-02_07-42 - .jpeg,0.4199084937572479,0.39529556035995483,0.7187192006544633,0.1722577333800307,0.1892163966738506,6.551889419555664,6.9285688400268555,0.2049582302570343,0.2908957898616791,2104.931223370378,3484.382369479801,0.011281828703703704,0.01160011574074074,0.06733255088329315,0.10259487479925156,1.4192931280944852,0.9373722589190947,0.4460756911340619
w/o Retinex,D:\A题代码_公式包\clear text\cam102_03-02_08-00 - .jpeg,0.4582531750202179,0.4347534775733948,0.7904608683152632,0.2102559240009242,0.2145764770198549,6.891057014465332,7.194036483764648,0.22768132388591766,0.314211368560791,2181.163246522118,3534.756628531826,0.029751157407407407,0.007951388888888888,0.0717780664563179,0.10665499418973923,1.380048949555676,0.9435414188475121,0.4748106488354423
w/o Retinex,D:\A题代码_公式包\clear text\cam102_03-02_08-51.jpeg,0.43220531940460205,0.410025954246521,0.7455017349936746,0.20962541268322046,0.21041923072366114,6.842887878417969,7.192170143127441,0.2176920622587204,0.3070569634437561,2054.3880677852844,3304.6331161179696,0.02582175925925926,0.00814236111111111,0.06851950287818909,0.10345779359340668,1.410510582737768,0.9369776894280288,0.4639098943158524
w/o Retinex,D:\A题代码_公式包\clear text\cam102_03-02_09-45.jpeg,0.4195566475391388,0.4041312336921692,0.7347840612584894,0.19069192727439205,0.20427341032907828,6.914595127105713,7.252714157104492,0.24420827627182007,0.35087382793426514,2365.021825803144,4102.0870337778015,0.00583912037037037,0.004024884259259259,0.08052874356508255,0.12430407106876373,1.4367810585816847,0.9281381967339085,0.4933525185407087
w/o Retinex,D:\A题代码_公式包\clear text\cam102_17-02_07-42.jpeg,0.45745405554771423,0.42818278074264526,0.7785141468048096,0.1962028215235175,0.19911362940028213,6.984780311584473,7.20375919342041,0.1898156851530075,0.26717057824134827,1793.987464252153,2756.320239229547,0.014710648148148148,0.011979166666666667,0.05853831022977829,0.08846782147884369,1.4075262780098854,0.9360460067296635,0.44261535875489166
w/o Retinex,D:\A题代码_公式包\clear text\cam103_02-02_20-43 - .jpeg,0.30162954330444336,0.2891460955142975,0.525720173662359,0.16622828046027752,0.1700291320031646,6.759535789489746,6.8885955810546875,0.17754465341567993,0.22928021848201752,1915.2316129295987,2225.8000364369,0.016550925925925927,0.012068865740740741,0.04558280110359192,0.06179523095488548,1.2913946741052071,0.948147022751799,0.33696759124621656
w/o Retinex,D:\A题代码_公式包\clear text\cam103_02-02_22-23.jpeg,0.29524096846580505,0.2812465727329254,0.5113574049689553,0.17603804143704213,0.17772333703229468,6.820976257324219,6.870522499084473,0.1727191060781479,0.21930550038814545,1877.0470768497084,2135.6941252699276,0.021015625,0.01460648148148148,0.04445081949234009,0.05940189212560654,1.2697233932684584,0.9496106681023015,0.3281570245191778
w/o Retinex,D:\A题代码_公式包\clear text\cam103_02-02_23-51.jpeg,0.2861560583114624,0.2706673741340637,0.4921224984255703,0.1717760198018337,0.1757630787627823,6.787363052368164,6.877480506896973,0.17479266226291656,0.22214239835739136,1892.7065723084165,2167.947144237042,0.016064814814814816,0.012317708333333333,0.044965676963329315,0.05997628718614578,1.2708909105162853,0.949379485038979,0.32602772926025103
w/o Retinex,D:\A题代码_公式包\clear text\cam103_12-02_14-24.jpeg,0.42278552055358887,0.4257296621799469,0.7740539312362671,0.2399807035891319,0.24044599752198395,7.107303619384766,7.471747398376465,0.2455211579799652,0.3378162980079651,2665.760482547051,4017.207641576035,0.008431712962962964,0.005934606481481482,0.07593371719121933,0.11198367178440094,1.3759152595702098,0.929239140227113,0.5040169942022952
w/o Retinex,D:\A题代码_公式包\clear text\cam106_03-02_00-55 - .jpeg,0.28695037961006165,0.27983996272087097,0.5087999322197654,0.1311852285576359,0.14306735597474374,6.402092933654785,6.627748012542725,0.16550281643867493,0.22365282475948334,2031.0845178421587,2639.9614495120873,0.010908564814814815,0.010355902777777778,0.04951291158795357,0.07088466733694077,1.351353662372597,0.9427356271696075,0.3361304655222942
w/o Retinex,D:\A题代码_公式包\clear text\cam110_02-02_18-57.jpeg,0.3004944324493408,0.2985462248325348,0.5428113178773359,0.1620842236283031,0.17788921181796463,6.787729740142822,7.007383823394775,0.19758351147174835,0.25811976194381714,1992.228960817933,2647.3408473306536,0.017864583333333333,0.01545138888888889,0.05329476669430733,0.07475012540817261,1.3063831172616809,0.9451346086618325,0.36430759030760274
w/o Retinex,D:\A题代码_公式包\clear text\cam110_07-02_08-28.jpeg,0.4207269847393036,0.4166046380996704,0.7574629783630371,0.1851169070903971,0.2050861734203594,6.948529243469238,7.246768951416016,0.2251625806093216,0.3109242022037506,2505.5965720965346,3810.313603031957,0.007659143518518518,0.006252893518518519,0.06981910020112991,0.10251349210739136,1.3808875996752457,0.9359716817790414,0.47228666172751377
w/o Retinex,D:\A题代码_公式包\clear text\cam111_03-02_09-49.jpeg,0.42198169231414795,0.3803934156894684,0.6916243921626697,0.13891261314929,0.15944350095133092,6.5068678855896,6.822952747344971,0.17032505571842194,0.24059556424617767,1900.1460015172136,2853.9148753040117,0.006293402777777778,0.0059172453703703705,0.053312964737415314,0.0798054113984108,1.4125670766351848,0.939988931595474,0.40089943004485357
w/o Retinex,D:\A题代码_公式包\clear text\cam111_17-02_07-01 - .jpeg,0.3909599184989929,0.35624444484710693,0.6477171724492853,0.11207160789580675,0.13101821190795965,6.240609645843506,6.62948751449585,0.13606928288936615,0.1920730322599411,1494.1373904481402,1894.494593407391,0.013761574074074074,0.021061921296296297,0.037119779735803604,0.05485692620277405,1.4115826176630164,0.9412918882876834,0.34309366051229706
w/o Retinex,D:\A题代码_公式包\clear text\cam112_02-02_19-15.jpeg,0.2964478135108948,0.2883584201335907,0.5242880366065286,0.14586034275378754,0.16556334981151485,6.524833679199219,6.811100006103516,0.1822957992553711,0.2412537932395935,1701.0853383890787,2267.976411899863,0.014565972222222221,0.012566550925925925,0.04957517236471176,0.07067544758319855,1.3234194242580508,0.946598493472992,0.3423468891777532
w/o Retinex,D:\A题代码_公式包\clear text\cam112_02-02_20-03.jpeg,0.3310602903366089,0.31342899799346924,0.5698709054426713,0.15033019217787744,0.1653611678402737,6.691838264465332,6.870364189147949,0.17145967483520508,0.23213611543178558,1675.7067283789531,2205.3727214552305,0.018605324074074073,0.016299189814814815,0.04766090214252472,0.06915660202503204,1.3538816894831636,0.9400626795547761,0.3532894237051854
w/o Retinex,D:\A题代码_公式包\clear text\cam112_30-01_19-33 - .jpeg,0.32236069440841675,0.3232051134109497,0.5876456607471812,0.15355823768086338,0.17503104312386855,6.929708957672119,7.122776985168457,0.20461204648017883,0.2795180082321167,1782.3523957320265,2491.016079091507,0.01136574074074074,0.011513310185185185,0.05563219636678696,0.0814683735370636,1.3660877560492144,0.9385071088960639,0.3865982731600619
w/o Retinex,D:\A题代码_公式包\clear text\cam115_02-02_21-32.jpeg,0.2882762551307678,0.2858499586582184,0.519727197560397,0.15447352883212076,0.17253538558097037,6.322131156921387,6.647360324859619,0.19852463901042938,0.26611563563346863,2005.1452247604473,2816.6778509328583,0.015772569444444443,0.013721064814814814,0.05879370868206024,0.08426085114479065,1.340466580527162,0.9450272776610434,0.3617440483810132
w/o Retinex,D:\A题代码_公式包\clear text\cam115_02-02_22-43.jpeg,0.28199878334999084,0.2784344255924225,0.5062444101680408,0.15741051671502426,0.17449277389282852,6.341675281524658,6.669723033905029,0.20250888168811798,0.2729724943637848,2033.0656149188926,2860.5173778825924,0.015454282407407408,0.013405671296296296,0.05955422669649124,0.08560580760240555,1.3479531552468391,0.9427508713795714,0.36474608982862305
w/o Retinex,D:\A题代码_公式包\clear text\cam115_03-02_09-39 - .jpeg,0.41242891550064087,0.3929775357246399,0.714504610408436,0.17144847254031023,0.19614909922612675,6.791445732116699,7.157465934753418,0.23527365922927856,0.33184027671813965,2685.4755542561516,4499.014883082561,0.006614583333333333,0.005610532407407408,0.08041410148143768,0.12075924128293991,1.4104438455696575,0.9347224107655551,0.48460417362171926
w/o Retinex,D:\A题代码_公式包\clear text\cam115_03-02_10-10.jpeg,0.4160018861293793,0.39614421129226685,0.7202622023495759,0.16631694339501799,0.19120411124799597,6.711528778076172,7.118870735168457,0.23043864965438843,0.32757294178009033,2568.4739900412646,4295.42555728563,0.006603009259259259,0.005532407407407408,0.07836595177650452,0.11855296045541763,1.4215190428917868,0.9332089782030469,0.4790438789507904
w/o Retinex,D:\A题代码_公式包\clear text\cam115_03-02_10-42.jpeg,0.4239993989467621,0.40378281474113464,0.7341505722566084,0.166275777977412,0.1914775176219812,6.8374762535095215,7.19191312789917,0.23731060326099396,0.3386160433292389,2572.063828312241,4367.161997676737,0.006588541666666667,0.005601851851851852,0.08009333908557892,0.12198927998542786,1.4268896994881626,0.9325538722665582,0.48842275958698184
w/o Retinex,D:\A题代码_公式包\clear text\cam11_03-02_11-26.jpeg,0.3851301372051239,0.3677555322647095,0.6686464222994717,0.17570722275650053,0.19077749597186838,7.236855506896973,7.371657848358154,0.30961745977401733,0.4294796288013458,2265.2143889031445,3606.019579107103,0.0115234375,0.009333570075757575,0.08420360833406448,0.12436243146657944,1.3871298288363019,0.9290294745272052,0.4759756722203052
w/o Retinex,D:\A题代码_公式包\clear text\cam11_10-02_07-09.jpeg,0.38667240738868713,0.37377727031707764,0.6795950369401411,0.17571069955210025,0.19206867869780392,7.28474235534668,7.392155647277832,0.3236597776412964,0.4452073872089386,2345.2490373977416,3704.973619897167,0.012313565340909091,0.010828006628787879,0.08635152876377106,0.12651298940181732,1.3755413417352904,0.9306091424673457,0.48262744776584504
w/o Retinex,D:\A题代码_公式包\clear text\cam11_12-02_13-40.jpeg,0.41207876801490784,0.379930317401886,0.6907823952761563,0.15099109252719853,0.16966560876211234,6.795062065124512,7.043892860412598,0.2752944529056549,0.3921459913253784,2000.960978929889,3135.6411751486685,0.010280539772727273,0.009543678977272728,0.07185932993888855,0.10879117250442505,1.4244601775451335,0.9216998448940603,0.45155581513345505
w/o Retinex,D:\A题代码_公式包\clear text\cam120_02-02_09-48.jpeg,0.4355648159980774,0.43540191650390625,0.7916398481889204,0.1804575931655269,0.20193447164011205,7.104185581207275,7.404445171356201,0.2794996500015259,0.39158985018730164,3034.6189192406923,5275.575313438979,0.006608796296296297,0.005844907407407407,0.09353454411029816,0.14114795625209808,1.4010388985354776,0.9350194143349675,0.535506222190936
w/o Retinex,D:\A题代码_公式包\clear text\cam120_02-02_10-07.jpeg,0.4344126284122467,0.4236496686935425,0.7702721248973499,0.18408838381669151,0.20539685659598422,7.036876201629639,7.296892166137695,0.276157021522522,0.3861876130104065,3004.0072850646216,5204.739882227358,0.006646412037037037,0.005685763888888889,0.09314912557601929,0.14046818017959595,1.3984348591823963,0.9330807543127977,0.5268915216171525
w/o Retinex,D:\A题代码_公式包\clear text\cam120_03-02_02-52 - .jpeg,0.3039255440235138,0.2980116903781891,0.5418394370512528,0.15142900089879713,0.16291108361016648,6.853757381439209,7.0273756980896,0.1932736337184906,0.26667115092277527,1817.1664669284814,2456.964745368227,0.010772569444444444,0.010324074074074074,0.05338374897837639,0.07809853553771973,1.3797596663949372,0.9341759256268666,0.3701552981547529
w/o Retinex,D:\A题代码_公式包\clear text\cam120_17-02_08-02 - .jpeg,0.4533112347126007,0.45412126183509827,0.8256750215183604,0.1879825498642388,0.20509116029774394,7.2459564208984375,7.49806022644043,0.2891601324081421,0.4099782109260559,3011.521869206399,5242.738350693238,0.008969907407407407,0.008969907407407407,0.09538678079843521,0.1453286111354828,1.4178241173060362,0.926698165886853,0.5504624326431764
w/o Retinex,D:\A题代码_公式包\clear text\cam120_17-02_19-14.jpeg,0.24920885264873505,0.24463912844657898,0.44479841535741627,0.14388485588743874,0.15602916444484355,6.418220043182373,6.606164455413818,0.19360853731632233,0.2595406472682953,1882.1599705663527,2536.817142957221,0.013237847222222222,0.010477430555555556,0.05309288948774338,0.07610803842544556,1.3405432937601451,0.9405862001275189,0.3332659584984014
w/o Retinex,D:\A题代码_公式包\clear text\cam126_03-02_11-56 - .jpeg,0.42672765254974365,0.41245514154434204,0.749918439171531,0.17589907596728693,0.20250136363905755,6.838520050048828,7.308995246887207,0.2741378843784332,0.3870207965373993,3621.800338064228,6578.923599279299,0.007225115740740741,0.0058709490740740744,0.10103181004524231,0.15302610397338867,1.4117742009944985,0.9336449560037136,0.5573750468018255
w/o Retinex,D:\A题代码_公式包\clear text\cam126_17-02_08-36.jpeg,0.42839527130126953,0.4334794580936432,0.7881444692611694,0.1863903075362696,0.2081883912412618,7.196381568908691,7.4888997077941895,0.2875351011753082,0.41175127029418945,2826.3598745658383,4968.541713421095,0.0072280092592592595,0.006009837962962963,0.09112241119146347,0.14042450487613678,1.4320035328434677,0.9270205169288384,0.5429492527647043
w/o Retinex,D:\A题代码_公式包\clear text\cam126_17-02_17-11.jpeg,0.4166643023490906,0.3940140902996063,0.7163892550901932,0.1480251866059975,0.16519981189378238,6.811367988586426,7.0508503913879395,0.19922156631946564,0.2836204171180725,1969.22514717861,2911.27635174193,0.010821759259259258,0.01120949074074074,0.05840601027011871,0.08885740488767624,1.4236431266739493,0.9328199343737678,0.4250248267065967
w/o Retinex,D:\A题代码_公式包\clear text\cam127_02-02_18-50.jpeg,0.30469465255737305,0.30067577958106995,0.5466832356019453,0.18329624666546654,0.1905121490197663,6.9145379066467285,7.07789421081543,0.21588928997516632,0.29273104667663574,1987.3199794405377,2797.973342224665,0.01453414351851852,0.009632523148148149,0.0651296004652977,0.09473607689142227,1.3559312755695168,0.9354551837478688,0.3913571788211665
w/o Retinex,D:\A题代码_公式包\clear text\cam127_02-02_22-51 - .jpeg,0.29016557335853577,0.2840408384799957,0.5164378881454468,0.1772807880983706,0.18772461295648193,6.707484245300293,6.939248085021973,0.21448905766010284,0.28628256916999817,2111.773812249999,2914.7351828510805,0.01587962962962963,0.010729166666666666,0.06491966545581818,0.09234955906867981,1.33471870686691,0.939194684864156,0.37906138975420345
w/o Retinex,D:\A题代码_公式包\clear text\cam127_12-02_14-59.jpeg,0.42939701676368713,0.4044860303401947,0.7354291460730813,0.18468005592715206,0.1873239117086537,7.1039252281188965,7.2501115798950195,0.277080237865448,0.3672851324081421,3176.5381727411714,5015.199300665208,0.025,0.007158564814814815,0.09383207559585571,0.13442499935626984,1.3255550481683689,0.9313306493630782,0.4873757981260408
w/o Retinex,D:\A题代码_公式包\clear text\cam136_02-02_10-00.jpeg,0.4671942889690399,0.43653762340545654,0.7937047698281028,0.18967647395814902,0.20101581090481754,7.319179058074951,7.4560346603393555,0.34630194306373596,0.46910539269447327,3688.291735527585,6235.065329774005,0.01868923611111111,0.009458912037037037,0.11880414932966232,0.17422471940517426,1.3546137115185655,0.9193253639743023,0.5625098220978332
w/o Retinex,D:\A题代码_公式包\clear text\cam136_02-02_10-15.jpeg,0.44370242953300476,0.4182392954826355,0.7604350826957008,0.18808352575788082,0.19972409298617097,7.324538707733154,7.450416564941406,0.34013497829437256,0.46610257029533386,3589.9976851850515,6160.2316918130755,0.013825231481481482,0.008874421296296297,0.11683879792690277,0.17319655418395996,1.3703458711272438,0.9182926613888536,0.5569239188623504
w/o Retinex,D:\A题代码_公式包\clear text\cam136_02-02_21-25 - .jpeg,0.33407700061798096,0.33638399839401245,0.6116072698072953,0.17034681223471815,0.18541420269957107,6.839829921722412,7.093339443206787,0.23774868249893188,0.3289390206336975,2016.1979787796588,2862.0079320528757,0.03165219907407407,0.03076099537037037,0.06870418041944504,0.10141278058290482,1.3835576289017866,0.9246161990259502,0.4132311455267345
w/o Retinex,D:\A题代码_公式包\clear text\cam136_03-02_09-11 - .jpeg,0.4691813588142395,0.4454282522201538,0.8098695494911887,0.19100272041427954,0.20369895108619193,7.40407133102417,7.530481338500977,0.3607739508152008,0.5023361444473267,3791.8706469102312,6685.673697222013,0.011895254629629629,0.008136574074074074,0.12506215274333954,0.1880287081003189,1.3923847169554393,0.909994937186163,0.5927151553201433
w/o Retinex,D:\A题代码_公式包\clear text\cam137_02-02_09-53.jpeg,0.40997314453125,0.39816704392433167,0.7239400798624211,0.23969946989186577,0.22857995426082783,7.621668815612793,7.530418395996094,0.396441787481308,0.5017410516738892,3190.863799738599,4734.200292191798,0.03625414299242424,0.012914299242424243,0.11345867812633514,0.1541915237903595,1.2656108105880743,0.9349135122067253,0.5210760534260428
w/o Retinex,D:\A题代码_公式包\clear text\cam137_02-02_10-31.jpeg,0.39076995849609375,0.3879426121711731,0.7053502039475874,0.24034234915950511,0.23325479640981553,7.590137481689453,7.561285972595215,0.419035404920578,0.5243427157402039,3264.773580890441,4897.2064621264535,0.041293797348484845,0.013236860795454546,0.11701632291078568,0.15798047184944153,1.2513089255696894,0.9408797732439872,0.5274681132543743
w/o Retinex,D:\A题代码_公式包\clear text\cam137_03-02_00-28 - .jpeg,0.26110631227493286,0.27996307611465454,0.5090237747539172,0.2588014546539784,0.25738336499537,7.149971961975098,7.279770374298096,0.336468368768692,0.4134436845779419,2639.5894829256586,3762.056140142884,0.046803977272727275,0.015275804924242424,0.09328051656484604,0.1230359673500061,1.2287743367517932,0.9436608061834798,0.44131481174037857
w/o Retinex,D:\A题代码_公式包\clear text\cam137_03-02_00-42 - .jpeg,0.27773404121398926,0.30142942070961,0.5480534921992908,0.24100515088375327,0.24099007862435068,7.297811031341553,7.447519302368164,0.3500159680843353,0.44905564188957214,2546.5657076412303,3677.220195194512,0.04012192234848485,0.019001538825757575,0.09484263509511948,0.12968923151493073,1.2829575226670291,0.930933677604079,0.46083249883299937
w/o Retinex,D:\A题代码_公式包\clear text\cam137_03-02_05-10.jpeg,0.2750415802001953,0.29629188776016235,0.5387125232002952,0.24083952934424777,0.23783659008604321,7.301418304443359,7.4336347579956055,0.28088486194610596,0.3564198911190033,2079.1507130173527,2971.786171248386,0.04346590909090909,0.0123046875,0.07220190763473511,0.09875860065221786,1.268918066201994,0.9386257416253366,0.41987741631771125
w/o Retinex,D:\A题代码_公式包\clear text\cam137_03-02_08-20 - .jpeg,0.40231701731681824,0.3976624011993408,0.723022547635165,0.23640788496964535,0.23228227506755164,7.5371904373168945,7.542379856109619,0.4538218379020691,0.5713038444519043,3626.18482960595,5617.984253459953,0.03818063446969697,0.014959161931818182,0.1279584914445877,0.1734902411699295,1.2588724962423157,0.9405354524751371,0.5584846515419167
w/o Retinex,D:\A题代码_公式包\clear text\cam137_03-02_08-24.jpeg,0.3903328776359558,0.3898279368877411,0.7087780670686201,0.24798827366400827,0.24304928395019607,7.610590934753418,7.612283229827881,0.44996774196624756,0.5526372194290161,3509.7878911543285,5287.131504515752,0.03941169507575758,0.013796164772727272,0.12340570241212845,0.16435302793979645,1.2281706878064693,0.9469004261759337,0.5450420407510242
w/o Retinex,D:\A题代码_公式包\clear text\cam137_03-02_08-41.jpeg,0.39427560567855835,0.38898181915283203,0.7072396711869673,0.23595990623135987,0.2321766298256094,7.54606819152832,7.516017913818359,0.42264699935913086,0.5407619476318359,3379.1840259280875,5277.532551540238,0.03481001420454546,0.013461766098484849,0.11993236839771271,0.16538815200328827,1.279464810382179,0.9364507300145357,0.5441679429255777
w/o Retinex,D:\A题代码_公式包\clear text\cam141_30-01_23-05.jpeg,0.29419952630996704,0.29001036286354065,0.5272915688428012,0.14474321440179047,0.16342187417089055,6.809493064880371,7.070451259613037,0.180241659283638,0.2511976659297943,1716.1407404262634,2342.217927366121,0.008602430555555556,0.007534722222222222,0.051839038729667664,0.07669365406036377,1.393671478194414,0.9333517964174227,0.3654168369863096
w/o Retinex,D:\A题代码_公式包\clear text\cam143_12-02_14-15.jpeg,0.5187085866928101,0.4725954830646515,0.8592645146630027,0.22085557229600436,0.21767185596885624,7.056549072265625,7.096810817718506,0.18860167264938354,0.23398251831531525,1990.8576174490909,2331.453600367887,0.07468039772727272,0.01259765625,0.04387225583195686,0.056251946836709976,1.2406174372311252,0.9650986436703596,0.4159028901924903
w/o Retinex,D:\A题代码_公式包\clear text\cam143_12-02_14-30.jpeg,0.5213236808776855,0.4748932421207428,0.8634422584013505,0.22363836885276248,0.2208324464957925,6.914364337921143,6.977334022521973,0.19754400849342346,0.24618011713027954,2053.75341393547,2416.105437803233,0.09345703125,0.015166311553030304,0.046122945845127106,0.059238072484731674,1.2462038918244818,0.9651395480230274,0.42087707672593616
w/o Retinex,D:\A题代码_公式包\clear text\cam143_12-02_15-18.jpeg,0.5171031951904297,0.47238287329673767,0.8588779514486139,0.225547976432774,0.22248920753092508,6.842679977416992,6.907344818115234,0.19459958374500275,0.24045982956886292,2012.991106752338,2362.1195108948245,0.09985795454545454,0.01504498106060606,0.04518458619713783,0.05772970989346504,1.2356646626196233,0.9662778369420961,0.41445461678711887
w/o Retinex,D:\A题代码_公式包\clear text\cam143_12-02_15-38.jpeg,0.5131589770317078,0.4693194627761841,0.8533081141385165,0.2290845248502164,0.2271677693498373,6.764614105224609,6.8191752433776855,0.20144353806972504,0.24918027222156525,2046.9870665433323,2390.859963125819,0.10254202178030303,0.016767282196969695,0.04581473022699356,0.05835067108273506,1.2369732597446577,0.9647139366120319,0.41617418964290054
w/o Retinex,D:\A题代码_公式包\clear text\cam143_17-02_19-37.jpeg,0.34565305709838867,0.3329275846481323,0.6053228811784224,0.22292216275947518,0.21722700194016414,7.215879917144775,7.201655387878418,0.2061181515455246,0.2543681263923645,1979.0335735366236,2420.8886413342234,0.032652698863636365,0.010978929924242424,0.04926781728863716,0.06482184678316116,1.2340888825213985,0.956795332399592,0.37781326809084503
w/o Retinex,D:\A题代码_公式包\clear text\cam145_31-01_04-13.jpeg,0.32255321741104126,0.3038802742958069,0.5525095896287398,0.1939314004334733,0.1952198915248205,7.264856815338135,7.188797950744629,0.18804095685482025,0.2387571930885315,1667.5369090308477,2020.1621774705952,0.013923413825757576,0.008925189393939393,0.042681317776441574,0.058113083243370056,1.2697084571971455,0.9522135258195541,0.35350276739870334
w/o Retinex,D:\A题代码_公式包\clear text\cam145_31-01_04-26.jpeg,0.3271543085575104,0.30740928649902344,0.5589259754527698,0.19480930971964025,0.19563185156738763,7.261612415313721,7.17839241027832,0.18924719095230103,0.2411142885684967,1657.436375615345,1998.3592006709275,0.014367305871212122,0.00887784090909091,0.042594872415065765,0.05814588814973831,1.274070605919709,0.9504526234239935,0.3553316155568154
w/o Retinex,D:\A题代码_公式包\clear text\cam148_03-02_00-37 - .jpeg,0.29357635974884033,0.2693582773208618,0.4897423224015669,0.17047538666583362,0.1729835033839353,6.983057975769043,6.922107219696045,0.14017142355442047,0.18069502711296082,1546.7994177279372,1736.4329491144936,0.005980705492424242,0.007336055871212121,0.03224494308233261,0.04281938076019287,1.2891003201707578,0.9530813906923502,0.31184992614081425
w/o Retinex,D:\A题代码_公式包\clear text\cam148_03-02_01-45.jpeg,0.28534263372421265,0.2647683322429657,0.48139696771448304,0.17108515782584724,0.17249031018982486,7.021975040435791,6.986605644226074,0.13893134891986847,0.17920814454555511,1506.0896484248544,1684.6924127659302,0.005894886363636363,0.0071703361742424246,0.031451694667339325,0.041735414415597916,1.2899043350968897,0.954285980538805,0.3105776692340138
w/o Retinex,D:\A题代码_公式包\clear text\cam148_03-02_02-21.jpeg,0.34348592162132263,0.3150489032268524,0.5728161876851862,0.19831203856492347,0.1931075956933042,7.257804870605469,7.208006858825684,0.1532960683107376,0.19804032146930695,1528.3390150405069,1736.7191730618717,0.017252604166666668,0.008644057765151515,0.03418131172657013,0.04604257270693779,1.2918813362181147,0.9492595560984534,0.3454765182734109
w/o Retinex,D:\A题代码_公式包\clear text\cam14_02-02_09-48 - .jpeg,0.425413578748703,0.42059221863746643,0.7647131247953934,0.1874083813081124,0.21080925707862794,6.685297012329102,7.197631359100342,0.24754422903060913,0.3425169885158539,2787.047944053786,4596.075445430844,0.0067708333333333336,0.0057233796296296295,0.0826466754078865,0.12322527915239334,1.3836597870859197,0.9383957991205394,0.49990802136122897
w/o Retinex,D:\A题代码_公式包\clear text\cam14_02-02_09-52 - .jpeg,0.42792534828186035,0.42271339893341064,0.7685698162425647,0.1886359274044126,0.210925467172888,6.860334873199463,7.316022872924805,0.25620758533477783,0.3507763147354126,2866.4632240728683,4725.940978043009,0.006750578703703704,0.005607638888888889,0.08510448038578033,0.12572813034057617,1.3691098473745806,0.940538384289778,0.5054891503136276
w/o Retinex,D:\A题代码_公式包\clear text\cam14_03-02_00-13 - .jpeg,0.30258801579475403,0.29263657331466675,0.5320664969357577,0.1455641274132267,0.16442942400336716,6.822500228881836,7.037293434143066,0.1868382692337036,0.2530345022678375,1721.8255004863972,2231.2495370304728,0.011498842592592592,0.011212384259259259,0.050125349313020706,0.0720834955573082,1.354296980869969,0.9399298540297771,0.3563941720999497
w/o Retinex,D:\A题代码_公式包\clear text\cam150_17-02_08-41.jpeg,0.46939927339553833,0.4494799077510834,0.8172361959110606,0.204079329982614,0.20323151238214088,7.552454948425293,7.516114711761475,0.1799762099981308,0.23882430791854858,1502.060490255426,1791.63041461857,0.011268939393939394,0.006273674242424242,0.039373431354761124,0.05421058088541031,1.3269771575817075,0.9561022954237002,0.41875156716183976
w/o Retinex,D:\A题代码_公式包\clear text\cam156_02-02_10-05.jpeg,0.4457707703113556,0.4232100546360016,0.7694728266109119,0.18884048401095635,0.20300047837051372,7.310651779174805,7.450956344604492,0.35388222336769104,0.46621033549308777,4303.19022261978,7386.4001861896695,0.017621527777777778,0.011302083333333334,0.1279313862323761,0.18388693034648895,1.317416661051428,0.9373157843491325,0.5791984633258942
w/o Retinex,D:\A题代码_公式包\clear text\cam156_02-02_20-25 - .jpeg,0.2985530197620392,0.30909159779548645,0.5619847232645208,0.19702557686915426,0.20467531823791693,7.251126289367676,7.361861228942871,0.2582750916481018,0.34216445684432983,2559.1001531955967,3781.0018383242423,0.019748263888888888,0.013978587962962963,0.08123090863227844,0.11620307713747025,1.3248063318505898,0.9340180204664459,0.432859773981054
w/o Retinex,D:\A题代码_公式包\clear text\cam156_03-02_01-16.jpeg,0.2538717985153198,0.26967135071754456,0.4903115467591719,0.1827877997719063,0.1979009522373485,6.981518745422363,7.1776862144470215,0.25883767008781433,0.35042503476142883,2697.1107753541546,4239.278787079905,0.021030092592592593,0.013703703703703704,0.08578383177518845,0.12581123411655426,1.353840872246416,0.9282023623867458,0.43059786771886965
w/o Retinex,D:\A题代码_公式包\clear text\cam156_03-02_03-03.jpeg,0.2815003991127014,0.292976051568985,0.5326837301254272,0.1898937910978054,0.20046887841534589,7.189176082611084,7.321748733520508,0.2639494836330414,0.3594183921813965,2658.427332984696,4124.229492105442,0.018408564814814815,0.013480902777777777,0.08702878654003143,0.1273374855518341,1.3616937685550083,0.9265887556378178,0.4431852340581249
w/o Retinex,D:\A题代码_公式包\clear text\cam156_17-02_07-16 - .jpeg,0.3755209147930145,0.36691802740097046,0.6671236861835825,0.1648085086128659,0.18109589583323957,7.13770055770874,7.3100361824035645,0.2806984782218933,0.39412355422973633,3138.0029372946324,5569.845415608648,0.013995949074074074,0.012375578703703703,0.1015380471944809,0.15378917753696442,1.404081546077196,0.9253228361840045,0.5074075765187713
w/o Retinex,D:\A题代码_公式包\clear text\cam156_17-02_07-24 - .jpeg,0.38921287655830383,0.3761090934276581,0.6838347153230147,0.16696330922788385,0.18234462965338638,7.175168037414551,7.34183931350708,0.28618642687797546,0.4030907452106476,3199.394287872407,5737.302633079213,0.012670717592592593,0.011244212962962963,0.10374715924263,0.15768271684646606,1.4084900732981842,0.9229993821757145,0.5181519416428184
w/o Retinex,D:\A题代码_公式包\clear text\cam163_02-02_10-11.jpeg,0.4537525177001953,0.4438677728176117,0.8070323142138394,0.21466981119126405,0.22509354716041377,7.474682807922363,7.656553268432617,0.4546569585800171,0.5962251424789429,4773.709633144417,8076.864418720931,0.030729166666666665,0.011111111111111112,0.1527114361524582,0.2175729125738144,1.3113736671553207,0.9277455581773284,0.6425283005542056
w/o Retinex,D:\A题代码_公式包\clear text\cam16_17-02_07-12 - .jpeg,0.5214969515800476,0.4821608066558838,0.8766560121016068,0.19128926270793972,0.19580519421631085,7.296845436096191,7.478008270263672,0.3337969183921814,0.4731411635875702,2610.9924743914976,4406.911948598507,0.03925189393939394,0.011541193181818182,0.09748320281505585,0.1467309147119522,1.4174520676746487,0.923846200648836,0.5497493318016051
w/o Retinex,D:\A题代码_公式包\clear text\cam16_17-02_09-32 - .jpeg,0.5121505260467529,0.4727393090724945,0.8595260164954445,0.184891357390776,0.19023727819197886,7.1986236572265625,7.407257556915283,0.30717891454696655,0.44851770997047424,2400.3252544349743,4140.998255469573,0.018341619318181818,0.00702829071969697,0.09073063731193542,0.14023257791996002,1.4601188804738623,0.9186168926284709,0.5398597140232135
w/o Retinex,D:\A题代码_公式包\clear text\cam16_17-02_09-54 - .jpeg,0.5195394158363342,0.48048895597457886,0.8736162835901433,0.191569556476055,0.19745426478523992,7.229541778564453,7.461664199829102,0.33107441663742065,0.47745612263679504,2571.813939088545,4433.871144584037,0.04040601325757576,0.007936789772727272,0.09767834097146988,0.14924243092536926,1.442141465380292,0.9198690537027266,0.5560643797188094
w/o Retinex,D:\A题代码_公式包\clear text\cam172_02-02_23-05.jpeg,0.303230345249176,0.27383241057395935,0.49787711013447156,0.14421556929375962,0.15335553644304106,6.593408107757568,6.641490459442139,0.13552939891815186,0.1755087673664093,1463.1462593047002,1663.0331195113197,0.005699573863636363,0.006992779356060606,0.03225869685411453,0.04343132674694061,1.2949866088221944,0.9508290762592163,0.2960919977709672
w/o Retinex,D:\A题代码_公式包\clear text\cam174_02-02_09-49.jpeg,0.3685796856880188,0.36939045786857605,0.6716190143065018,0.21444844507711122,0.22739115607284655,7.289556503295898,7.37612771987915,0.3065880239009857,0.4008757174015045,4852.41622331043,6139.697128420743,0.011103219696969696,0.013778409090909091,0.09486547857522964,0.12885373830795288,1.3075386822666324,0.9403843755053972,0.5302740047519464
w/o Retinex,D:\A题代码_公式包\clear text\cam174_03-02_10-20.jpeg,0.38589370250701904,0.35561349987983704,0.6465699997815219,0.1710570666819964,0.18728292102861346,6.943169593811035,7.057406902313232,0.29496532678604126,0.39325448870658875,4591.012440419262,5706.36464458357,0.011055871212121211,0.014074337121212121,0.08838708698749542,0.12027020752429962,1.3332227714476872,0.9318901663411348,0.4946073731567782
w/o Retinex,D:\A题代码_公式包\clear text\cam174_03-02_11-43.jpeg,0.38417521119117737,0.35488495230674744,0.6452453678304498,0.1736500583676745,0.1909082315934725,6.905926704406738,7.059779167175293,0.30560460686683655,0.4044000804424286,4737.675499697879,5973.119578968255,0.010759943181818181,0.013991477272727273,0.09287196397781372,0.12630288302898407,1.3232786712553821,0.9348676320042367,0.5026827744277388
w/o Retinex,D:\A题代码_公式包\clear text\cam178_02-02_19-37.jpeg,0.3009842038154602,0.29044145345687866,0.5280753699215975,0.1888092288084913,0.1919670719269852,6.951822757720947,6.988612174987793,0.26904359459877014,0.35031458735466003,4393.992903622154,5156.508589409722,0.015293560606060606,0.016051136363636365,0.0792446956038475,0.10577011108398438,1.3020737314120983,0.9333289814757023,0.44537136909873887
w/o Retinex,D:\A题代码_公式包\clear text\cam178_02-02_22-47.jpeg,0.2949715256690979,0.28054937720298767,0.5100897767327048,0.1823850460281181,0.1847755464972879,6.936999320983887,6.9581708908081055,0.23200128972530365,0.29155999422073364,4237.0311577237,4884.987900484223,0.01631155303030303,0.01689157196969697,0.06923611462116241,0.08895396441221237,1.2567171926408218,0.9467813849409277,0.4112187614646405
w/o Retinex,D:\A题代码_公式包\clear text\cam180_02-02_09-53.jpeg,0.5271103382110596,0.48838678002357483,0.8879759636792269,0.23106485668317708,0.2294394179951195,7.105423927307129,7.234787464141846,0.25584617257118225,0.30483943223953247,1809.5451121703763,2230.9593363208523,0.11027166193181819,0.013165838068181819,0.05349463224411011,0.06827107816934586,1.1914949400899681,0.9734053201393155,0.43343696934272596
w/o Retinex,D:\A题代码_公式包\clear text\cam180_02-02_23-00.jpeg,0.32709214091300964,0.3107036352157593,0.5649157003922896,0.19513119617066604,0.20002610354875766,7.053857803344727,7.144824028015137,0.1996372789144516,0.24464626610279083,1497.2933043506628,1770.5852263598533,0.027965198863636364,0.007211766098484848,0.04130283743143082,0.054399799555540085,1.225453812737367,0.9568441116823585,0.3438463349326072
w/o Retinex,D:\A题代码_公式包\clear text\cam180_03-02_09-01.jpeg,0.5312613844871521,0.49438560009002686,0.8988829092545942,0.23428719155188468,0.23182462412670723,7.429990768432617,7.455933570861816,0.2657163441181183,0.3158291280269623,1949.021088991472,2453.9569562410716,0.020978338068181817,0.010484730113636364,0.05881229415535927,0.07583050429821014,1.1885950812807329,0.9706716533221421,0.4479113228054356
w/o Retinex,D:\A题代码_公式包\clear text\cam180_03-02_10-31.jpeg,0.5230116844177246,0.4851873219013214,0.8821587670933115,0.2283987192100329,0.22785947489077937,7.403241157531738,7.451559066772461,0.2583339810371399,0.3145594894886017,1883.7184565668917,2399.409099614368,0.0699899384469697,0.0103515625,0.05617697164416313,0.07304468005895615,1.2176465274327428,0.968255044080592,0.4479944272616737
w/o Retinex,D:\A题代码_公式包\clear text\cam180_17-02_07-15.jpeg,0.43628180027008057,0.4178379476070404,0.759705359285528,0.19030905554744892,0.20359810585107188,7.207810401916504,7.341790676116943,0.2548212707042694,0.325997918844223,1870.4819195446998,2497.9322407367713,0.00791607481060606,0.007877604166666666,0.05716150254011154,0.07744481414556503,1.279319918802233,0.9601876556856563,0.43105572507085543
w/o Retinex,D:\A题代码_公式包\clear text\cam181_17-02_08-14.jpeg,0.5189782381057739,0.47882282733917236,0.8705869587984951,0.22625086604886982,0.22323269138415344,7.127389430999756,7.195547580718994,0.1694244146347046,0.2204476296901703,1761.491578103338,2122.5461794751714,0.09261067708333333,0.013029711174242424,0.04160260409116745,0.055927738547325134,1.3011562614730379,0.9590795732235862,0.4262035216371298
w/o Retinex,D:\A题代码_公式包\clear text\cam187_17-02_19-15.jpeg,0.3265188932418823,0.325855553150177,0.5924646420912308,0.21037328680019104,0.20278939481892982,7.1766228675842285,7.1459150314331055,0.196961909532547,0.2393624633550644,1902.739156182861,2347.984337336292,0.03290719696969697,0.012248461174242425,0.04800891503691673,0.06326059252023697,1.215272858848733,0.9568269051713261,0.35853339329290185
w/o Retinex,D:\A题代码_公式包\clear text\cam18_02-02_09-56 - .jpeg,0.4011119604110718,0.4049959182739258,0.7363562150435013,0.2757359916361135,0.2669344164661473,7.404263019561768,7.624095916748047,0.30716419219970703,0.4043821096420288,3104.6452149291404,4919.498678077302,0.08609375,0.009916087962962963,0.10063394904136658,0.14215244352817535,1.316501531832933,0.9480856424833551,0.5360215088380362
w/o Retinex,D:\A题代码_公式包\clear text\cam18_02-02_22-31 - .jpeg,0.24622124433517456,0.26512178778648376,0.48203961415724317,0.16670036316234285,0.18590022591470737,6.522079944610596,6.877278804779053,0.2621346712112427,0.3434198498725891,2688.8106180166737,4050.541590135781,0.01988136574074074,0.01781828703703704,0.08234545588493347,0.11651447415351868,1.3100894249916766,0.9406420470125012,0.40385540009903975
w/o Retinex,D:\A题代码_公式包\clear text\cam18_03-02_03-08.jpeg,0.2878369688987732,0.3012404441833496,0.547709898515181,0.15184147780597765,0.17341765535787732,6.688593864440918,7.029086589813232,0.2554536461830139,0.3488483130931854,2461.488052654996,3780.6987459291063,0.019539930555555557,0.019270833333333334,0.07903289794921875,0.11573498696088791,1.3656032435247154,0.9306164493944079,0.41898243305505445
w/o Retinex,D:\A题代码_公式包\clear text\cam190_31-01_00-14.jpeg,0.3550992012023926,0.3498872220516205,0.6361585855484009,0.18807154407989152,0.19131225868132287,7.141602993011475,7.2220964431762695,0.18009787797927856,0.2215406447649002,1327.6102322630097,1526.0994188485963,0.021549479166666666,0.006803385416666667,0.03556590899825096,0.04767957702279091,1.2301124715839054,0.9566390119532365,0.3444586857954812
w/o Retinex,D:\A题代码_公式包\clear text\cam195_30-01_19-39.jpeg,0.3143550157546997,0.32705074548721313,0.5946377190676602,0.25411623528503674,0.25012870170033136,7.529986381530762,7.593385696411133,0.32909077405929565,0.3818419575691223,1870.3928576067372,2326.477515491235,0.041178385416666664,0.01133996212121212,0.06834065169095993,0.08583851903676987,1.1602937418216528,0.9587479934797213,0.41062554822317104
w/o Retinex,D:\A题代码_公式包\clear text\cam197_02-02_22-00.jpeg,0.31029653549194336,0.320381760597229,0.5825122919949618,0.17865397872362127,0.19271794598083755,7.126138687133789,7.291723251342773,0.28226909041404724,0.37882527709007263,2636.51371433396,4076.726535503171,0.018880208333333332,0.01648726851851852,0.08560316264629364,0.12382255494594574,1.3420715148137434,0.9332039151894096,0.4486328554751622
w/o Retinex,D:\A题代码_公式包\clear text\cam204_02-02_09-57.jpeg,0.4257877469062805,0.40874966979026794,0.7431812178004871,0.20717410674942752,0.21200593992719569,7.178328514099121,7.364839553833008,0.3610683083534241,0.4625367820262909,4034.321044557163,6153.128859563078,0.036278935185185185,0.011027199074074075,0.11912862211465836,0.1644420325756073,1.28102290365787,0.9387412471859898,0.5406294629871877
w/o Retinex,D:\A题代码_公式包\clear text\cam204_02-02_21-05.jpeg,0.26526734232902527,0.27632659673690796,0.5024119940671053,0.18534726480973499,0.19464040210909211,6.853494167327881,7.011180400848389,0.22271335124969482,0.29292792081832886,2276.2940834101923,2989.915289016954,0.028489583333333332,0.021843171296296298,0.06401500105857849,0.08961546421051025,1.3152687491389679,0.9398788069970824,0.380104297389063
w/o Retinex,D:\A题代码_公式包\clear text\cam204_02-02_23-56.jpeg,0.29014813899993896,0.30059385299682617,0.5465342781760476,0.1927312642311601,0.2013225913805979,7.029225826263428,7.167934894561768,0.24639052152633667,0.32348543405532837,2385.3649703569745,3168.2048389062948,0.031689814814814816,0.02298900462962963,0.07051670551300049,0.09889434278011322,1.3128972353916402,0.9339092105195155,0.40366143388227715
w/o Retinex,D:\A题代码_公式包\clear text\cam208_02-02_23-43.jpeg,0.2645230293273926,0.27535009384155273,0.5006365342573686,0.18412944294389857,0.19437990537443176,6.854110240936279,7.06496524810791,0.25712135434150696,0.3441786766052246,2526.4917126608766,3677.682565710968,0.02572337962962963,0.014641203703703703,0.07683345675468445,0.11087191849946976,1.338584524299907,0.9307720422112277,0.4122088796897418
w/o Retinex,D:\A题代码_公式包\clear text\cam20_02-02_09-48 - .jpeg,0.433753103017807,0.42849016189575195,0.7790730216286399,0.24604119226784882,0.25030388551950333,7.623144149780273,7.69985294342041,0.4295238256454468,0.5552762150764465,3595.1952484886096,5487.407642938624,0.009824810606060606,0.01124230587121212,0.12228293716907501,0.16796137392520905,1.2927716099514013,0.9450559419906488,0.5813820273107179
w/o Retinex,D:\A题代码_公式包\clear text\cam20_02-02_20-27 - .jpeg,0.3118704557418823,0.32331305742263794,0.5878419225866144,0.2097366545430236,0.21393767073897504,7.316989421844482,7.438477993011475,0.2274230420589447,0.2945787310600281,1925.6879524061414,2491.0501680959487,0.02996863162878788,0.013668915719696969,0.05418739467859268,0.07453175634145737,1.2952897697507855,0.9434552035654882,0.40074001560685757
w/o Retinex,D:\A题代码_公式包\clear text\cam20_03-02_09-37 - .jpeg,0.42841875553131104,0.4252011477947235,0.7730929959904063,0.2442927569216675,0.2465429053185562,7.590270519256592,7.717543601989746,0.45308756828308105,0.5874013900756836,3804.178465180402,5801.975058311133,0.03676313920454546,0.010620857007575757,0.12975367903709412,0.17844411730766296,1.2964411822757556,0.9363098688630604,0.5932201561033162
w/o Retinex,D:\A题代码_公式包\clear text\cam213_03-02_09-42.jpeg,0.5103495121002197,0.47382572293281555,0.8615013144233009,0.22963389001717865,0.22958461596189425,7.4589972496032715,7.420718193054199,0.25393420457839966,0.31739291548728943,1751.858736912716,2176.3160326639727,0.04533617424242424,0.00917376893939394,0.053465258330106735,0.07082612812519073,1.2499022661297412,0.960201189418774,0.4460474905749906
w/o Retinex,D:\A题代码_公式包\clear text\cam217_02-02_10-12.jpeg,0.429484099149704,0.3949275016784668,0.7180500030517578,0.16727344484763587,0.17672161877513326,7.160552024841309,7.239560127258301,0.2021077275276184,0.2690061032772064,1477.9653163205735,1834.4590797130068,0.00537109375,0.006827059659090909,0.041851941496133804,0.058136001229286194,1.331003544792953,0.9506714498613924,0.3921276355629535
w/o Retinex,D:\A题代码_公式包\clear text\cam217_02-02_22-14.jpeg,0.32912367582321167,0.3319430351257324,0.6035327911376953,0.18497688819934538,0.19812180924883632,6.940121650695801,7.097497940063477,0.25151681900024414,0.3200835585594177,1650.60771162858,2155.965749907822,0.006995738636363637,0.007927911931818183,0.053312722593545914,0.07282144576311111,1.2726129677416516,0.9527604868904411,0.38423790758542337
w/o Retinex,D:\A题代码_公式包\clear text\cam219_12-02_14-11.jpeg,0.5230683088302612,0.4781891703605652,0.8694348552010276,0.24670342007792379,0.23512776745351763,7.45262336730957,7.43585205078125,0.16899456083774567,0.20771251618862152,2029.9695992823058,2301.7459225494345,0.06899562026515152,0.01084280303030303,0.04131763428449631,0.052112970501184464,1.2291076746797216,0.9673871114145957,0.42416577930637744
w/o Retinex,D:\A题代码_公式包\clear text\cam219_17-02_07-23.jpeg,0.5172582268714905,0.4773366153240204,0.8678847551345824,0.23336481924995353,0.22584331232833985,7.464069843292236,7.419550895690918,0.18067467212677002,0.22830599546432495,2079.79708100135,2435.1586875448847,0.022676964962121213,0.011153527462121213,0.04498787224292755,0.05847826972603798,1.2636303562266027,0.9633158822060576,0.4340577580747885
w/o Retinex,D:\A题代码_公式包\clear text\cam223_02-02_20-10.jpeg,0.2088296115398407,0.22278641164302826,0.4050662029873241,0.1546348194056408,0.16383058033409387,6.307554244995117,6.645709037780762,0.14892050623893738,0.1966511458158493,1687.4899537020624,2132.7596177071277,0.01894675925925926,0.010133101851851851,0.04401829466223717,0.062088824808597565,1.320510902879773,0.9489716632818262,0.3034547727326557
w/o Retinex,D:\A题代码_公式包\clear text\cam223_17-02_07-40.jpeg,0.4101335406303406,0.3778400719165802,0.6869819489392367,0.17385384198198783,0.1867922538347907,7.011262893676758,7.216375350952148,0.21184377372264862,0.29349544644355774,1786.9067187135297,2509.6927314787686,0.008278356481481482,0.006753472222222222,0.05599761754274368,0.08247876167297363,1.3854334784660556,0.939359312361786,0.41970230296096267
w/o Retinex,D:\A题代码_公式包\clear text\cam223_17-02_20-11.jpeg,0.24764880537986755,0.248007133603096,0.4509220610965382,0.1924282372189158,0.19163828936126642,6.585716247558594,6.755786418914795,0.14304658770561218,0.17565619945526123,1440.3654890036164,1615.5062065680777,0.030338541666666666,0.01855902777777778,0.03455556556582451,0.045621585100889206,1.227965022675233,0.9596520838131158,0.29090284788680043
w/o Retinex,D:\A题代码_公式包\clear text\cam223_17-02_20-42.jpeg,0.2897794544696808,0.2787826359272003,0.506877519867637,0.16807233772777352,0.17038121421715938,6.905741214752197,6.969272136688232,0.13688693940639496,0.17705483734607697,1413.7927574568303,1617.3814480830356,0.01659722222222222,0.015381944444444445,0.03332369774580002,0.0456918440759182,1.2934384706838784,0.9546959087438295,0.31085595512485786
w/o Retinex,D:\A题代码_公式包\clear text\cam23_03-02_01-52 - .jpeg,0.2966262996196747,0.28119152784347534,0.5112573233517733,0.13466613120687704,0.15384654250764623,6.550930500030518,6.8406662940979,0.16670888662338257,0.23325401544570923,1698.5361129917642,2259.1134230805987,0.008153935185185186,0.008148148148148147,0.04665429890155792,0.06901048123836517,1.3991697013498454,0.9346171556307721,0.34903659630016426
w/o Retinex,D:\A题代码_公式包\clear text\cam23_17-02_19-25 - .jpeg,0.28572556376457214,0.2654304504394531,0.48260081898082385,0.16026653537510654,0.15991024346322819,6.5880560874938965,6.570350646972656,0.13315512239933014,0.17508412897586823,1628.6478066003033,2059.5879364822367,0.014554398148148148,0.00859375,0.039349716156721115,0.05551780387759209,1.3148884791713455,0.9545339514403421,0.3068361578690536
w/o Retinex,D:\A题代码_公式包\clear text\cam245_02-02_22-06.jpeg,0.2840006351470947,0.3073732256889343,0.5588604103435169,0.23084423765321924,0.23117004888310133,7.325503826141357,7.471120357513428,0.27257803082466125,0.365337610244751,1042.9568289361032,1899.5664503944809,0.024849076704545454,0.006862571022727273,0.06421543657779694,0.09367815405130386,1.3403045769078534,0.9300990824371663,0.41299307636109245
w/o Retinex,D:\A题代码_公式包\clear text\cam245_17-02_08-16.jpeg,0.44812455773353577,0.44687214493751526,0.8124948089773004,0.2241473731888966,0.23357452098258685,7.674623012542725,7.725811004638672,0.44583937525749207,0.583599865436554,3742.2073267323785,6202.150351135388,0.014527107007575757,0.013754734848484848,0.12536169588565826,0.17682911455631256,1.3089912726613853,0.9376142964141592,0.6065023119669072
w/o Retinex,D:\A题代码_公式包\clear text\cam245_17-02_09-21.jpeg,0.46433645486831665,0.4430767297744751,0.8055940541354092,0.1960719750975638,0.20801855457887367,7.488080024719238,7.579083442687988,0.3607501983642578,0.4550100266933441,3017.6789189265646,4694.499628174522,0.013109611742424242,0.013645241477272727,0.09459865093231201,0.12822048366069794,1.2612883417469183,0.9567628537876307,0.5207758466044833
w/o Retinex,D:\A题代码_公式包\clear text\cam245_17-02_20-38.jpeg,0.3003353774547577,0.32450512051582336,0.5900093100287698,0.23320459056242654,0.23655763443120556,7.408227920532227,7.5168256759643555,0.2427177131175995,0.2961135506629944,2052.6313491078577,2774.7058182408637,0.04315814393939394,0.03251657196969697,0.06132237985730171,0.08087731897830963,1.2199915401547117,0.9504169619731989,0.40170432470143547
w/o Retinex,D:\A题代码_公式包\clear text\cam245_17-02_20-47.jpeg,0.3330221474170685,0.3497972786426544,0.6359950520775535,0.23570241657401403,0.23427448482271074,7.497023582458496,7.56233024597168,0.2533687651157379,0.3149099051952362,2196.9403823276657,3000.6503281995197,0.048384232954545456,0.03555279356060606,0.06717271357774734,0.08957331627607346,1.2428916322791637,0.9472633495221303,0.4230441937293873
w/o Retinex,D:\A题代码_公式包\clear text\cam252_03-02_01-47.jpeg,0.32606789469718933,0.3413388431072235,0.62061607837677,0.22083260660393533,0.22261777457826096,7.4488115310668945,7.500638484954834,0.3290231227874756,0.42546188831329346,2079.8479314356055,2940.2691045077686,0.027681107954545453,0.02080669981060606,0.0756518542766571,0.10514724254608154,1.2931063926370125,0.9312945914402554,0.44876111968141685
w/o Retinex,D:\A题代码_公式包\clear text\cam255_17-02_08-11.jpeg,0.472038596868515,0.43718233704566956,0.7948769764466719,0.1945828015747981,0.19708171117321227,7.277055263519287,7.375118255615234,0.3116835057735443,0.4496365487575531,2486.0959367340397,3904.88876323016,0.02888849431818182,0.017199337121212122,0.08660878986120224,0.13211402297019958,1.442606150606047,0.9111732564781205,0.5208593633880093
w/o Retinex,D:\A题代码_公式包\clear text\cam255_17-02_09-21.jpeg,0.4791506826877594,0.44248852133750916,0.8045245842500166,0.19607765503569688,0.19827981990438973,7.303783416748047,7.407939910888672,0.2990362048149109,0.4327557682991028,2223.0226385068936,3315.260165563247,0.02648259943181818,0.013589015151515152,0.07728057354688644,0.11736425757408142,1.4471684511788385,0.912363577816626,0.5088375580192357
w/o Retinex,D:\A题代码_公式包\clear text\cam255_17-02_09-32.jpeg,0.4712257981300354,0.4392912983894348,0.7987114516171542,0.19420167823386705,0.19938969537544954,7.237849235534668,7.382735252380371,0.32556527853012085,0.46706509590148926,2758.408625967684,4519.661902197216,0.03104285037878788,0.01641808712121212,0.09560458362102509,0.14570994675159454,1.4346280462061891,0.9120398915183472,0.5385646460995328
w/o Retinex,D:\A题代码_公式包\clear text\cam281_17-02_19-39.jpeg,0.2697230875492096,0.28309136629104614,0.5147115750746294,0.181337725350045,0.18897286490322895,7.0127668380737305,7.164451599121094,0.2684192657470703,0.36172008514404297,2217.0226248423173,3161.278024190232,0.023763020833333332,0.014216382575757575,0.07427991926670074,0.10677419602870941,1.3475936061342875,0.9278228030950535,0.4088055487082468
w/o Retinex,D:\A题代码_公式包\clear text\cam287_02-02_20-52.jpeg,0.31795287132263184,0.3308803141117096,0.6016005711121992,0.20329115406557843,0.21366360963870534,7.414028167724609,7.544788360595703,0.2712878882884979,0.341989129781723,1925.724907618112,2798.072941468075,0.025423177083333335,0.010677083333333334,0.06484318524599075,0.08813698589801788,1.26061332342526,0.9559485655624536,0.4175492523111439
w/o Retinex,D:\A题代码_公式包\clear text\cam287_02-02_21-07.jpeg,0.3377175033092499,0.3523196280002594,0.6405811418186533,0.23704096323110108,0.23931837715864698,7.546860218048096,7.650271892547607,0.3681195080280304,0.4744820296764374,2685.0351724086845,4108.03501171535,0.04373224431818182,0.016421046401515153,0.0992831438779831,0.13756808638572693,1.288934768153978,0.9371609825901599,0.499232413821295
w/o Retinex,D:\A题代码_公式包\clear text\cam287_02-02_22-34.jpeg,0.30875369906425476,0.3282872438430786,0.5968858978965066,0.20372196170321052,0.21414823826255017,7.373979568481445,7.5041656494140625,0.3406059145927429,0.46343880891799927,2563.207676385401,3960.594676114302,0.028776041666666665,0.01923828125,0.09488378465175629,0.13662800192832947,1.3606305373924583,0.9185178856650283,0.4839909159485665
w/o Retinex,D:\A题代码_公式包\clear text\cam287_03-02_00-16.jpeg,0.30909162759780884,0.32690680027008057,0.5943760004910555,0.2116899703075038,0.21939260772748467,7.372553825378418,7.505359172821045,0.32883960008621216,0.43169349431991577,2571.428705036585,3891.707732801823,0.03270596590909091,0.020780066287878787,0.09077692031860352,0.126649409532547,1.3127783432948859,0.9322474980981051,0.4688343649208932
w/o Retinex,D:\A题代码_公式包\clear text\cam287_03-02_08-01.jpeg,0.4388352334499359,0.43133342266082764,0.7842425866560502,0.22975276156326388,0.23278541725439245,7.586516380310059,7.677615642547607,0.48270517587661743,0.6157111525535583,3816.184644633513,6158.41739169937,0.03967211174242424,0.015947561553030305,0.13814319670200348,0.18912102282047272,1.2755429048232112,0.9421908213309541,0.5984892613241004
w/o Retinex,D:\A题代码_公式包\clear text\cam291_02-02_23-16.jpeg,0.2902068793773651,0.2974688410758972,0.540852438319813,0.1728145143973026,0.18700118490042147,7.196248531341553,7.302051067352295,0.3090861439704895,0.42892420291900635,2472.622299067915,3641.8491927751606,0.009845525568181818,0.010197679924242425,0.08340784162282944,0.1224495992064476,1.387717401836488,0.9202528360634854,0.4504991827352343
w/o Retinex,D:\A题代码_公式包\clear text\cam291_02-02_23-35.jpeg,0.2977786660194397,0.30347174406051636,0.551766807382757,0.17064208080863402,0.18499585015201478,7.183636665344238,7.289319038391113,0.3093957006931305,0.42895007133483887,2486.8772401885008,3660.168014780671,0.009978693181818182,0.010366358901515152,0.0834631472826004,0.12228160351514816,1.3864125324290275,0.9199507821417617,0.45139338579297067
w/o Retinex,D:\A题代码_公式包\clear text\cam291_02-02_23-53.jpeg,0.292831689119339,0.29841527342796326,0.5425732244144785,0.17178168429296903,0.18640200642313925,7.199439525604248,7.301279544830322,0.3051948845386505,0.4228183627128601,2492.5123129803414,3655.695022055851,0.009599905303030303,0.01054391571969697,0.08297672122716904,0.12152192741632462,1.3854045207760535,0.9222484860279597,0.44916628043013324
w/o Retinex,D:\A题代码_公式包\clear text\cam291_12-02_13-38.jpeg,0.4670604467391968,0.4397202432155609,0.7994913513010198,0.2048011086642606,0.21172258013160375,7.311505317687988,7.4484429359436035,0.4157518148422241,0.552155077457428,3567.4021881733697,5745.731181649837,0.03209339488636364,0.014728338068181818,0.12134191393852234,0.1732134371995926,1.3280881600175822,0.926311953715341,0.5721963660359821
w/o Retinex,D:\A题代码_公式包\clear text\cam291_17-02_09-00.jpeg,0.47112372517585754,0.4473682641983032,0.8133968439969149,0.20625417009820401,0.2142446742993089,7.434890270233154,7.549117565155029,0.42544466257095337,0.5722824931144714,3642.7487620890174,5941.271336807483,0.02138080018939394,0.016119199810606062,0.12374772131443024,0.17861118912696838,1.3451396961558504,0.9212446880070664,0.5900867488184334
w/o Retinex,D:\A题代码_公式包\clear text\cam291_17-02_19-30.jpeg,0.26947835087776184,0.28431329131126404,0.5169332569295709,0.19040500068657562,0.20548496926940593,7.047173976898193,7.27360725402832,0.3061869442462921,0.41056758165359497,2675.673807640522,3952.417729127733,0.022419507575757575,0.014524147727272728,0.08754818886518478,0.1244034394621849,1.3409049779768916,0.9342878733105573,0.4473793078292331
w/o Retinex,D:\A题代码_公式包\clear text\cam294_03-02_07-23.jpeg,0.49264582991600037,0.4715060293674469,0.8572836897589943,0.2277430572378335,0.23491215366667748,7.5054707527160645,7.629581451416016,0.3808749318122864,0.5330318212509155,3333.5596593335836,5803.435386122107,0.008928148674242424,0.013506155303030303,0.11325427144765854,0.16843301057815552,1.3994930134201407,0.9271295153784381,0.6092472867993332
w/o Retinex,D:\A题代码_公式包\clear text\cam296_17-02_20-02.jpeg,0.24301299452781677,0.2679567337036133,0.4871940612792969,0.19912933763027613,0.2083395683394881,6.978327751159668,7.166434288024902,0.2817787528038025,0.3711732029914856,2345.76176186798,3280.368529302388,0.030705492424242423,0.023588423295454547,0.07615751773118973,0.1070326641201973,1.3172505012479836,0.9274802795533903,0.4101205247523549
w/o Retinex,D:\A题代码_公式包\clear text\cam2_02-02_21-12 - .jpeg,0.31960001587867737,0.3145570158958435,0.5719218470833518,0.17876810955986663,0.1889916551917019,7.182704925537109,7.245119094848633,0.22403186559677124,0.30726054310798645,1614.6317330262857,2130.8350355237553,0.013914535984848484,0.011399147727272727,0.05442877858877182,0.07865183055400848,1.3715038166588152,0.9351945202565417,0.39219501121318917
w/o Retinex,D:\A题代码_公式包\clear text\cam301_17-02_19-26.jpeg,0.2713843286037445,0.2728966772556305,0.49617577682841907,0.18047690387680548,0.1829875514372171,7.052769660949707,7.125022888183594,0.17513437569141388,0.22400347888469696,1619.7205659617978,1866.198473115392,0.024946732954545456,0.020359848484848484,0.03961608186364174,0.053077779710292816,1.2790377238406005,0.9493615533743385,0.33080321863153106
w/o Retinex,D:\A题代码_公式包\clear text\cam313_02-02_10-18.jpeg,0.46594738960266113,0.43095195293426514,0.7835490053350275,0.19423490619887596,0.19704210418526646,7.119455814361572,7.292062282562256,0.31757307052612305,0.4307580292224884,2420.500689251657,3820.4113225230694,0.035970052083333336,0.01270714962121212,0.08876713365316391,0.12819086015224457,1.3564060721895688,0.9385637879932109,0.4959692580293372
w/o Retinex,D:\A题代码_公式包\clear text\cam313_02-02_10-29.jpeg,0.4618646800518036,0.4304794669151306,0.7826899398456919,0.19518125885984933,0.1990391412262176,7.063117980957031,7.283533096313477,0.3208010196685791,0.43306398391723633,2508.803414356207,3971.5978371058745,0.040077533143939394,0.013615648674242425,0.09101385623216629,0.13074180483818054,1.349945738990555,0.9419075526305651,0.49932204018167764
w/o Retinex,D:\A题代码_公式包\clear text\cam313_03-02_00-03.jpeg,0.28337886929512024,0.29302334785461426,0.5327697233720259,0.17176583181629393,0.18885408763871253,7.0388312339782715,7.209911346435547,0.2820214629173279,0.39788511395454407,2029.4458177115614,3090.2300975820494,0.01591796875,0.012733783143939394,0.07739301025867462,0.11592066287994385,1.4108326822160373,0.9202929015686344,0.43190256551213146
w/o Retinex,D:\A题代码_公式包\clear text\cam313_03-02_10-22.jpeg,0.4503353238105774,0.4199666380882263,0.7635757056149569,0.19936505780768696,0.20125476832802794,7.4006876945495605,7.4672980308532715,0.3163479268550873,0.43537601828575134,2333.760353407811,3771.5030517199457,0.02003136837121212,0.010795454545454546,0.0869036465883255,0.127396360039711,1.3762568200555148,0.9362687995065204,0.5027127427801746
w/o Retinex,D:\A题代码_公式包\clear text\cam315_02-02_22-54.jpeg,0.3443772792816162,0.35443243384361267,0.6444226069883866,0.2081517827471672,0.21086655557591574,7.252663612365723,7.364509582519531,0.23712094128131866,0.31175073981285095,1877.0940315372688,2515.277351749269,0.028870738636363635,0.025263375946969698,0.060689639300107956,0.08587443828582764,1.3147330439801708,0.9402969338630496,0.41336834716740345
w/o Retinex,D:\A题代码_公式包\clear text\cam315_03-02_00-21.jpeg,0.35004109144210815,0.3552408516407013,0.6458924575285477,0.2099377502393732,0.21025590555283938,7.267601013183594,7.352201461791992,0.22113041579723358,0.29485899209976196,1788.4567619554134,2366.3009761980543,0.03188032670454546,0.030625591856060605,0.057260945439338684,0.0818881168961525,1.3334166788268553,0.9361173567311909,0.4086624050547071
w/o Retinex,D:\A题代码_公式包\clear text\cam315_31-01_03-02.jpeg,0.34420278668403625,0.3543596565723419,0.6442902846769852,0.21382199416934444,0.2123847301391797,7.4153337478637695,7.446183681488037,0.22101029753684998,0.29629963636398315,1776.480110472083,2354.946316850275,0.02138671875,0.021883877840909092,0.0560099296271801,0.0805225744843483,1.3406598553805982,0.9316720335555136,0.4136389112517601
w/o Retinex,D:\A题代码_公式包\clear text\cam320_03-02_00-40.jpeg,0.330578476190567,0.33231326937675476,0.6042059443213723,0.201113293528846,0.21456730291860635,7.290308475494385,7.418025016784668,0.2683147192001343,0.3662816286087036,2056.4398840679523,3079.2112386391377,0.019386245265151515,0.015074573863636363,0.0722976103425026,0.10574961453676224,1.3651194990532427,0.9332659016988524,0.4449112001767387
w/o Retinex,D:\A题代码_公式包\clear text\cam323_02-02_19-13.jpeg,0.2641791105270386,0.260503351688385,0.4736424576152455,0.16945818233878,0.17597360233272144,6.874680519104004,6.890527248382568,0.20774830877780914,0.2673628330230713,2072.0594723163863,2669.821555385082,0.01572857481060606,0.012091619318181817,0.05726361647248268,0.07794879376888275,1.286955492333891,0.953020449945029,0.3483083701792827
w/o Retinex,D:\A题代码_公式包\clear text\cam323_02-02_21-12.jpeg,0.2751135528087616,0.2715938091278076,0.49380692568692286,0.16859555733780343,0.17502954267735024,6.931291580200195,7.0071306228637695,0.21779179573059082,0.28289952874183655,2099.9643757521153,2768.041024465841,0.017510061553030302,0.01366595643939394,0.060775261372327805,0.0835292786359787,1.2989448827973056,0.9513328556069137,0.3619016144407713
w/o Retinex,D:\A题代码_公式包\clear text\cam327_02-02_20-26.jpeg,0.2902718186378479,0.29409879446029663,0.5347250808369028,0.14892003477418542,0.17005096592746358,6.813596248626709,7.05727481842041,0.22460828721523285,0.29296237230300903,1781.0987710012134,2525.216926344879,0.010715553977272727,0.010727391098484848,0.057094279676675797,0.07967666536569595,1.3043257949557112,0.953996799392674,0.3671367426605736
w/o Retinex,D:\A题代码_公式包\clear text\cam327_02-02_21-38.jpeg,0.2923278212547302,0.285894513130188,0.5198082056912509,0.1438644358300394,0.16476187769909437,6.727465629577637,6.903201103210449,0.2170652449131012,0.2886304259300232,1762.4051382015339,2576.484623024365,0.009232954545454546,0.010546875,0.05766313150525093,0.08177607506513596,1.3296943508314898,0.9494892419613316,0.36338178746847116
w/o Retinex,D:\A题代码_公式包\clear text\cam327_03-02_01-07.jpeg,0.3074169158935547,0.3002706468105316,0.5459466305646029,0.1534570389872012,0.1704927301450542,6.798798084259033,7.019846439361572,0.21245375275611877,0.28155234456062317,1738.960974525254,2480.256641991986,0.014000355113636363,0.013325639204545454,0.05558641627430916,0.07856208831071854,1.3252405305032018,0.9511841486804979,0.36841366703705886
w/o Retinex,D:\A题代码_公式包\clear text\cam331_17-02_07-45.jpeg,0.5210294723510742,0.4940241873264313,0.8982257951389658,0.2317626948157692,0.23658472735605576,7.505138397216797,7.60841178894043,0.3557065427303314,0.4884636700153351,3336.118863770316,5590.143475336464,0.011840080492424243,0.014177911931818181,0.10812323540449142,0.15714780986309052,1.373220904729013,0.9437634063558595,0.5980570045967577
w/o Retinex,D:\A题代码_公式包\clear text\cam335_02-02_21-18.jpeg,0.2866123914718628,0.30069413781166077,0.5467166142030195,0.20029771093695994,0.21058204136378295,7.153689384460449,7.3046040534973145,0.29740363359451294,0.41029995679855347,2704.8390282293763,4139.436171283109,0.023496685606060608,0.018838778409090907,0.09151406586170197,0.13348689675331116,1.3796063450852087,0.9258228784045417,0.4653176746183149
w/o Retinex,D:\A题代码_公式包\clear text\cam335_17-02_08-17.jpeg,0.5292103886604309,0.47561386227607727,0.864752476865595,0.18453414734514326,0.19329263253250403,7.003998756408691,7.238190650939941,0.246600940823555,0.3458346128463745,2312.686962445883,3415.8734918382343,0.011123934659090909,0.010659327651515152,0.06744281947612762,0.0989396870136261,1.4024059259676263,0.9398188352858738,0.49038218888542545
w/o Retinex,D:\A题代码_公式包\clear text\cam338_17-02_20-48.jpeg,0.2979084253311157,0.2947867214679718,0.5359758572144941,0.17363796901448178,0.17337087149372737,6.918959617614746,6.986212730407715,0.21827130019664764,0.2948211133480072,1765.7460757392955,2285.410288639253,0.022342566287878788,0.0126953125,0.05521482229232788,0.07874706387519836,1.350709492060707,0.9376736738782799,0.3695119100834117
w/o Retinex,D:\A题代码_公式包\clear text\cam338_30-01_19-57.jpeg,0.3117820918560028,0.29898306727409363,0.5436055768619883,0.17887046376331048,0.18026938713459695,7.072986602783203,7.061054229736328,0.1585526317358017,0.19728143513202667,1509.6167917176188,1706.7192757917303,0.02196081912878788,0.01171875,0.03472014516592026,0.04566233232617378,1.244264710003271,0.9584072829531894,0.32123922406608674
w/o Retinex,D:\A题代码_公式包\clear text\cam338_30-01_20-09.jpeg,0.3167049288749695,0.3051742613315582,0.5548622933301058,0.18053619027849566,0.18089381229819834,7.037978172302246,7.048150062561035,0.15827886760234833,0.19763293862342834,1499.2990746868543,1704.4130215326595,0.023295454545454546,0.010182883522727273,0.03483080118894577,0.04592851921916008,1.2486376017291558,0.9586337582101514,0.3242666433849326
w/o Retinex,D:\A题代码_公式包\clear text\cam33_03-02_00-20 - .jpeg,0.3419625163078308,0.3540458083152771,0.643719651482322,0.19075390481825286,0.20586269790716785,7.299097537994385,7.4538445472717285,0.3712427616119385,0.5004040002822876,2812.973721846054,4449.870533834795,0.02382220643939394,0.0173828125,0.10315130650997162,0.14847618341445923,1.3479158909686997,0.9235445681405686,0.5051999014557067
w/o Retinex,D:\A题代码_公式包\clear text\cam342_12-02_13-39.jpeg,0.5134406685829163,0.49268263578414917,0.8957866105166348,0.27477548955462483,0.2649525947777238,7.603672027587891,7.671205997467041,0.3860916793346405,0.48523062467575073,3121.2606686724253,4448.528151112146,0.12429865056818182,0.018125591856060608,0.10338874161243439,0.1369420439004898,1.256775689002913,0.9602101782627638,0.5620910630440906
w/o Retinex,D:\A题代码_公式包\clear text\cam342_30-01_11-13.jpeg,0.41445720195770264,0.42523303627967834,0.7731509750539606,0.2824818083016655,0.28230304273934753,7.662540435791016,7.779682159423828,0.6285414695739746,0.8038384318351746,5979.906272242723,9873.148096639452,0.08415601325757575,0.04941110321969697,0.19295933842658997,0.26315897703170776,1.2788948459936724,0.9456032566256112,0.7460189173489516
w/o Retinex,D:\A题代码_公式包\clear text\cam343_02-02_10-02.jpeg,0.4792594313621521,0.4641188085079193,0.8438523791053077,0.2683384435329303,0.25813137847107,7.577027320861816,7.666013717651367,0.4046594202518463,0.5059728622436523,3348.8807236442794,4908.215261949551,0.034141216856060606,0.01436434659090909,0.11334922164678574,0.15144038200378418,1.2503672992028068,0.9511596936752926,0.5621516184665548
w/o Retinex,D:\A题代码_公式包\clear text\cam343_02-02_10-30.jpeg,0.4957522451877594,0.4806470572948456,0.8739037405360828,0.2844903594526183,0.2744135959067161,7.440582275390625,7.59800386428833,0.41251641511917114,0.5092830061912537,3403.4745611325307,4913.856637337766,0.14172289299242424,0.015479995265151515,0.11493540555238724,0.15165413916110992,1.2345763628919575,0.9559824783885413,0.5707372974161884
w/o Retinex,D:\A题代码_公式包\clear text\cam343_17-02_07-41.jpeg,0.5166652798652649,0.5012804269790649,0.9114189581437544,0.251740582829906,0.24577310708181813,7.699215888977051,7.739158630371094,0.3767858147621155,0.4758964776992798,3100.5274349744304,4861.573017455164,0.061073626893939394,0.013884943181818182,0.10607830435037613,0.14431466162204742,1.2630424169774632,0.959783327640454,0.5665233537019942
w/o Retinex,D:\A题代码_公式包\clear text\cam346_02-02_10-18.jpeg,0.5031973123550415,0.481614351272583,0.8756624568592417,0.2507783468988353,0.2450832394173561,7.420135498046875,7.4515767097473145,0.23392841219902039,0.2825101613998413,1674.5451454619379,1934.969586123763,0.019365530303030305,0.0078125,0.045846421271562576,0.05834019184112549,1.2076778752815296,0.9690037490249122,0.43502538251272516
w/o Retinex,D:\A题代码_公式包\clear text\cam351_02-02_22-35.jpeg,0.2734836935997009,0.28249481320381165,0.5136269330978394,0.18390589103896884,0.19895959407990532,6.8776679039001465,7.066420555114746,0.27980878949165344,0.3630811274051666,2558.679998296934,3796.010482673715,0.023162286931818182,0.0162109375,0.07850117236375809,0.10929986834526062,1.2976044011270136,0.9476724841639195,0.41772770253102903
w/o Retinex,D:\A题代码_公式包\clear text\cam351_03-02_07-27.jpeg,0.4914361536502838,0.45957151055336,0.8355845646424727,0.19955735516902234,0.20517679596510008,7.392500400543213,7.514862537384033,0.3474911153316498,0.45912352204322815,2721.520790652125,4132.061411934836,0.0363961884469697,0.01327533143939394,0.09533181041479111,0.13489720225334167,1.3212525295279853,0.932139947042146,0.5191239299452056
w/o Retinex,D:\A题代码_公式包\clear text\cam351_03-02_07-44.jpeg,0.5076578855514526,0.46940916776657104,0.8534712141210382,0.20148769625981255,0.20584282993008052,7.394240379333496,7.482629776000977,0.322848916053772,0.4199361801147461,2664.073935541402,4025.574422956095,0.03650864109848485,0.012733783143939394,0.08896245062351227,0.12427376955747604,1.3007203613186769,0.9416563790766809,0.5075870701096642
w/o Retinex,D:\A题代码_公式包\clear text\cam351_03-02_09-40.jpeg,0.5125780701637268,0.4622601270675659,0.8404729583046653,0.19330166162358436,0.19606424182140544,7.285239219665527,7.385871887207031,0.24635303020477295,0.3164426386356354,2078.891729063624,3003.26236965063,0.03258463541666667,0.010256865530303031,0.06356427073478699,0.08749151974916458,1.284508788374371,0.9549215558127068,0.45143981162114916
w/o Retinex,D:\A题代码_公式包\clear text\cam353_17-02_17-31.jpeg,0.4035477936267853,0.3979606330394745,0.723564787344499,0.19638598967766824,0.20177371395468446,7.332972049713135,7.425171375274658,0.26675957441329956,0.3498721122741699,2009.997804006326,2850.264319930896,0.034913589015151514,0.02597952178030303,0.07012960314750671,0.09925837814807892,1.3115635585953838,0.9404196820944389,0.43987276461479846
w/o Retinex,D:\A题代码_公式包\clear text\cam359_02-02_21-03.jpeg,0.2795133590698242,0.3006441593170166,0.5466257442127573,0.1693302498347997,0.19018034807746506,7.134947776794434,7.311424255371094,0.3163103461265564,0.44695475697517395,2386.888250386463,3689.8480178825916,0.008365885416666666,0.010419625946969697,0.08561498671770096,0.12783502042293549,1.4130260103072647,0.9171402554662947,0.4630792150032773
w/o Retinex,D:\A题代码_公式包\clear text\cam359_02-02_21-18.jpeg,0.26817789673805237,0.28650784492492676,0.5209233544089578,0.16730815093148035,0.1859606870677462,7.053913116455078,7.216494560241699,0.3065095543861389,0.4357544481754303,2316.550377294227,3613.712295084543,0.007096354166666667,0.008673650568181817,0.08369949460029602,0.12567025423049927,1.4216668152005074,0.9174713132917287,0.45224967077547046
w/o Retinex,D:\A题代码_公式包\clear text\cam361_03-02_09-40.jpeg,0.47419866919517517,0.4511934220790863,0.8203516765074296,0.2132292236271494,0.22937293484900767,7.475466728210449,7.5986328125,0.4472214877605438,0.6073012351989746,3629.071645080936,6118.556000682001,0.01229580965909091,0.013704427083333333,0.1306496411561966,0.18963272869586945,1.3579428732753553,0.9194238219787906,0.6132526821916104
w/o Retinex,D:\A题代码_公式包\clear text\cam366_03-02_00-12.jpeg,0.3298685848712921,0.3418150842189789,0.6214819713072343,0.2217964171894714,0.22565625460608751,7.52022647857666,7.570241928100586,0.3269497752189636,0.4384232461452484,2522.113675216582,3743.1826414500956,0.029660866477272726,0.018362334280303032,0.09085330367088318,0.12973608076572418,1.3409498378441693,0.9214120642821172,0.4801930478615858
w/o Retinex,D:\A题代码_公式包\clear text\cam366_03-02_00-31.jpeg,0.3378366529941559,0.3448479473590851,0.6269962679256091,0.2454428750535744,0.2419714761994874,7.49220085144043,7.545900344848633,0.33426138758659363,0.43404144048690796,2730.620536017265,3962.0229026489596,0.050612571022727273,0.02733487215909091,0.09259174764156342,0.1277654469013214,1.2985089963524443,0.9367199338354775,0.4840483284684888
w/o Retinex,D:\A题代码_公式包\clear text\cam366_03-02_11-25.jpeg,0.4130368232727051,0.40422889590263367,0.7349616289138794,0.2473256169229226,0.24092702742417157,7.55399227142334,7.565046310424805,0.3815571069717407,0.49642083048820496,3061.211919720442,4659.2836748561385,0.060996685606060606,0.025923295454545456,0.10595045238733292,0.1483139842748642,1.3010393462015486,0.9347583773874553,0.5331870801630143
w/o Retinex,D:\A题代码_公式包\clear text\cam366_17-02_20-12.jpeg,0.3232693374156952,0.3272151052951813,0.5949365550821477,0.2568862470934893,0.246003635429261,7.297445774078369,7.392343044281006,0.2864055931568146,0.36489737033843994,2418.6264164998706,3300.5172436164735,0.06344105113636364,0.02919625946969697,0.07877147197723389,0.10648810863494873,1.2740581304817054,0.9431050514258879,0.4412323392254468
w/o Retinex,D:\A题代码_公式包\clear text\cam367_17-02_07-56.jpeg,0.4344330430030823,0.40929490327835083,0.7441725514151833,0.21283230234461892,0.20646915546185624,7.478891372680664,7.4646077156066895,0.29855358600616455,0.37704911828041077,2056.0511431425184,2605.0203298969027,0.026982717803030302,0.009886955492424243,0.06512918323278427,0.08742411434650421,1.2629193647566448,0.9429416728127391,0.44068881422452305
w/o Retinex,D:\A题代码_公式包\clear text\cam367_17-02_08-21.jpeg,0.44701141119003296,0.42121222615242004,0.7658404111862183,0.21272651461775616,0.20851031902326775,7.443443298339844,7.471346378326416,0.3380776643753052,0.4326544404029846,2227.9282021247627,2917.6404133536516,0.031809303977272725,0.010481770833333333,0.0748986303806305,0.10194234549999237,1.2797487117125592,0.9356336832757564,0.4678187935840885
w/o Retinex,D:\A题代码_公式包\clear text\cam372_17-02_17-31.jpeg,0.31844067573547363,0.3373894989490509,0.613435452634638,0.1702434553093139,0.1905100054532406,7.173464775085449,7.283648490905762,0.28000304102897644,0.39178550243377686,2127.0236140941765,3511.6201619801027,0.01075402462121212,0.013893821022727272,0.08013971894979477,0.11914524435997009,1.3992188182858154,0.9317330558556742,0.4554981073262502
w/o Retinex,D:\A题代码_公式包\clear text\cam378_12-02_14-57.jpeg,0.4867340922355652,0.4572274386882782,0.8313226157968694,0.21901048753281507,0.22421856347808175,7.239611625671387,7.45577335357666,0.36875227093696594,0.4790811538696289,3093.986020265129,4877.475150529557,0.06834457859848485,0.02511245265151515,0.10696219652891159,0.1483730524778366,1.2991951279276004,0.9517095855902141,0.5430433900403662
w/o Retinex,D:\A题代码_公式包\clear text\cam378_12-02_15-31.jpeg,0.46088898181915283,0.4363689124584198,0.7933980226516724,0.2230956740329321,0.22165087863613234,7.262061595916748,7.453253746032715,0.3641960024833679,0.464585542678833,3021.0432626265706,4699.155605138695,0.061180160984848485,0.011659564393939394,0.10568156838417053,0.14429375529289246,1.2756470363817127,0.9537791033445461,0.5242947884928574
w/o Retinex,D:\A题代码_公式包\clear text\cam378_17-02_07-10.jpeg,0.5189263820648193,0.4829421043395996,0.8780765533447265,0.20612654742412,0.21300441236208797,7.436758041381836,7.543198108673096,0.31894245743751526,0.4245529770851135,2650.080981911063,4159.257556199424,0.023197798295454545,0.01737097537878788,0.09183260053396225,0.12962307035923004,1.3311271373920521,0.9475003221614405,0.5268250954493987
w/o Retinex,D:\A题代码_公式包\clear text\cam381_02-02_20-53.jpeg,0.31307968497276306,0.3180444538593292,0.5782626433805985,0.20595749467936822,0.20430860533115558,7.239928722381592,7.311605453491211,0.2705526351928711,0.3569737374782562,1894.8237206475599,2499.8016374200934,0.03305220170454545,0.01934185606060606,0.06259524077177048,0.08809661120176315,1.3194244069687435,0.930888524285058,0.4091856981147796
w/o Retinex,D:\A题代码_公式包\clear text\cam381_17-02_19-22.jpeg,0.3045303225517273,0.30632808804512024,0.5569601600820367,0.1852741850708388,0.19129938113720182,6.889344215393066,7.086225509643555,0.2141096442937851,0.2781776189804077,1520.9457707182742,1878.2616721909021,0.026861387310606062,0.015015388257575757,0.04605850577354431,0.06334313005208969,1.2992298285271358,0.9486606232349512,0.36139500217716136
w/o Retinex,D:\A题代码_公式包\clear text\cam386_17-02_07-51.jpeg,0.47268548607826233,0.460385262966156,0.8370641144839199,0.2272051222841503,0.2251632071669343,7.736632347106934,7.7379469871521,0.3771323561668396,0.48878517746925354,3083.0149368285347,5078.2597014870835,0.028172348484848484,0.01425189393939394,0.10218621045351028,0.14260762929916382,1.296057344087452,0.9482083042911292,0.5594156669113627
w/o Retinex,D:\A题代码_公式包\clear text\cam389_17-02_07-37.jpeg,0.5053406953811646,0.4683859050273895,0.8516107364134354,0.19112089142871522,0.19856177875537467,7.4117631912231445,7.55299711227417,0.30079683661460876,0.41423094272613525,1570.491064881849,2224.040542797994,0.028255208333333334,0.008345170454545454,0.06190638244152069,0.09021702408790588,1.3771120333419504,0.9319212210547143,0.4812645931466637
w/o Retinex,D:\A题代码_公式包\clear text\cam397_02-02_10-06.jpeg,0.5174899697303772,0.46626272797584534,0.8477504145015369,0.19068385555463085,0.19363944881565703,6.694340705871582,6.964582443237305,0.22267964482307434,0.29330796003341675,2002.3604431698716,2856.9703063559905,0.0604788115530303,0.011197916666666667,0.06186491623520851,0.08604350686073303,1.3171745960002161,0.9577371316813132,0.43973065082990215
w/o Retinex,D:\A题代码_公式包\clear text\cam39_03-02_11-49 - .jpeg,0.4025952219963074,0.37813737988471985,0.6875225088813088,0.16424900581189375,0.1884631434031819,6.704395294189453,7.062994956970215,0.1740119308233261,0.2456212341785431,1577.0649652729555,2018.6879832084753,0.006640625,0.005734953703703704,0.04289533570408821,0.06315691769123077,1.4115194925227346,0.9374838939195063,0.4010721282225038
w/o Retinex,D:\A题代码_公式包\clear text\cam39_17-02_07-10 - .jpeg,0.4023611545562744,0.38314226269721985,0.696622295813127,0.14927791064242069,0.1730779753624774,6.877497673034668,7.184530735015869,0.2504871189594269,0.3593922257423401,2323.2439857187446,3951.0130276651184,0.013967013888888888,0.013735532407407408,0.07891017943620682,0.1223737969994545,1.434773253111532,0.9200787053047044,0.4682932057634214
w/o Retinex,D:\A题代码_公式包\clear text\cam3_17-02_09-28 - .jpeg,0.5151339173316956,0.5010105967521667,0.9109283577312122,0.2606073546833608,0.2576727704186169,7.494396209716797,7.612613677978516,0.3850322961807251,0.4786827266216278,2157.9397855457764,2916.182401529939,0.09704367897727273,0.015317234848484849,0.08156542479991913,0.10773007571697235,1.243227464790976,0.9592293918045409,0.5228394113649129
w/o Retinex,D:\A题代码_公式包\clear text\cam3_17-02_20-15 - .jpeg,0.2505728602409363,0.2723366916179657,0.495157621123574,0.2586856355612737,0.25760704017526725,7.0806403160095215,7.2106804847717285,0.369961678981781,0.43324318528175354,2238.5862804735466,2796.296392561568,0.04914180871212121,0.01798650568181818,0.07966461032629013,0.1000237762928009,1.171048854048915,0.9361632245582415,0.40879618430427656
w/o Retinex,D:\A题代码_公式包\clear text\cam40_02-02_22-05 - .jpeg,0.34241870045661926,0.3353767395019531,0.609775890003551,0.15601820910029118,0.17412994996284414,6.684545516967773,6.9482502937316895,0.21911285817623138,0.29582053422927856,2124.8876050087256,2984.0336951291097,0.027523148148148147,0.028449074074074075,0.0639488622546196,0.09247453510761261,1.3500829113122053,0.9350739462506305,0.39497401961068196
w/o Retinex,D:\A题代码_公式包\clear text\cam414_02-02_09-56.jpeg,0.5347455739974976,0.5065615773200989,0.921021049672907,0.31769490433734554,0.2950333815135212,7.335925102233887,7.435348987579346,0.22600753605365753,0.2609647810459137,2039.2052584140995,2404.3967445561298,0.18318832859848486,0.008087713068181818,0.055150341242551804,0.06796350330114365,1.1546729775530118,0.9784071542049096,0.4578017556399136
w/o Retinex,D:\A题代码_公式包\clear text\cam414_02-02_19-51.jpeg,0.2693342864513397,0.26893892884254456,0.48897987062280823,0.28337111239096036,0.2657642832980524,6.7593607902526855,6.910351753234863,0.21568496525287628,0.2410716861486435,1884.2059311509986,2066.3780301112097,0.05762310606060606,0.013932291666666667,0.04951319098472595,0.06004219502210617,1.117702855741418,0.9690717844330679,0.3360664988625228
w/o Retinex,D:\A题代码_公式包\clear text\cam414_03-02_07-21.jpeg,0.550462543964386,0.5232362151145935,0.9513385729356245,0.26757923611976114,0.26075011761149836,7.306764602661133,7.300406455993652,0.21962101757526398,0.26361387968063354,1941.6451245851401,2371.445463403119,0.009490411931818182,0.009428267045454545,0.05412175506353378,0.0691603571176529,1.2003126501734052,0.971521651381779,0.4538824266169633
w/o Retinex,D:\A题代码_公式包\clear text\cam424_02-02_10-21.jpeg,0.4497721493244171,0.42986413836479187,0.7815711606632578,0.2478822113753413,0.24604892408282966,7.233281135559082,7.36228084564209,0.2521933913230896,0.305769145488739,2301.205709012034,2803.673563537177,0.06631451231060606,0.011538233901515151,0.05912799760699272,0.07580132782459259,1.212439070079537,0.9673986611967098,0.4420101002222881
w/o Retinex,D:\A题代码_公式包\clear text\cam429_03-02_10-03.jpeg,0.42824897170066833,0.404425710439682,0.7353194735266946,0.22562768784460407,0.23010173906847245,7.024917125701904,7.104893684387207,0.2285895198583603,0.28485527634620667,2010.8839473188418,2387.167830770718,0.008117305871212122,0.00849905303030303,0.0524677149951458,0.06855188310146332,1.2461431134926566,0.9595294153753284,0.41321962446186716
w/o Retinex,D:\A题代码_公式包\clear text\cam429_03-02_10-38.jpeg,0.4238038957118988,0.400260329246521,0.7277460531754927,0.21377679749892536,0.22011734039450218,7.102226734161377,7.205113410949707,0.21828758716583252,0.28114935755729675,1971.3242451676633,2376.30717363446,0.007256155303030303,0.00828894412878788,0.05040080100297928,0.06774311512708664,1.287976836867862,0.9532025953857964,0.41718027525896684
w/o Retinex,D:\A题代码_公式包\clear text\cam433_02-02_09-49.jpeg,0.4977402985095978,0.48858559131622314,0.8883374387567693,0.3090245793527578,0.2941438314148418,7.2948174476623535,7.295709133148193,0.32652008533477783,0.3975318372249603,3194.2122020393476,4184.868508386218,0.007889441287878787,0.010597182765151515,0.09196880459785461,0.11878367513418198,1.2174805683802608,0.9584958138027542,0.5300780961118984
w/o Retinex,D:\A题代码_公式包\clear text\cam433_03-02_00-47.jpeg,0.2771267592906952,0.28630125522613525,0.5205477367747913,0.22022052577111279,0.22257090321542455,6.950380802154541,7.123195648193359,0.2913786768913269,0.3630751967430115,2679.1758950572284,3453.63776403484,0.028364701704545456,0.019102154356060608,0.07805654406547546,0.10303878784179688,1.246059649318082,0.9472082288546201,0.41137713782549723
w/o Retinex,D:\A题代码_公式包\clear text\cam434_02-02_20-34.jpeg,0.24347029626369476,0.24289578199386597,0.44162869453430176,0.1655853542948837,0.17685573114457867,6.864386558532715,7.028473854064941,0.17173747718334198,0.2152671068906784,1565.3804298120554,1840.920060493874,0.013461766098484849,0.008099550189393939,0.040331799536943436,0.05355474352836609,1.2534661104920197,0.9568681845175205,0.3101165574342797
w/o Retinex,D:\A题代码_公式包\clear text\cam437_17-02_07-20.jpeg,0.347660094499588,0.34945493936538696,0.6353726170279763,0.19392877203750045,0.20332900550923855,7.265316009521484,7.336381912231445,0.22836053371429443,0.2995266318321228,2084.473134396547,2747.8331428910005,0.00828894412878788,0.011328125,0.055207509547472,0.0761074647307396,1.3116391299844816,0.9490315315156066,0.41394174980067877
w/o Retinex,D:\A题代码_公式包\clear text\cam440_07-02_08-25.jpeg,0.49253344535827637,0.4750465154647827,0.8637209372086958,0.2887876258788763,0.2759170675527988,7.598449230194092,7.599450588226318,0.32843759655952454,0.3988954722881317,2885.565282370792,4038.6350577050903,0.031090198863636363,0.00859670928030303,0.09562495350837708,0.12628202140331268,1.2145243975670936,0.9617822365403714,0.5207182713103543
w/o Retinex,D:\A题代码_公式包\clear text\cam443_17-02_10-08.jpeg,0.4109697639942169,0.37701308727264404,0.6854783404957163,0.1653319985923061,0.17445733424054607,7.149631023406982,7.267328262329102,0.16133294999599457,0.2071109265089035,1296.3656996095935,1431.1488891319927,0.005548650568181818,0.006318063446969697,0.0291655994951725,0.038484569638967514,1.2837483966689844,0.9536865395475501,0.35365520577672654
w/o Retinex,D:\A题代码_公式包\clear text\cam453_03-02_07-53.jpeg,0.5930256247520447,0.5532848238945007,0.9940275929190897,0.24062066978387064,0.22852086354194498,7.178824424743652,7.132636070251465,0.21087075769901276,0.24524089694023132,1777.5681998111438,2045.2279788336127,0.17554154829545454,0.011476089015151516,0.04689515754580498,0.05752607434988022,1.1629915625817164,0.9763612238000088,0.425183012746625
w/o Retinex,D:\A题代码_公式包\clear text\cam453_03-02_08-21.jpeg,0.5832712054252625,0.5477820038795471,0.9959672797809946,0.25218016249383507,0.23962382537779378,7.186433792114258,7.176634788513184,0.2462356984615326,0.282828152179718,1863.5245833873403,2164.177768192265,0.17877604166666666,0.012038352272727273,0.05265948548913002,0.0641108825802803,1.148607394789651,0.9767484547384752,0.43973438867378856
w/o Retinex,D:\A题代码_公式包\clear text\cam453_03-02_08-28.jpeg,0.5249260067939758,0.4820125102996826,0.8763863823630592,0.2496554725866772,0.23898167885360383,7.194462299346924,7.140522003173828,0.21498356759548187,0.25235065817832947,1730.2641971466935,1995.8088892456892,0.13657670454545454,0.011387310606060606,0.045831892639398575,0.056757617741823196,1.1738137489348301,0.9731845121102722,0.4120608624823335
w/o Retinex,D:\A题代码_公式包\clear text\cam459_17-02_08-42.jpeg,0.4502533972263336,0.44157445430755615,0.8028626441955566,0.249640779376998,0.24662114385799347,7.221562385559082,7.377277374267578,0.2380194365978241,0.31838518381118774,1977.4839486751787,2725.338947646261,0.10799893465909091,0.010899029356060606,0.0625971332192421,0.08875269442796707,1.3376436498963378,0.9500241720228678,0.4703510791343101
w/o Retinex,D:\A题代码_公式包\clear text\cam45_02-02_22-18 - .jpeg,0.23380766808986664,0.2357322871685028,0.4286041584881869,0.16474016559632854,0.17489326955217854,6.140819549560547,6.548563003540039,0.20726194977760315,0.27425792813301086,2537.638981978596,3562.5034815829476,0.02339988425925926,0.016140046296296295,0.07014638930559158,0.09955236315727234,1.323242906312059,0.9350274551608745,0.35728494054159854
w/o Retinex,D:\A题代码_公式包\clear text\cam460_31-01_00-17.jpeg,0.2238549143075943,0.2274317443370819,0.413512262431058,0.15543969198853588,0.169567060751845,6.488635540008545,6.767679691314697,0.2134575992822647,0.2825828790664673,1907.9732007069933,2361.7661871685377,0.01581439393939394,0.011112097537878788,0.05280075594782829,0.07288971543312073,1.3238361083584345,0.9407982448340076,0.3359229570183068
w/o Retinex,D:\A题代码_公式包\clear text\cam461_17-02_17-20.jpeg,0.4751097559928894,0.4747561514377594,0.8631930026141079,0.22466751071445276,0.21885418967281464,7.639049530029297,7.613911151885986,0.37569883465766907,0.47052597999572754,2979.2227598668105,4337.578373428184,0.04172585227272727,0.020534446022727273,0.0990375503897667,0.13407619297504425,1.2524020441953356,0.9459527762965215,0.5264338796839013
w/o Retinex,D:\A题代码_公式包\clear text\cam468_30-01_21-35.jpeg,0.30316153168678284,0.28179335594177246,0.5123515562577681,0.16269489234870815,0.17308219594540877,6.407187461853027,6.590200424194336,0.16020824015140533,0.20262058079242706,1379.2283297350825,1675.2043694227307,0.02198449337121212,0.015278764204545454,0.03868498653173447,0.05225406587123871,1.264732601608214,0.9577437910167859,0.3051897654016662
w/o Retinex,D:\A题代码_公式包\clear text\cam468_30-01_21-52.jpeg,0.29059305787086487,0.27225303649902344,0.4950055209073153,0.15757804209089898,0.16926057137683528,6.36314582824707,6.60134744644165,0.15625520050525665,0.1962888538837433,1403.412619247428,1699.4658895203472,0.02234552556818182,0.013236860795454546,0.03805944323539734,0.0510190948843956,1.2562068053032853,0.9604681599011166,0.29869145052320556
w/o Retinex,D:\A题代码_公式包\clear text\cam469_30-01_19-34.jpeg,0.38139376044273376,0.3572331964969635,0.6495149027217517,0.23067835678564597,0.22733499078587366,7.575218200683594,7.577131748199463,0.2422553151845932,0.2944263219833374,1778.3679272955249,2235.815363829813,0.024195601851851854,0.005792824074074074,0.058297157287597656,0.07635809481143951,1.2153554905889987,0.9589504036489768,0.3992441404373271
w/o Retinex,D:\A题代码_公式包\clear text\cam46_02-02_22-32 - .jpeg,0.26509323716163635,0.26896071434020996,0.4890194806185635,0.17278419841547238,0.18580577890153518,6.582248210906982,6.855792999267578,0.23671738803386688,0.3067420721054077,1902.488971835884,2444.3803778451593,0.024157986111111113,0.015387731481481481,0.05879073962569237,0.08095431327819824,1.295815582887554,0.9415251260489641,0.3585745352292951
w/o Retinex,D:\A题代码_公式包\clear text\cam470_03-02_00-57.jpeg,0.3577163815498352,0.3430410325527191,0.6237109682776711,0.1809790861191512,0.18448436232811274,6.977993965148926,6.98298454284668,0.1696263551712036,0.2126666009426117,1533.2535088971208,1815.66794062787,0.022218276515151514,0.015417850378787878,0.03842805325984955,0.05111633241176605,1.2537356804611355,0.9601400073755421,0.3427877378451605
w/o Retinex,D:\A题代码_公式包\clear text\cam470_03-02_01-52.jpeg,0.3631393015384674,0.34682732820510864,0.6305951421911066,0.18256792386073947,0.18390262323288517,7.052944183349609,7.025150299072266,0.1620313674211502,0.2038906365633011,1480.6125204358134,1733.1544175575893,0.02118252840909091,0.014731297348484848,0.03653687611222267,0.04864023998379707,1.2583405539426835,0.9594812251353938,0.34180507707505153
w/o Retinex,D:\A题代码_公式包\clear text\cam470_30-01_23-24.jpeg,0.40511295199394226,0.38573431968688965,0.7013351267034357,0.17788079850682653,0.1849625141310757,7.151737689971924,7.161792278289795,0.17235833406448364,0.21551600098609924,1508.9692390860846,1811.4140380365375,0.015746330492424243,0.011233428030303031,0.0380752831697464,0.05050893500447273,1.2503950626949112,0.9620199102821562,0.361338372622432
w/o Retinex,D:\A题代码_公式包\clear text\cam471_02-02_10-39.jpeg,0.4195898771286011,0.39728420972824097,0.7223349267786199,0.1589698305507394,0.17169777298007807,6.898467540740967,7.119762897491455,0.16626089811325073,0.23988591134548187,1386.997170927715,1888.0555082618566,0.005382930871212121,0.006519294507575758,0.04368482530117035,0.06581538915634155,1.4428281241058571,0.9398513879479744,0.4032078148272091
w/o Retinex,D:\A题代码_公式包\clear text\cam471_03-02_00-34.jpeg,0.25653746724128723,0.23111748695373535,0.42021361264315515,0.10198252519435864,0.10595050419484313,6.014004230499268,5.968850612640381,0.09072450548410416,0.11537642031908035,1244.5269597339804,1399.7930901140855,0.007534327651515151,0.008706202651515152,0.024328289553523064,0.03165784850716591,1.271722738182473,0.9655826054052715,0.22329334152022962
w/o Retinex,D:\A题代码_公式包\clear text\cam475_02-02_19-11.jpeg,0.23930557072162628,0.2528632879257202,0.4597514325922185,0.179512628848977,0.18839608079372996,6.907594680786133,7.06097936630249,0.23480536043643951,0.3074834942817688,1923.392416637375,2476.3209118987224,0.01653053977272727,0.010250946969696969,0.056715916842222214,0.07912110537290573,1.309525095871755,0.9392939470572922,0.3638715677421435
w/o Retinex,D:\A题代码_公式包\clear text\cam494_17-02_17-16.jpeg,0.4364686906337738,0.42363280057907104,0.7702414555983109,0.17992703450531133,0.19545405964569865,7.313275337219238,7.478509426116943,0.3419647216796875,0.4886164963245392,2415.2446806690555,4244.646922852767,0.022688802083333334,0.01962298768939394,0.09383820742368698,0.14376872777938843,1.42885059070257,0.9218186656660496,0.5330709328060225
w/o Retinex,D:\A题代码_公式包\clear text\cam496_02-02_10-40.jpeg,0.38372382521629333,0.3750132918357849,0.6818423487923362,0.2278271675359266,0.2254338820727883,7.461771011352539,7.488205909729004,0.3050173223018646,0.3821582496166229,2801.382192583942,3863.5358409297996,0.034333570075757575,0.010499526515151516,0.08139389008283615,0.10887283086776733,1.252906705285411,0.9548535230548959,0.4665871734586574
w/o Retinex,D:\A题代码_公式包\clear text\cam496_02-02_22-31.jpeg,0.2353615015745163,0.23899932205677032,0.4345442219214005,0.1706617759518203,0.18380763022381327,6.757388114929199,6.874200344085693,0.23045124113559723,0.30469807982444763,2301.9582807926213,3029.711338492561,0.01589429450757576,0.013174715909090908,0.06484787911176682,0.09065917879343033,1.322180265902235,0.9398184299444402,0.36668348399221107
w/o Retinex,D:\A题代码_公式包\clear text\cam496_17-02_07-29.jpeg,0.37782344222068787,0.36218100786209106,0.6585109233856201,0.1964923985493564,0.19990358773169153,7.311278820037842,7.361306190490723,0.2745322585105896,0.3610164523124695,2514.163564904715,3519.411537375323,0.026802201704545454,0.011588541666666667,0.07488075643777847,0.10490559786558151,1.3150237401876308,0.9407041210910967,0.4468969980220414
w/o Retinex,D:\A题代码_公式包\clear text\cam498_03-02_09-11.jpeg,0.4734387993812561,0.4404343068599701,0.8007896488363092,0.19156853343659314,0.20553940581882607,7.280157089233398,7.461956977844238,0.4164934456348419,0.5677952170372009,3627.850032565395,6129.841723947016,0.02743844696969697,0.015622040719696969,0.12375719100236893,0.18000049889087677,1.3632753162397337,0.9268892459021171,0.5901247156751585
w/o Retinex,D:\A题代码_公式包\clear text\cam498_17-02_07-02.jpeg,0.40911731123924255,0.4003964066505432,0.7279934666373513,0.1971000275867236,0.2050171786429158,7.312804698944092,7.439092636108398,0.36483678221702576,0.5039580464363098,3049.7829487771614,5058.629156154356,0.03808889678030303,0.018785511363636365,0.10619901865720749,0.1569884568452835,1.3813247438037715,0.9269342785145747,0.5411829968005553
w/o Retinex,D:\A题代码_公式包\clear text\cam49_02-02_10-07 - .jpeg,0.4206867218017578,0.41495031118392944,0.7544551112435081,0.1978347093151505,0.21779158980016697,6.894824028015137,7.2232842445373535,0.2635180354118347,0.37315139174461365,2816.6077893196684,4808.8843769872765,0.006574074074074074,0.005407986111111111,0.08959892392158508,0.13714595139026642,1.4160373847395074,0.9259107826287803,0.5179622082006946
w/o Retinex,D:\A题代码_公式包\clear text\cam49_02-02_19-31 - .jpeg,0.33902665972709656,0.35933277010917664,0.653332309289412,0.16778348408609395,0.19198500132925644,7.052241802215576,7.324444770812988,0.27104896306991577,0.37159499526023865,2555.849749722403,4136.478370328541,0.013255208333333334,0.013940972222222223,0.08445681631565094,0.1249011680483818,1.370951524538083,0.9341088862925195,0.46741651838660864
w/o Retinex,D:\A题代码_公式包\clear text\cam49_03-02_00-41 - .jpeg,0.3221079409122467,0.34071773290634155,0.6194867871024392,0.1648560650964677,0.19341151307175744,7.025280475616455,7.299378395080566,0.2733997702598572,0.380206823348999,2594.734628782974,4328.203799174335,0.012242476851851852,0.013232060185185185,0.08633791655302048,0.12938597798347473,1.390662599082791,0.9304260971711998,0.4716183621741804
w/o Retinex,D:\A题代码_公式包\clear text\cam4_12-02_13-34.jpeg,0.44168591499328613,0.3980356454849243,0.7237011736089533,0.17135845984716053,0.17305904821941492,7.115012168884277,7.057292938232422,0.1625891923904419,0.2073974758386612,1600.305880913844,1963.548077325313,0.011298532196969698,0.007096354166666667,0.04065750539302826,0.055223315954208374,1.2755920428789331,0.9568287085172853,0.3637431104131127
w/o Retinex,D:\A题代码_公式包\clear text\cam4_17-02_20-22 - .jpeg,0.3406974673271179,0.3321499526500702,0.6039090048183093,0.19345303034426956,0.19233983099536361,7.071360111236572,7.0448760986328125,0.13737310469150543,0.1646968424320221,1444.1205580119456,1653.3759311290612,0.011209753787878788,0.007874644886363637,0.03119969181716442,0.04026258364319801,1.1989017461834939,0.9656463928695428,0.31907421838730887
w/o Retinex,D:\A题代码_公式包\clear text\cam509_03-02_00-45.jpeg,0.32062938809394836,0.34041211009025574,0.6189311092550104,0.21648093972579946,0.2270506586274452,7.462377548217773,7.592886924743652,0.37950265407562256,0.49451711773872375,2667.6254608804443,3967.6183077556575,0.02547052556818182,0.01181048768939394,0.09880001842975616,0.1378576159477234,1.3030663056731597,0.9350775886961928,0.4938370062758215
w/o Retinex,D:\A题代码_公式包\clear text\cam521_03-02_11-22.jpeg,0.4622335731983185,0.4603547155857086,0.8370085737921974,0.24974832523295928,0.252446491441238,7.623589515686035,7.712395668029785,0.3475993573665619,0.463655561208725,2791.861113660189,4460.273440676988,0.005803148674242424,0.007270951704545454,0.10032019764184952,0.142781063914299,1.3338792994075197,0.9431388595507008,0.556752098884402
w/o Retinex,D:\A题代码_公式包\clear text\cam523_17-02_19-50.jpeg,0.3520011305809021,0.3329627811908722,0.6053868748924949,0.14884142579939263,0.1560173352423754,6.660266876220703,6.766915321350098,0.1452205330133438,0.1993962675333023,669.3057161171806,1192.9974055645307,0.025032552083333333,0.02466796875,0.03876373544335365,0.058680031448602676,1.3730583601407405,0.9476248233110091,0.32568440949085853
w/o Retinex,D:\A题代码_公式包\clear text\cam523_17-02_20-04 - .jpeg,0.2751339077949524,0.2652532458305359,0.4822786287827925,0.15642761326820684,0.165884239886065,6.573259353637695,6.692484378814697,0.15305070579051971,0.2027120292186737,747.5958332356771,1267.5227472581225,0.017255859375,0.011051432291666666,0.03939192369580269,0.05791709944605827,1.3244762112721238,0.9524673871626823,0.30098883377139907
w/o Retinex,D:\A题代码_公式包\clear text\cam523_17-02_20-17.jpeg,0.26008903980255127,0.24834604561328888,0.4515382647514343,0.1621586128249662,0.1694899323692455,6.601873874664307,6.695209980010986,0.1489398330450058,0.19977162778377533,896.1265533192529,1597.782199940957,0.017682291666666666,0.009322916666666667,0.04340693727135658,0.06438460201025009,1.3412908357346156,0.9529098054411896,0.3074086712489663
w/o Retinex,D:\A题代码_公式包\clear text\cam523_17-02_20-22.jpeg,0.2485363781452179,0.24217306077480316,0.4403146559541875,0.1668155871331575,0.1703843083565344,6.561010837554932,6.653145790100098,0.14519783854484558,0.19408364593982697,821.5487346184624,1447.200509165859,0.020143229166666665,0.010234375,0.040127936750650406,0.060174159705638885,1.3366841476080926,0.9550604796709858,0.2995585247833038
w/o Retinex,D:\A题代码_公式包\clear text\cam529_17-02_17-23.jpeg,0.3369334936141968,0.33276593685150146,0.6050289760936389,0.19516684162352196,0.19777386916163026,7.183633804321289,7.246306419372559,0.24519895017147064,0.331721693277359,1977.3644976282253,3001.0356425961495,0.025822679924242423,0.014195667613636364,0.06610894948244095,0.09578973054885864,1.3528675265909191,0.9434300505746839,0.42342829698250883
w/o Retinex,D:\A题代码_公式包\clear text\cam529_30-01_16-48.jpeg,0.4452703893184662,0.41875046491622925,0.7613644816658713,0.21009980751728066,0.21904456376823594,7.35353422164917,7.48785400390625,0.41945046186447144,0.5531858205795288,3012.652564566116,4941.739660966722,0.03452000473484849,0.012630208333333334,0.11496170610189438,0.16304227709770203,1.3188346128419928,0.9373980215203674,0.551392912848846
w/o Retinex,D:\A题代码_公式包\clear text\cam531_03-02_02-00.jpeg,0.3322714567184448,0.31339237093925476,0.569804310798645,0.23723149346124528,0.21883740475217547,7.392466068267822,7.326456069946289,0.1635565459728241,0.22776854038238525,1615.4232320267438,2051.282518494941,0.05434718276515151,0.02460345643939394,0.04475030675530434,0.06506656855344772,1.3925980994252471,0.9399095696826542,0.38997996114190947
w/o Retinex,D:\A题代码_公式包\clear text\cam55_02-02_19-57 - .jpeg,0.2966911792755127,0.29337215423583984,0.533403916792436,0.1614371424109351,0.16764691398740697,6.934146404266357,6.99227237701416,0.14271970093250275,0.19648343324661255,1530.5220918745629,1777.7337348523554,0.01372974537037037,0.015381944444444445,0.036171987652778625,0.05208779126405716,1.3767085337803333,0.9394936576408528,0.33879330443336564
w/o Retinex,D:\A题代码_公式包\clear text\cam55_03-02_00-32 - .jpeg,0.27454620599746704,0.2730840742588043,0.49651649865237146,0.1523374909586036,0.16350084100019313,6.706841945648193,6.912818431854248,0.15479625761508942,0.2083837240934372,1577.5911091498147,1862.847259817032,0.012068865740740741,0.010966435185185185,0.03991460055112839,0.056135714054107666,1.3461806007215957,0.9460311120544342,0.3279503304072922
w/o Retinex,D:\A题代码_公式包\clear text\cam55_03-02_00-50 - .jpeg,0.27461084723472595,0.27320677042007446,0.4967395825819535,0.15546010592303416,0.1657218612482254,6.748849868774414,6.945025444030762,0.1480720341205597,0.19798511266708374,1550.150500573471,1801.448049766375,0.012494212962962962,0.012016782407407407,0.03792337328195572,0.052951570600271225,1.3370863991481219,0.948183908009638,0.32422120985530833
w/o Retinex,D:\A题代码_公式包\clear text\cam59_17-02_07-46 - .jpeg,0.4255710244178772,0.3891409933567047,0.7075290788303721,0.2007990782023165,0.19484828673209534,7.188902378082275,7.271180152893066,0.16720449924468994,0.22793203592300415,1625.804296085905,2185.9126101555726,0.04008969907407407,0.011568287037037037,0.047727521508932114,0.07007018476724625,1.3631932405910958,0.9393473439981685,0.39976898703935043
w/o Retinex,D:\A题代码_公式包\clear text\cam59_17-02_17-05 - .jpeg,0.36181461811065674,0.34987929463386536,0.6361441720615733,0.1802747098754761,0.18946953650429116,7.066634178161621,7.254088401794434,0.2472352385520935,0.3431006968021393,2538.4378008053627,4206.883908112024,0.015407986111111112,0.01160011574074074,0.08148857951164246,0.12323573976755142,1.3877499453163078,0.9271003355782796,0.45926720101898705
w/o Retinex,D:\A题代码_公式包\clear text\cam65_02-02_10-44 - .jpeg,0.41231247782707214,0.39412662386894226,0.716593861579895,0.15486737849945675,0.18586699194612827,6.873316287994385,7.2905120849609375,0.28578415513038635,0.4317561686038971,2800.190798246399,5404.403588522242,0.0067476851851851856,0.0059172453703703705,0.09924420714378357,0.16139470040798187,1.5107771077633305,0.9048928572446301,0.5429909516348442
w/o Retinex,D:\A题代码_公式包\clear text\cam65_02-02_19-02 - .jpeg,0.34335294365882874,0.34983089566230774,0.6360561739314685,0.14570700011210663,0.16884456697620842,6.838630199432373,7.13807487487793,0.24643664062023163,0.3558013439178467,2305.181761304406,3781.0903484176733,0.011825810185185186,0.012387152777777778,0.07755779474973679,0.1205744594335556,1.4437842250827253,0.9191243147975253,0.45202010158549144
w/o Retinex,D:\A题代码_公式包\clear text\cam65_03-02_11-39 - .jpeg,0.41124555468559265,0.3935946524143219,0.7156266407533125,0.15595056635817828,0.18484319429809032,6.925139427185059,7.313798904418945,0.2825576663017273,0.42150434851646423,2762.8905242854535,5188.017338254316,0.006756365740740741,0.0059722222222222225,0.09571265429258347,0.15361855924129486,1.49174626459666,0.908105844676829,0.5325359696433933
w/o Retinex,D:\A题代码_公式包\clear text\cam65_30-01_09-29 - .jpeg,0.5390124917030334,0.5424866080284119,0.9863392873243851,0.1901895531374129,0.20768120786421973,7.201651096343994,7.501535892486572,0.30846184492111206,0.43371886014938354,3171.766041943954,5575.487783414705,0.07728877314814815,0.07646412037037037,0.10449884831905365,0.1577204316854477,1.406069798816295,0.9298310742762634,0.5832601931813747
w/o Retinex,D:\A题代码_公式包\clear text\cam65_30-01_10-23 - .jpeg,0.45936301350593567,0.4596674144268036,0.835758935321461,0.1895522001887332,0.2162500040899227,7.252650737762451,7.566773414611816,0.37170231342315674,0.5399929285049438,3864.8374031809867,7634.395658868558,0.007233796296296296,0.02261284722222222,0.12952545285224915,0.20262360572814941,1.4527564607189256,0.9113569608650213,0.6459761425008431
w/o Retinex,D:\A题代码_公式包\clear text\cam68_03-02_08-41 - .jpeg,0.4180043339729309,0.40562084317207336,0.7374924421310425,0.18060248656951652,0.1998979339966611,6.9260454177856445,7.323785781860352,0.23639829456806183,0.33363497257232666,2492.69310080265,3753.434665677211,0.007809606481481482,0.006950231481481482,0.07234316319227219,0.10809747129678726,1.4113256228416717,0.9261395981938121,0.47722246894759646
w/o Retinex,D:\A题代码_公式包\clear text\cam73_02-02_21-25 - .jpeg,0.2968563139438629,0.3068861663341522,0.5579748478802767,0.20074008377387753,0.20387178744348358,7.052284240722656,7.214616298675537,0.24850338697433472,0.34256088733673096,2370.5300276089556,3805.7958157302583,0.02640914351851852,0.009166666666666667,0.080159991979599,0.1205604076385498,1.3784958928789435,0.9218520684538841,0.4388205710084729
w/o Retinex,D:\A题代码_公式包\clear text\cam77_02-02_19-02.jpeg,0.2938813269138336,0.26946738362312317,0.48994069749658753,0.1444901475168465,0.15097112632519546,6.6547160148620605,6.7650322914123535,0.15288513898849487,0.20720015466213226,1785.7705987965692,2257.0914774725434,0.009181134259259259,0.007890625,0.04350355267524719,0.06243996322154999,1.3552668478170466,0.9414858446164004,0.328049637280703
w/o Retinex,D:\A题代码_公式包\clear text\cam77_17-02_20-32 - .jpeg,0.29408320784568787,0.2877190113067627,0.5231254751032048,0.15416476825314643,0.16885680970153397,6.521470546722412,6.769739627838135,0.1878690868616104,0.24994446337223053,1929.143597826512,2534.2118996189865,0.019322916666666665,0.018368055555555554,0.05274318903684616,0.07445359230041504,1.3304183197392796,0.9430540868721352,0.3512524706761297
w/o Retinex,D:\A题代码_公式包\clear text\cam80_30-01_12-30.jpeg,0.4359128475189209,0.4326711595058441,0.786674835465171,0.19911931937334307,0.21366274637928712,7.367681503295898,7.542270660400391,0.32123035192489624,0.4534570276737213,3205.369132880811,5904.747357763597,0.009230324074074075,0.017372685185185185,0.1085323691368103,0.165040984749794,1.4116256378417074,0.9274346905754082,0.5706417141669458
w/o Retinex,D:\A题代码_公式包\clear text\cam80_30-01_13-17.jpeg,0.4344147741794586,0.43217408657073975,0.785771066492254,0.20235910328145573,0.21565056212333197,7.30137825012207,7.524178504943848,0.3187931180000305,0.4466836154460907,3268.3482059284643,5968.155591366455,0.02185474537037037,0.029635416666666668,0.10836208611726761,0.16365653276443481,1.4011708155418368,0.9303130848967378,0.5678824881059532
w/o Retinex,D:\A题代码_公式包\clear text\cam80_30-01_22-03.jpeg,0.30663159489631653,0.3079221844673157,0.5598585172133012,0.15192885398751926,0.16741034332664761,6.905733585357666,7.135191440582275,0.19791439175605774,0.27849894762039185,1568.6384313507372,2139.655074818854,0.007271412037037037,0.006773726851851852,0.050975583493709564,0.0758446529507637,1.4071688069655406,0.9329079976558746,0.3794493507167562
w/o Retinex,D:\A题代码_公式包\clear text\cam84_02-02_10-21.jpeg,0.4064061641693115,0.37834739685058594,0.6879043579101562,0.1607464802766506,0.18256761984990102,6.609750270843506,6.920089244842529,0.21541662514209747,0.29106271266937256,2520.5896081811215,4031.993304590513,0.009603587962962963,0.009236111111111112,0.07240033149719238,0.10537534207105637,1.3511617966658784,0.9473355874840564,0.4375912912165491
w/o Retinex,D:\A题代码_公式包\clear text\cam84_02-02_21-16.jpeg,0.3055849075317383,0.3005044162273407,0.5463716658678921,0.15346119049409052,0.17048271072103166,6.581827640533447,6.88051700592041,0.19187866151332855,0.26245784759521484,1861.3627995996965,2676.4780131810485,0.01646701388888889,0.014644097222222222,0.05770692601799965,0.08524829894304276,1.3678323846043556,0.9370539875850135,0.37120517711847084
w/o Retinex,D:\A题代码_公式包\clear text\cam84_02-02_23-34.jpeg,0.31878912448883057,0.3076050579547882,0.5592819235541604,0.14620784790427277,0.1622588483366211,6.562211036682129,6.803049564361572,0.16903360188007355,0.22477203607559204,1755.9385367547097,2347.0791651351024,0.017934027777777778,0.018188657407407407,0.048203691840171814,0.06862139701843262,1.3297476083120592,0.9489175238589986,0.3459861852269856
w/o Retinex,D:\A题代码_公式包\clear text\cam84_03-02_07-33.jpeg,0.41668424010276794,0.3928077220916748,0.7141958583484995,0.14216872161177443,0.16569771270380565,6.508764266967773,6.909309387207031,0.20624616742134094,0.3016399145126343,2174.0522676313653,3614.3035707942176,0.009163773148148148,0.009079861111111111,0.06849046051502228,0.10748697072267532,1.462523645668926,0.9224177861739502,0.4476813278106631
w/o Retinex,D:\A题代码_公式包\clear text\cam84_03-02_09-02 - .jpeg,0.4074406921863556,0.3812323212623596,0.6931496750224719,0.15887677964308997,0.18214412582958503,6.745500564575195,7.069431781768799,0.2214231640100479,0.3048633337020874,2484.446675470163,3953.7448994325155,0.007005208333333333,0.006631944444444445,0.07294482737779617,0.10747703164815903,1.3768358045840492,0.9385719780661556,0.4477928904553815
w/o Retinex,D:\A题代码_公式包\clear text\cam8_12-02_14-38.jpeg,0.4044618606567383,0.40254849195480347,0.7319063490087335,0.191316976563362,0.20016744656689908,7.24160099029541,7.44178581237793,0.3286111354827881,0.43563687801361084,2715.814579930021,3992.452445861906,0.010002367424242424,0.00956735321969697,0.08743329346179962,0.12328135222196579,1.3256911773596394,0.9436501862440005,0.49250336293222435
w/o Retinex,D:\A题代码_公式包\clear text\cam8_17-02_07-03 - .jpeg,0.43463706970214844,0.4304923415184021,0.7827133482152765,0.21296365857203067,0.21686669355469104,7.3583221435546875,7.524559020996094,0.3179188370704651,0.4159244894981384,2628.4246889515816,3773.7469039685716,0.03915127840909091,0.022964015151515152,0.08629950881004333,0.12021435797214508,1.3082725291636035,0.9462919229448727,0.49564810963712336
w/o Retinex,D:\A题代码_公式包\clear text\cam8_17-02_19-13 - .jpeg,0.22340837121009827,0.22994688153266907,0.4180852391503074,0.16531279717642877,0.17310440885188094,6.476809501647949,6.699552059173584,0.2230081856250763,0.288709819316864,2209.834714938357,2831.283923435684,0.022413589015151517,0.014914772727272728,0.06006775051355362,0.08234402537345886,1.2946152928693104,0.9452797825070611,0.34210952685081575
w/o Retinex,D:\A题代码_公式包\clear text\cam90_12-02_14-10.jpeg,0.4761498272418976,0.45208409428596497,0.8219710805199363,0.21736429096249812,0.21380431974974168,7.211684703826904,7.250588417053223,0.24942728877067566,0.32727453112602234,3937.643227946088,4517.329375720853,0.010436395202020202,0.011600378787878788,0.06970880180597305,0.09154941886663437,1.3121039049273466,0.9327546299325932,0.49496367477906206
w/o Retinex,D:\A题代码_公式包\clear text\cam90_17-02_07-46.jpeg,0.5573355555534363,0.5394849181175232,0.9808816693045875,0.21426349478884066,0.21227855945128976,7.409703731536865,7.419711112976074,0.20130717754364014,0.2493177056312561,3652.604483834068,4268.904607561678,0.011768071338383838,0.012468434343434344,0.05908220633864403,0.07458268851041794,1.2384938385825675,0.9634437410449017,0.4903848734291137
w/o Retinex,D:\A题代码_公式包\clear text\cam91_03-02_10-19.jpeg,0.42153456807136536,0.39906245470046997,0.7255680994553999,0.16086170063478775,0.18169964743158695,6.5863237380981445,6.939499855041504,0.21927596628665924,0.3058035373687744,2387.1152883495356,3792.3831200384116,0.005931712962962963,0.005335648148148148,0.07216087728738785,0.10752790421247482,1.3946058635086291,0.9317862503026978,0.44950582662391086
w/o Retinex,D:\A题代码_公式包\clear text\cam91_03-02_11-12.jpeg,0.4192884564399719,0.3985808789730072,0.7246925072236494,0.16460766547576178,0.18537304596979803,6.743398666381836,7.0788984298706055,0.22330133616924286,0.3124738931655884,2372.760338410847,3851.835447487252,0.005911458333333334,0.00517650462962963,0.07257577031850815,0.10891774296760559,1.3993372529520742,0.932833910759326,0.4583346852114821
w/o Retinex,D:\A题代码_公式包\clear text\cam98_12-02_13-51.jpeg,0.38906607031822205,0.38541242480278015,0.700749863277782,0.24305685683396952,0.24571321743855068,7.188230037689209,7.356171607971191,0.27485835552215576,0.36163365840911865,2880.632039875624,4030.439461800733,0.008171296296296296,0.005454282407407408,0.0831403061747551,0.11651965230703354,1.3157091400711247,0.9386172770078715,0.4848026783694079
w/o Retinex,D:\A题代码_公式包\clear text\cam98_12-02_14-10.jpeg,0.3947277069091797,0.38522574305534363,0.7004104419188065,0.23836444885103789,0.23900875318771692,7.121744155883789,7.3735198974609375,0.2779146432876587,0.36279720067977905,2953.5038192849997,4124.660612868623,0.008327546296296296,0.006030092592592593,0.08390162140130997,0.11696509271860123,1.3054266942452777,0.9382603985360446,0.4825378553996293
w/o Retinex,D:\A题代码_公式包\clear text\cam98_12-02_15-33.jpeg,0.39319461584091187,0.38597267866134644,0.7017685066569934,0.24670105018436775,0.24683877162887985,7.033100605010986,7.308086395263672,0.274116575717926,0.35758593678474426,2909.576024273372,4062.584976439224,0.008214699074074074,0.005503472222222222,0.08375699073076248,0.11657731980085373,1.3045030958108348,0.942194665886741,0.4820975728376571
w/o Retinex,D:\A题代码_公式包\clear text\cam98_17-02_17-11.jpeg,0.407662570476532,0.38436347246170044,0.6988426772030917,0.18056425616006064,0.19585116580953554,7.0235161781311035,7.2537994384765625,0.17034673690795898,0.23171491920948029,1799.045520428107,2063.725536717544,0.009739583333333333,0.008645833333333333,0.040195487439632416,0.055991921573877335,1.3602544488637647,0.9344065589593188,0.39758452024275864
w/o Retinex,D:\A题代码_公式包\clear text\屏幕截图 2026-02-03 150927.png,0.49381527304649353,0.4652681052684784,0.8459420095790515,0.08210212772608351,0.11203098869173832,6.2245330810546875,6.768504619598389,0.20858381688594818,0.337891161441803,235.19822021734845,627.8309364274005,0.0018076583610564193,0.0028175707787358273,0.033572275191545486,0.05805547162890434,1.6199299096387443,0.9054758745046549,0.42091698462491395
w/o Retinex,D:\A题代码_公式包\clear text\屏幕截图 2026-02-03 151031.png,0.3361181318759918,0.29912808537483215,0.5438692461360584,0.15377170548675095,0.14361825003544135,6.906304359436035,6.745633125305176,0.07661571353673935,0.12205255031585693,65.0909706363185,168.0000517334919,0.018973149492017418,0.013138606676342526,0.014342710375785828,0.025238025933504105,1.5930483971571272,0.9459684832844764,0.3179457264704429
w/o Retinex,D:\A题代码_公式包\clear text\屏幕截图 2026-02-03 151052.png,0.5275688171386719,0.49510088562965393,0.9001834284175525,0.3178183830049688,0.30017594939710196,6.747514247894287,6.938745498657227,0.11693479120731354,0.1414247453212738,94.71102218682212,149.50654890552445,0.21749472869458455,0.0037232764833053087,0.01570572890341282,0.02133973315358162,1.2094324880392415,0.9808723804485663,0.3783874524396654
w/o Retinex,D:\A题代码_公式包\clear text\屏幕截图 2026-02-03 151128.png,0.45415768027305603,0.43234723806381226,0.7860858873887495,0.3375968965236911,0.3140144820428973,7.3838300704956055,7.503556728363037,0.1467454880475998,0.17315122485160828,103.37291073329324,166.35892655087363,0.1700951567067505,0.012598259642840186,0.01795991323888302,0.02417805977165699,1.1799423107603837,0.973868648849478,0.37776942280256315
w/o Retinex,D:\A题代码_公式包\clear text\屏幕截图 2026-02-03 151250.png,0.4565403461456299,0.42110419273376465,0.765643986788663,0.17874169486144437,0.1766823602619552,6.900973320007324,7.028377056121826,0.16290712356567383,0.25776541233062744,825.2157698806913,2419.2751228519774,0.04683973453962217,0.01611586519530162,0.0762220248579979,0.13533104956150055,1.5822844243245082,0.8962264230490192,0.44036922523872113
w/o Retinex,D:\A题代码_公式包\clear text\屏幕截图 2026-02-03 151414.png,0.60980224609375,0.5252262949943542,0.9549568999897349,0.14490044176685338,0.15766205568440442,6.939837455749512,7.134032249450684,0.13143722712993622,0.1881720870733261,39.59047083088133,91.60211856565917,0.021074721496662424,0.009238050588261559,0.012557108886539936,0.020223380997776985,1.4316497969303499,0.9416376762119318,0.38541347902155554
w/o Retinex,D:\A题代码_公式包\clear text\屏幕截图 2026-02-03 151835.png,0.6856865286827087,0.6197115778923035,0.8732516765594484,0.13621899075739813,0.15037186027454247,6.837143898010254,7.151553153991699,0.2404160052537918,0.365768700838089,812.8252119602073,1880.640823406461,0.021324973876698013,0.01974503657262278,0.0532657690346241,0.08664090186357498,1.5213991693496014,0.9150842353461772,0.46262008850717184
w/o Retinex,D:\A题代码_公式包\clear text\屏幕截图 2026-02-03 151843.png,0.5529447197914124,0.5154693722724915,0.937217040495439,0.2968243667100373,0.2729293093157432,7.474309921264648,7.572568416595459,0.11745253205299377,0.14928029477596283,110.54203508186016,193.2371076624223,0.11439514908627905,0.007194269632041635,0.016786344349384308,0.024202562868595123,1.2709839635821607,0.9714392471233098,0.40258895624658
w/o Retinex,D:\A题代码_公式包\clear text\屏幕截图 2026-02-03 151859.png,0.3579561114311218,0.3403836190700531,0.6188793074000964,0.09054809189188041,0.11424805598196061,6.399524211883545,6.711104869842529,0.15462854504585266,0.24091677367687225,1657.241987883268,3725.9130474421645,0.000991353671887796,0.0011292811392808807,0.07393145561218262,0.12348176538944244,1.5580355695995447,0.9218218622286959,0.4103457715063068
w/o Retinex,D:\A题代码_公式包\clear text\屏幕截图 2026-02-03 152105.png,0.4507603049278259,0.4023008644580841,0.7314561171965165,0.20769332953234537,0.19183569481871443,7.0894598960876465,7.348631858825684,0.0802234411239624,0.11087258160114288,28.178267489894157,59.74437344673716,0.02972843262430614,0.008282548392841512,0.010482124984264374,0.016346195712685585,1.3820470550655275,0.966568100238117,0.3385738479969712
w/o Retinex,D:\A题代码_公式包\clear text\屏幕截图 2026-02-03 152131.png,0.647994339466095,0.5998770594596863,0.909314437346025,0.27592178124151495,0.25666191829968066,7.193455219268799,7.249385833740234,0.14349158108234406,0.18804335594177246,85.6128400194012,164.0601899749493,0.20538513210927004,0.0009852216748768472,0.019089912995696068,0.027988901361823082,1.3104835287786352,0.9657142900787686,0.40033694255290647
w/o Retinex,D:\A题代码_公式包\clear text\屏幕截图 2026-02-03 152208.png,0.6048255562782288,0.5541154146194458,0.992517427964644,0.18339865729715538,0.19847372372713198,7.379093647003174,7.525372505187988,0.2852693200111389,0.390878289937973,229.10633225023804,471.630458334289,0.05703318858560794,0.04963484096548613,0.03586417809128761,0.05346809700131416,1.3702079959021083,0.9422464370469207,0.4578009751981
w/o Retinex,D:\A题代码_公式包\clear text\屏幕截图 2026-02-03 152620.png,0.38435637950897217,0.38175883889198303,0.6941069798036055,0.2896437434060856,0.2698734658430905,7.508734703063965,7.633134841918945,0.22706715762615204,0.30455073714256287,576.1222838391034,1070.13418723949,0.08079273609437186,0.02927806605875765,0.04357798025012016,0.06331999599933624,1.3412363842873185,0.9494952712510383,0.42611888004784054
w/o Retinex,D:\A题代码_公式包\clear text\屏幕截图 2026-02-03 152832.png,0.3186332881450653,0.3208082318305969,0.583287694237449,0.17083370949163157,0.17696026171727536,6.932610511779785,7.225205898284912,0.17069819569587708,0.24571289122104645,180.33865714918423,396.8126850927938,0.0008854095446465199,0.001941747572815534,0.026205791160464287,0.04137752205133438,1.439458122060741,0.9450222987496286,0.3529691182574524
w/o Retinex,D:\A题代码_公式包\clear text\屏幕截图 2026-02-03 153319.png,0.5042031407356262,0.43452188372612,0.7900397885929453,0.15096019322411747,0.15675582705323707,7.023276329040527,7.250641822814941,0.14390043914318085,0.21020355820655823,109.86350127297732,261.24503114706346,0.0026470413674402043,0.001958573209092528,0.020119108259677887,0.032422393560409546,1.4607569055121843,0.9371109835044222,0.37340855886041313
w/o Retinex,D:\A题代码_公式包\clear text\屏幕截图 2026-02-03 153723.png,0.5278517603874207,0.4727756679058075,0.8595921234651045,0.21222021105089683,0.20354794702163617,7.452596664428711,7.463541030883789,0.10105662047863007,0.14494241774082184,20.47401871892661,52.23839339630449,0.020675694142098522,0.012867489330057933,0.010896903462707996,0.01811528019607067,1.4342692793692187,0.9476920872133913,0.38522989113283346
w/o Retinex,D:\A题代码_公式包\clear text\屏幕截图 2026-02-03 153926.png,0.7160597443580627,0.6475776433944702,0.8225861029191451,0.14646057299833024,0.14641631729412252,6.8811445236206055,6.8467864990234375,0.07653055340051651,0.11313675343990326,17.42990006695915,47.955864785315185,0.18476590662481704,0.019771768972523432,0.009840347804129124,0.01669107750058174,1.478321253477206,0.9519544828922951,0.34138848745882855
w/o Retinex,D:\A题代码_公式包\clear text\屏幕截图 2026-02-03 153933.png,0.3769494593143463,0.35685741901397705,0.6488316709345037,0.2171981440111652,0.21297560083777253,6.243185997009277,6.463096618652344,0.06190009042620659,0.08171355724334717,13.215572521572598,24.49082105431256,0.08266212425452549,0.05645676811888485,0.006788888946175575,0.010724333114922047,1.3200878264771538,0.9744557204249066,0.2878580379600817
w/o Retinex,D:\A题代码_公式包\clear text\屏幕截图 2026-02-03 154150.png,0.49391090869903564,0.4826275706291199,0.877504673871127,0.2732280234093121,0.2720241193083294,7.448976516723633,7.552441596984863,0.3543727695941925,0.45050325989723206,1526.6981026732124,2659.0241406880345,0.15727380432749266,0.09456257404751513,0.08685613423585892,0.12208840250968933,1.2712693982073615,0.9506805426395296,0.5030246007186217
w/o Retinex,D:\A题代码_公式包\clear text\屏幕截图 2026-02-03 155552.png,0.5050543546676636,0.42867764830589294,0.7794139060107144,0.10736268283255107,0.1157800258542895,6.440474987030029,6.544451713562012,0.08608504384756088,0.1386096328496933,95.36865127597228,260.3061824310346,0.015322630125779732,0.014942223131199509,0.017006991431117058,0.030104396864771843,1.6101474262723101,0.9303110747904775,0.3495453643958823
w/o Retinex,D:\A题代码_公式包\clear text\屏幕截图 2026-02-03 160609.png,0.48126500844955444,0.4150327742099762,0.7546050440181384,0.07215260532406362,0.08801366043392077,6.026586532592773,6.224349021911621,0.06460291892290115,0.1037023589015007,20.18341422047485,56.970653336403366,0.001756440281030445,0.0035865773570691603,0.008977104909718037,0.016186175867915154,1.6052270311394472,0.9401773786150935,0.3154998775102231
w/o Retinex,D:\A题代码_公式包\clear text\屏幕截图 2026-02-03 160615.png,0.7611820697784424,0.7151063084602356,0.6998067118904808,0.2537437185022953,0.24234616487423397,7.317434787750244,7.40541934967041,0.2435397058725357,0.29385268688201904,282.18249820714055,507.9738606934038,0.3958582789741757,0.07815655437405057,0.03665394335985184,0.052838169038295746,1.20659041239433,0.9428459174993263,0.36052114370571764
w/o Retinex,D:\A题代码_公式包\clear text\屏幕截图 2026-02-03 160703.png,0.6156129837036133,0.5919645428657532,0.9237008311531761,0.21085643534753268,0.19999755624747442,7.651538848876953,7.6595458984375,0.18840570747852325,0.2420976459980011,47.23430319543186,93.34807656743116,0.07917825270787114,0.053023078390234596,0.015279402025043964,0.02328878454864025,1.2849804165438599,0.950279590597852,0.3890439647126879
w/o Retinex,D:\A题代码_公式包\clear text\屏幕截图 2026-02-03 160802.png,0.525132954120636,0.47591790556907654,0.8653052828528663,0.18317664314175322,0.18346094179295366,7.141214847564697,7.279534816741943,0.13148723542690277,0.17615683376789093,26.379389092022873,53.656831794915576,0.05928475354062821,0.0044702903710736605,0.011223585344851017,0.01744168810546398,1.3397258544011086,0.9517613738049172,0.36251109269569287
w/o Retinex,D:\A题代码_公式包\clear text\屏幕截图 2026-02-03 161950.png,0.40636172890663147,0.3993830382823944,0.7261509786952625,0.2290207066935447,0.22665394894134439,7.475952625274658,7.590120315551758,0.23210497200489044,0.3307799994945526,175.4301890031198,375.1540817321269,0.02187183911465461,0.0015033418615259515,0.02704598382115364,0.042820222675800323,1.4251310435220208,0.9313709412457502,0.4238657436953849
w/o Retinex,D:\A题代码_公式包\clear text\屏幕截图 2026-02-03 162130.png,0.4498051404953003,0.4204714894294739,0.7644936171444979,0.2752699185542395,0.2505925255714206,7.552106857299805,7.553774356842041,0.1297454535961151,0.18093520402908325,56.82500414771677,116.10421249076958,0.019893783536907236,0.0008170497160981745,0.014703365974128246,0.023349350318312645,1.394539849727743,0.9458917285011473,0.3931332575507317
w/o Retinex,D:\A题代码_公式包\clear text\屏幕截图 2026-02-03 162314.png,0.3850076496601105,0.29786863923072815,0.5415793440558694,0.07912707743870402,0.08326837757790037,6.096319675445557,6.2216291427612305,0.0582117885351181,0.08777298778295517,12.540704312054002,37.68256059518608,0.0020978324949659675,0.002059550880094326,0.009105229750275612,0.015437548980116844,1.5078214232252087,0.9280143900996214,0.24943247680843103
w/o Retinex,D:\A题代码_公式包\clear text\屏幕截图 2026-02-03 162446.png,0.36364319920539856,0.29903629422187805,0.5437023531306873,0.11144648459385459,0.11601739533174307,6.249050617218018,6.630033493041992,0.07258625328540802,0.09715041518211365,10.913972784286209,25.253136256132134,0.006967384694367114,0.006325651893570143,0.00819337647408247,0.012440844438970089,1.338413242697289,0.9551286243358135,0.2424221124175348
w/o Retinex,D:\A题代码_公式包\clear text\屏幕截图 2026-02-04 203521.png,0.3707539439201355,0.3668414056301117,0.6669843738729303,0.12908736470871593,0.12181121891536464,6.768037796020508,6.798231601715088,0.13771356642246246,0.23010122776031494,66.86942101542837,219.2539578243416,0.008068019611493825,0.007937000489597772,0.023046668618917465,0.04162653535604477,1.670868266400165,0.9098627800708361,0.370484828810092
w/o Retinex,D:\A题代码_公式包\clear text\屏幕截图 2026-02-04 203619.png,0.5240667462348938,0.46824002265930176,0.8513454957441849,0.07652047997555701,0.09384533165800492,6.256358623504639,6.576445579528809,0.09960349649190903,0.1952812522649765,63.2370892083709,234.1776796350912,0.0009692208612037468,0.0014984664630452664,0.01771976239979267,0.0370059609413147,1.9605861522708763,0.8736862724217476,0.43606685904274023
w/o DCP,D:\A题代码_公式包\clear text\cam101_12-02_13-35.jpeg,0.42241156101226807,0.5051848888397217,0.9185179797085848,0.23095599825428997,0.20658246824316875,7.349150657653809,7.436033725738525,0.3271820843219757,0.37721624970436096,3158.225867978395,4163.240468708975,0.0057696759259259255,0.0054832175925925925,0.10561104863882065,0.1324787437915802,1.1529245280862144,0.9273395320461395,0.4758802959181192
w/o DCP,D:\A题代码_公式包\clear text\cam102_03-02_07-42 - .jpeg,0.4199084937572479,0.4944668710231781,0.8990306745875964,0.1722577333800307,0.1565404161913139,6.551889419555664,6.6812028884887695,0.2049582302570343,0.2405492514371872,2104.931223370378,2768.570328893256,0.011281828703703704,0.009386574074074073,0.06733255088329315,0.0862685889005661,1.1736501229674066,0.9512309518518136,0.37860872521858935
w/o DCP,D:\A题代码_公式包\clear text\cam102_03-02_08-00 - .jpeg,0.4582531750202179,0.5140219926834106,0.9345854412425647,0.2102559240009242,0.1838737618523325,6.891057014465332,6.959081649780273,0.22768132388591766,0.2626614570617676,2181.163246522118,2824.494568780334,0.029751157407407407,0.0072743055555555556,0.0717780664563179,0.09048502892255783,1.153636294945712,0.9591265684698291,0.4062274354025307
w/o DCP,D:\A题代码_公式包\clear text\cam102_03-02_08-51.jpeg,0.43220531940460205,0.49849528074264526,0.9063550558957186,0.20962541268322046,0.181771913879896,6.842887878417969,6.9793548583984375,0.2176920622587204,0.25535330176353455,2054.3880677852844,2659.630141761476,0.02582175925925926,0.006953125,0.06851950287818909,0.08731452375650406,1.1730023364485982,0.9531082010794799,0.39890866536074004
w/o DCP,D:\A题代码_公式包\clear text\cam102_03-02_09-45.jpeg,0.4195566475391388,0.4973998963832855,0.90436344796961,0.19069192727439205,0.1732799473339139,6.914595127105713,7.0181169509887695,0.24420827627182007,0.2869406044483185,2365.021825803144,3149.1619183810008,0.00583912037037037,0.005046296296296296,0.08052874356508255,0.10291837900876999,1.1749831327373628,0.9471066580436255,0.413371984704098
w/o DCP,D:\A题代码_公式包\clear text\cam102_17-02_07-42.jpeg,0.45745405554771423,0.5112311840057373,0.929511243646795,0.1962028215235175,0.17077008155295664,6.984780311584473,6.977328300476074,0.1898156851530075,0.22308297455310822,1793.987464252153,2289.827752078511,0.014710648148148148,0.0090625,0.05853831022977829,0.0754549503326416,1.1752609989663125,0.9575662939720735,0.3835752501022937
w/o DCP,D:\A题代码_公式包\clear text\cam103_02-02_20-43 - .jpeg,0.30162954330444336,0.414076030254364,0.752865509553389,0.16622828046027752,0.15014100416407533,6.759535789489746,6.762364387512207,0.17754465341567993,0.20088918507099152,1915.2316129295987,2178.127056725689,0.016550925925925927,0.009267939814814816,0.04558280110359192,0.05760371312499046,1.1314853763958006,0.8758308881696006,0.3133434651232305
w/o DCP,D:\A题代码_公式包\clear text\cam103_02-02_22-23.jpeg,0.29524096846580505,0.40629416704177856,0.7387166673486882,0.17603804143704213,0.15443206828105505,6.820976257324219,6.742383003234863,0.1727191060781479,0.19188086688518524,1877.0470768497084,2113.6187573772663,0.021015625,0.00894386574074074,0.04445081949234009,0.055290963500738144,1.1109417648431374,0.8701943204540364,0.3035373465786126
w/o DCP,D:\A题代码_公式包\clear text\cam103_02-02_23-51.jpeg,0.2861560583114624,0.40050771832466125,0.728195851499384,0.1717760198018337,0.15550207651866013,6.787363052368164,6.802350997924805,0.17479266226291656,0.19462117552757263,1892.7065723084165,2140.5018047089,0.016064814814814816,0.008726851851851852,0.044965676963329315,0.05584876611828804,1.1134401876840716,0.8690326844885349,0.3052660908343265
w/o DCP,D:\A题代码_公式包\clear text\cam103_12-02_14-24.jpeg,0.42278552055358887,0.5093568563461304,0.9261033751747825,0.2399807035891319,0.21330457964018584,7.107303619384766,7.248510360717773,0.2455211579799652,0.28160420060157776,2665.760482547051,3353.465323676182,0.008431712962962964,0.008188657407407407,0.07593371719121933,0.09507139772176743,1.1469651634105285,0.9102102449788928,0.4332815597369396
w/o DCP,D:\A题代码_公式包\clear text\cam106_03-02_00-55 - .jpeg,0.28695037961006165,0.4042080044746399,0.7349236444993452,0.1311852285576359,0.13297623491497887,6.402092933654785,6.466816425323486,0.16550281643867493,0.19807617366313934,2031.0845178421587,2443.4978123359,0.010908564814814815,0.009421296296296296,0.04951291158795357,0.0654778704047203,1.1968146089962146,0.8832875659035828,0.31559749821079736
w/o DCP,D:\A题代码_公式包\clear text\cam110_02-02_18-57.jpeg,0.3004944324493408,0.41273266077041626,0.750423019582575,0.1620842236283031,0.15067951924031098,6.787729740142822,6.818226337432861,0.19758351147174835,0.22563979029655457,1992.228960817933,2421.0503296467764,0.017864583333333333,0.009947916666666667,0.05329476669430733,0.0683627501130104,1.1419970456873623,0.8797944008618238,0.3278138698189027
w/o DCP,D:\A题代码_公式包\clear text\cam110_07-02_08-28.jpeg,0.4207269847393036,0.5045056343078613,0.9172829714688387,0.1851169070903971,0.1756916753606079,6.948529243469238,7.0190019607543945,0.2251625806093216,0.26319098472595215,2505.5965720965346,3241.8759508980625,0.007659143518518518,0.007427662037037037,0.06981910020112991,0.08874166756868362,1.1688930848865686,0.9393046684719911,0.41257411100126473
w/o DCP,D:\A题代码_公式包\clear text\cam111_03-02_09-49.jpeg,0.42198169231414795,0.4965360462665558,0.9027928113937377,0.13891261314929,0.13975229222255145,6.5068678855896,6.530754089355469,0.17032505571842194,0.19828461110591888,1900.1460015172136,2388.0482342795453,0.006293402777777778,0.006296296296296296,0.053312964737415314,0.06762553006410599,1.1641541372484767,0.9608917293822797,0.3508710171613391
w/o DCP,D:\A题代码_公式包\clear text\cam111_17-02_07-01 - .jpeg,0.3909599184989929,0.475987046957016,0.8654309944673018,0.11207160789580675,0.11513048259112973,6.240609645843506,6.336148262023926,0.13606928288936615,0.16474495828151703,1494.1373904481402,1792.484742333775,0.013761574074074074,0.007696759259259259,0.037119779735803604,0.049812644720077515,1.2107432178750928,0.948029719107964,0.31720349562111433
w/o DCP,D:\A题代码_公式包\clear text\cam112_02-02_19-15.jpeg,0.2964478135108948,0.4107428193092346,0.7468051260167902,0.14586034275378754,0.1418931353634331,6.524833679199219,6.618724822998047,0.1822957992553711,0.21252897381782532,1701.0853383890787,2107.471335243056,0.014565972222222221,0.009693287037037037,0.04957517236471176,0.06493289768695831,1.1658468377652949,0.8964781682612857,0.3155751386681716
w/o DCP,D:\A题代码_公式包\clear text\cam112_02-02_20-03.jpeg,0.3310602903366089,0.43250584602355957,0.786374265497381,0.15033019217787744,0.14020273768148442,6.691838264465332,6.662112236022949,0.17145967483520508,0.20177008211612701,1675.7067283789531,2041.3107830969961,0.018605324074074073,0.009441550925925926,0.04766090214252472,0.06259765475988388,1.1767786061827592,0.9119250086754387,0.3231337214896541
w/o DCP,D:\A题代码_公式包\clear text\cam112_30-01_19-33 - .jpeg,0.32236069440841675,0.4334576725959778,0.7881048592654141,0.15355823768086338,0.1492184426537987,6.929708957672119,6.964285850524902,0.20461204648017883,0.24155651032924652,1782.3523957320265,2248.498223308766,0.01136574074074074,0.009589120370370371,0.05563219636678696,0.07336129248142242,1.180558581580278,0.8990853525752531,0.34712804314506684
w/o DCP,D:\A题代码_公式包\clear text\cam115_02-02_21-32.jpeg,0.2882762551307678,0.40747982263565063,0.740872404792092,0.15447352883212076,0.14560288814813477,6.322131156921387,6.483318328857422,0.19852463901042938,0.23190812766551971,2005.1452247604473,2503.737899269085,0.015772569444444443,0.010659722222222221,0.05879370868206024,0.07631633430719376,1.1681579320370008,0.8794887607672535,0.3240098247392761
w/o DCP,D:\A题代码_公式包\clear text\cam115_02-02_22-43.jpeg,0.28199878334999084,0.4008849561214447,0.7288817384026267,0.15741051671502426,0.14545904367828885,6.341675281524658,6.508996963500977,0.20250888168811798,0.23576988279819489,2033.0656149188926,2523.05936652678,0.015454282407407408,0.01056712962962963,0.05955422669649124,0.07689470052719116,1.1642445864333122,0.8773521761110568,0.3227357947240267
w/o DCP,D:\A题代码_公式包\clear text\cam115_03-02_09-39 - .jpeg,0.41242891550064087,0.49532172083854675,0.9005849469791758,0.17144847254031023,0.16728103103107894,6.791445732116699,6.891660213470459,0.23527365922927856,0.27422237396240234,2685.4755542561516,3564.4752399602617,0.006614583333333333,0.0063975694444444444,0.08041410148143768,0.10148122906684875,1.1655464469616854,0.94845320643014,0.4123855933842375
w/o DCP,D:\A题代码_公式包\clear text\cam115_03-02_10-10.jpeg,0.4160018861293793,0.49743038415908813,0.9044188802892511,0.16631694339501799,0.16371429781992486,6.711528778076172,6.858040809631348,0.23043864965438843,0.2708294689655304,2568.4739900412646,3426.1720697418255,0.006603009259259259,0.006307870370370371,0.07836595177650452,0.09975975006818771,1.1752779850101933,0.9497390272550824,0.409026610737268
w/o DCP,D:\A题代码_公式包\clear text\cam115_03-02_10-42.jpeg,0.4239993989467621,0.5026231408119202,0.913860256021673,0.166275777977412,0.16525973035305602,6.8374762535095215,6.9364519119262695,0.23731060326099396,0.27828115224838257,2572.063828312241,3432.920170645179,0.006588541666666667,0.00636863425925926,0.08009333908557892,0.101935014128685,1.172645268821034,0.951835760851394,0.4146047373489865
w/o DCP,D:\A题代码_公式包\clear text\cam11_03-02_11-26.jpeg,0.3851301372051239,0.4696503281593323,0.8539096875624222,0.17570722275650053,0.1662058498773276,7.236855506896973,7.215412139892578,0.30961745977401733,0.35690656304359436,2265.2143889031445,2895.5886079197617,0.0115234375,0.00762014678030303,0.08420360833406448,0.10496999323368073,1.1527339923946143,0.939661722615742,0.4117849446972846
w/o DCP,D:\A题代码_公式包\clear text\cam11_10-02_07-09.jpeg,0.38667240738868713,0.4789331555366516,0.8707875555211847,0.17571069955210025,0.1682776976556813,7.28474235534668,7.255015850067139,0.3236597776412964,0.3702737092971802,2345.2490373977416,2976.3329686167394,0.012313565340909091,0.009309895833333333,0.08635152876377106,0.1069827750325203,1.144021375146899,0.934505110009891,0.4189270754857494
w/o DCP,D:\A题代码_公式包\clear text\cam11_12-02_13-40.jpeg,0.41207876801490784,0.49165236949920654,0.8939133990894663,0.15099109252719853,0.1480493631874135,6.795062065124512,6.822412967681885,0.2752944529056549,0.31836554408073425,2000.960978929889,2513.8136954432784,0.010280539772727273,0.00791607481060606,0.07185932993888855,0.09019443392753601,1.1564545574489424,0.9490958206091333,0.38684448606845845
w/o DCP,D:\A题代码_公式包\clear text\cam120_02-02_09-48.jpeg,0.4355648159980774,0.5181936025619507,0.9421701864762739,0.1804575931655269,0.17613934774712703,7.104185581207275,7.221371650695801,0.2794996500015259,0.32906728982925415,3034.6189192406923,4158.7280970227575,0.006608796296296297,0.006646412037037037,0.09353454411029816,0.11980349570512772,1.1773441933191369,0.9442834660417679,0.45893938508936183
w/o DCP,D:\A题代码_公式包\clear text\cam120_02-02_10-07.jpeg,0.4344126284122467,0.5150435566902161,0.9364428303458473,0.18408838381669151,0.1778729238985889,7.036876201629639,7.137346267700195,0.276157021522522,0.323248028755188,3004.0072850646216,4088.2202332838942,0.006646412037037037,0.006594328703703704,0.09314912557601929,0.11870282888412476,1.1705224951073099,0.9458938693345261,0.4523754319458331
w/o DCP,D:\A题代码_公式包\clear text\cam120_03-02_02-52 - .jpeg,0.3039255440235138,0.42448654770851135,0.7717937231063843,0.15142900089879713,0.14788529539726927,6.853757381439209,6.969714641571045,0.1932736337184906,0.23614826798439026,1817.1664669284814,2300.9216776834364,0.010772569444444444,0.00849537037037037,0.05338374897837639,0.07183144986629486,1.221833883552167,0.8860247776146154,0.3513222663636867
w/o DCP,D:\A题代码_公式包\clear text\cam120_17-02_08-02 - .jpeg,0.4533112347126007,0.5311228632926941,0.9656779332594437,0.1879825498642388,0.1832018820592494,7.2459564208984375,7.341009616851807,0.2891601324081421,0.3451281785964966,3011.521869206399,4159.139586201525,0.008969907407407407,0.00837673611111111,0.09538678079843521,0.12350066751241684,1.1935538008772748,0.9436370529004721,0.47564813923311866
w/o DCP,D:\A题代码_公式包\clear text\cam120_17-02_19-14.jpeg,0.24920885264873505,0.38364073634147644,0.697528611529957,0.14388485588743874,0.1359092192036087,6.418220043182373,6.484923839569092,0.19360853731632233,0.22790567576885223,1882.1599705663527,2343.440516787423,0.013237847222222222,0.008506944444444444,0.05309288948774338,0.06982538104057312,1.177146808368598,0.8498703216507826,0.3067666823154994
w/o DCP,D:\A题代码_公式包\clear text\cam126_03-02_11-56 - .jpeg,0.42672765254974365,0.503397524356842,0.9152682261033491,0.17589907596728693,0.17373492529788104,6.838520050048828,7.056669235229492,0.2741378843784332,0.3169770836830139,3621.800338064228,4901.501642915627,0.007225115740740741,0.006767939814814815,0.10103181004524231,0.1265147626399994,1.1562688094624576,0.9462751280510282,0.4591262401070937
w/o DCP,D:\A题代码_公式包\clear text\cam126_17-02_08-36.jpeg,0.42839527130126953,0.5135958194732666,0.9338105808604846,0.1863903075362696,0.1847830280504942,7.196381568908691,7.287552356719971,0.2875351011753082,0.33912786841392517,2826.3598745658383,3856.643556884431,0.0072280092592592595,0.007068865740740741,0.09112241119146347,0.11706336587667465,1.1794312384233354,0.9363635719988561,0.4576955274664541
w/o DCP,D:\A题代码_公式包\clear text\cam126_17-02_17-11.jpeg,0.4166643023490906,0.4996506869792938,0.9084557945078069,0.1480251866059975,0.1444840046824986,6.811367988586426,6.768986701965332,0.19922156631946564,0.24015085399150848,1969.22514717861,2532.7696257354023,0.010821759259259258,0.009079861111111111,0.05840601027011871,0.0775127112865448,1.2054461006683934,0.9375400215260279,0.37785546586922947
w/o DCP,D:\A题代码_公式包\clear text\cam127_02-02_18-50.jpeg,0.30469465255737305,0.41419216990470886,0.7530766725540161,0.18329624666546654,0.16650864799341134,6.9145379066467285,6.924004554748535,0.21588928997516632,0.2490430772304535,1987.3199794405377,2402.4284012353633,0.01453414351851852,0.0073668981481481485,0.0651296004652977,0.08235908299684525,1.1535684705066165,0.8880250958376121,0.3445826612395528
w/o DCP,D:\A题代码_公式包\clear text\cam127_02-02_22-51 - .jpeg,0.29016557335853577,0.4068547487258911,0.7397359067743474,0.1772807880983706,0.16081051102428512,6.707484245300293,6.742751598358154,0.21448905766010284,0.2435954511165619,2111.773812249999,2505.6545377953717,0.01587962962962963,0.00828125,0.06491966545581818,0.08076068013906479,1.1357010689857434,0.8819252015864258,0.3322292967811436
w/o DCP,D:\A题代码_公式包\clear text\cam127_12-02_14-59.jpeg,0.42939701676368713,0.5025061368942261,0.9136475216258655,0.18468005592715206,0.17101206903363564,7.1039252281188965,7.130237579345703,0.277080237865448,0.31026723980903625,3176.5381727411714,4006.3460138727805,0.025,0.0064670138888888885,0.09383207559585571,0.11464851349592209,1.1197739584684212,0.9434711411864506,0.42934773544869714
w/o DCP,D:\A题代码_公式包\clear text\cam136_02-02_10-00.jpeg,0.4671942889690399,0.5249316096305847,0.9544211084192449,0.18967647395814902,0.18166423448428293,7.319179058074951,7.326970100402832,0.34630194306373596,0.39370355010032654,3688.291735527585,4830.613014913375,0.01868923611111111,0.008585069444444444,0.11880414932966232,0.14712285995483398,1.1368793238628632,0.9473663567111333,0.48615143682741446
w/o DCP,D:\A题代码_公式包\clear text\cam136_02-02_10-15.jpeg,0.44370242953300476,0.5097602009773254,0.9268367290496825,0.18808352575788082,0.17996245553357038,7.324538707733154,7.339663505554199,0.34013497829437256,0.3900716006755829,3589.9976851850515,4751.680954370787,0.013825231481481482,0.008206018518518519,0.11683879792690277,0.14582876861095428,1.1468141578441537,0.9428896047184397,0.4798642220953382
w/o DCP,D:\A题代码_公式包\clear text\cam136_02-02_21-25 - .jpeg,0.33407700061798096,0.4377000629901886,0.7958182963457974,0.17034681223471815,0.15521837672611166,6.839829921722412,6.846297264099121,0.23774868249893188,0.2820483148097992,2016.1979787796588,2520.6299747085045,0.03165219907407407,0.014201388888888888,0.06870418041944504,0.08938632160425186,1.1863295899002815,0.8976926169665906,0.3634038286405774
w/o DCP,D:\A题代码_公式包\clear text\cam136_03-02_09-11 - .jpeg,0.4691813588142395,0.5273867249488831,0.9588849544525145,0.19100272041427954,0.18390911411803706,7.40407133102417,7.40413761138916,0.3607739508152008,0.4192201793193817,3791.8706469102312,5131.554722354808,0.011895254629629629,0.007702546296296296,0.12506215274333954,0.15786346793174744,1.1620023190707662,0.9428273266165271,0.5068719666707454
w/o DCP,D:\A题代码_公式包\clear text\cam137_02-02_09-53.jpeg,0.40997314453125,0.4818033277988434,0.8760060505433516,0.23969946989186577,0.20947978229303704,7.621668815612793,7.521512508392334,0.396441787481308,0.4499640464782715,3190.863799738599,4210.918167853649,0.03625414299242424,0.008519767992424243,0.11345867812633514,0.13999152183532715,1.1350065435676477,0.9235940579016167,0.4858828172402889
w/o DCP,D:\A题代码_公式包\clear text\cam137_02-02_10-31.jpeg,0.39076995849609375,0.47198358178138733,0.8581519668752496,0.24034234915950511,0.211590622957515,7.590137481689453,7.548839569091797,0.419035404920578,0.47164350748062134,3264.773580890441,4324.340307039588,0.041293797348484845,0.008797940340909092,0.11701632291078568,0.14379309117794037,1.1255457560423634,0.9185492761044375,0.4893745878529597
w/o DCP,D:\A题代码_公式包\clear text\cam137_03-02_00-28 - .jpeg,0.26110631227493286,0.3804604709148407,0.6917463107542557,0.2588014546539784,0.22340678266693623,7.149971961975098,7.460415363311768,0.336468368768692,0.37765762209892273,2639.5894829256586,3259.7946544615606,0.046803977272727275,0.00877722537878788,0.09328051656484604,0.11465784907341003,1.1224164924773048,0.735927361704094,0.392961532360826
w/o DCP,D:\A题代码_公式包\clear text\cam137_03-02_00-42 - .jpeg,0.27773404121398926,0.39862126111984253,0.7247659293088045,0.24100515088375327,0.2060055245000461,7.297811031341553,7.455455303192139,0.3500159680843353,0.40084755420684814,2546.5657076412303,3186.5624141415597,0.04012192234848485,0.008578953598484849,0.09484263509511948,0.11797565221786499,1.1452264394963205,0.7903955863801493,0.40697075875035843
w/o DCP,D:\A题代码_公式包\clear text\cam137_03-02_05-10.jpeg,0.2750415802001953,0.39770397543907166,0.7230981371619485,0.24083952934424777,0.20343237060687946,7.301418304443359,7.434539794921875,0.28088486194610596,0.3157637417316437,2079.1507130173527,2552.841406025812,0.04346590909090909,0.007454427083333334,0.07220190763473511,0.08926717191934586,1.1241749675866808,0.7850261346978067,0.3670220458247463
w/o DCP,D:\A题代码_公式包\clear text\cam137_03-02_08-20 - .jpeg,0.40231701731681824,0.47987064719200134,0.8724920858036387,0.23640788496964535,0.20794506113003505,7.5371904373168945,7.474357604980469,0.4538218379020691,0.5038982629776001,3626.18482960595,4712.206574837753,0.03818063446969697,0.00967684659090909,0.1279584914445877,0.15403732657432556,1.1103438359504996,0.9264093628168624,0.5024547805301328
w/o DCP,D:\A题代码_公式包\clear text\cam137_03-02_08-24.jpeg,0.3903328776359558,0.4708361029624939,0.8560656417499888,0.24798827366400827,0.21952077992216354,7.610590934753418,7.58852481842041,0.44996774196624756,0.49982577562332153,3509.7878911543285,4638.961635881184,0.03941169507575758,0.009203361742424242,0.12340570241212845,0.1503407210111618,1.1108035714641922,0.9141087804019784,0.5034768676062148
w/o DCP,D:\A题代码_公式包\clear text\cam137_03-02_08-41.jpeg,0.39427560567855835,0.4737413823604584,0.8613479679281061,0.23595990623135987,0.20923850189415408,7.54606819152832,7.4867472648620605,0.42264699935913086,0.47980669140815735,3379.1840259280875,4542.4723894046665,0.03481001420454546,0.008268229166666667,0.11993236839771271,0.14833970367908478,1.1352421581813135,0.9197043355359639,0.49651143589307445
w/o DCP,D:\A题代码_公式包\clear text\cam141_30-01_23-05.jpeg,0.29419952630996704,0.4150415062904358,0.754620920528065,0.14474321440179047,0.1416244910135765,6.809493064880371,6.8591389656066895,0.180241659283638,0.2166898548603058,1716.1407404262634,2138.0369987981767,0.008602430555555556,0.0067853009259259255,0.051839038729667664,0.06868728250265121,1.202218455244957,0.8840576495400306,0.33020357427366787
w/o DCP,D:\A题代码_公式包\clear text\cam143_12-02_14-15.jpeg,0.5187085866928101,0.5536883473396301,0.9932939139279453,0.22085557229600436,0.19389730410893005,7.056549072265625,6.981684684753418,0.18860167264938354,0.20263607800006866,1990.8576174490909,2228.826275600822,0.07468039772727272,0.010218394886363636,0.04387225583195686,0.051505569368600845,1.0744129461079335,0.96554301018159,0.3808487511020571
w/o DCP,D:\A题代码_公式包\clear text\cam143_12-02_14-30.jpeg,0.5213236808776855,0.5550715327262878,0.9907790314067495,0.22363836885276248,0.19525294330593057,6.914364337921143,6.853870391845703,0.19754400849342346,0.21265041828155518,2053.75341393547,2293.519568749315,0.09345703125,0.010626775568181817,0.046122945845127106,0.05388408526778221,1.0764711152125352,0.964779782386866,0.38208002680760234
w/o DCP,D:\A题代码_公式包\clear text\cam143_12-02_15-18.jpeg,0.5171031951904297,0.5522915124893188,0.995833613655784,0.225547976432774,0.19617381743783302,6.842679977416992,6.788569927215576,0.19459958374500275,0.2080860584974289,2012.991106752338,2249.7684551816997,0.09985795454545454,0.010298295454545454,0.04518458619713783,0.05273720622062683,1.0693036715511213,0.9648100777005023,0.37822222647963505
w/o DCP,D:\A题代码_公式包\clear text\cam143_12-02_15-38.jpeg,0.5131589770317078,0.5492522120475769,0.9986403855410488,0.2290845248502164,0.19938352080168445,6.764614105224609,6.718497276306152,0.20144353806972504,0.21560153365135193,2046.9870665433323,2279.076527128719,0.10254202178030303,0.010795454545454546,0.04581473022699356,0.053333982825279236,1.0702826559650196,0.9638070954033902,0.38102495774864736
w/o DCP,D:\A题代码_公式包\clear text\cam143_17-02_19-37.jpeg,0.34565305709838867,0.4347456395626068,0.7904466173865577,0.22292216275947518,0.1904970344153137,7.215879917144775,7.062177658081055,0.2061181515455246,0.21581564843654633,1979.0335735366236,2224.3991833681052,0.032652698863636365,0.009383877840909091,0.04926781728863716,0.05812026560306549,1.047048254497173,0.8982618301783266,0.3336195400629304
w/o DCP,D:\A题代码_公式包\clear text\cam145_31-01_04-13.jpeg,0.32255321741104126,0.4239027202129364,0.7707322185689752,0.1939314004334733,0.1678649607903172,7.264856815338135,7.099145889282227,0.18804095685482025,0.20078109204769135,1667.5369090308477,1888.6435435915648,0.013923413825757576,0.008019649621212122,0.042681317776441574,0.05212044343352318,1.067751897565625,0.893836695312281,0.31432640209996504
w/o DCP,D:\A题代码_公式包\clear text\cam145_31-01_04-26.jpeg,0.3271543085575104,0.42623189091682434,0.7749670743942261,0.19480930971964025,0.16931554756307557,7.261612415313721,7.109949111938477,0.18924719095230103,0.20294445753097534,1657.436375615345,1869.260417008518,0.014367305871212122,0.007957504734848485,0.042594872415065765,0.052071958780288696,1.0723776207745526,0.8965828593201616,0.31738908959863343
w/o DCP,D:\A题代码_公式包\clear text\cam148_03-02_00-37 - .jpeg,0.29357635974884033,0.40860018134117126,0.7429094206203113,0.17047538666583362,0.1514435905686402,6.983057975769043,6.805974960327148,0.14017142355442047,0.15429307520389557,1546.7994177279372,1761.2350089669203,0.005980705492424242,0.0075402462121212125,0.03224494308233261,0.04029281809926033,1.1007455709711846,0.8876059359130211,0.2887658647071992
w/o DCP,D:\A题代码_公式包\clear text\cam148_03-02_01-45.jpeg,0.28534263372421265,0.4041632115840912,0.7348422028801658,0.17108515782584724,0.15100229749831467,7.021975040435791,6.861323356628418,0.13893134891986847,0.15299773216247559,1506.0896484248544,1724.1061731370992,0.005894886363636363,0.007395241477272727,0.031451694667339325,0.03962245211005211,1.1012470516915658,0.8765033483429626,0.28600616517734967
w/o DCP,D:\A题代码_公式包\clear text\cam148_03-02_02-21.jpeg,0.34348592162132263,0.4359910488128662,0.7927109978415748,0.19831203856492347,0.16808542374816673,7.257804870605469,7.066061496734619,0.1532960683107376,0.16623541712760925,1528.3390150405069,1738.208050407422,0.017252604166666668,0.007404119318181818,0.03418131172657013,0.0422416627407074,1.0844075715656523,0.9137087324803584,0.31269921342042284
w/o DCP,D:\A题代码_公式包\clear text\cam14_02-02_09-48 - .jpeg,0.425413578748703,0.5041442513465881,0.9166259115392511,0.1874083813081124,0.17930270931324765,6.685297012329102,6.9742889404296875,0.24754422903060913,0.2845729887485504,2787.047944053786,3659.795038297292,0.0067708333333333336,0.006750578703703704,0.0826466754078865,0.10359083861112595,1.1495843485912087,0.9445984072653676,0.4229011313365423
w/o DCP,D:\A题代码_公式包\clear text\cam14_02-02_09-52 - .jpeg,0.42792534828186035,0.5066336393356323,0.9211520715193314,0.1886359274044126,0.18125531331261985,6.860334873199463,7.115787029266357,0.25620758533477783,0.29337015748023987,2866.4632240728683,3779.681934239969,0.006750578703703704,0.006614583333333333,0.08510448038578033,0.10638484358787537,1.1450486832323639,0.9447808062747429,0.4316763820147726
w/o DCP,D:\A题代码_公式包\clear text\cam14_03-02_00-13 - .jpeg,0.30258801579475403,0.4181598126888275,0.7602905685251409,0.1455641274132267,0.14049245899879234,6.822500228881836,6.89275598526001,0.1868382692337036,0.21904975175857544,1721.8255004863972,2083.928624779294,0.011498842592592592,0.008981481481481481,0.050125349313020706,0.06539032608270645,1.172403033742276,0.8888085396366452,0.32529145291005274
w/o DCP,D:\A题代码_公式包\clear text\cam150_17-02_08-41.jpeg,0.46939927339553833,0.5279982089996338,0.9599967436356978,0.204079329982614,0.17925867525545328,7.552454948425293,7.370330810546875,0.1799762099981308,0.2066562920808792,1502.060490255426,1741.8390834751517,0.011268939393939394,0.006395004734848485,0.039373431354761124,0.049762412905693054,1.1482422767726785,0.9513249612299698,0.3818124530456603
w/o DCP,D:\A题代码_公式包\clear text\cam156_02-02_10-05.jpeg,0.4457707703113556,0.5116477012634277,0.9302685477516868,0.18884048401095635,0.1809373659884921,7.310651779174805,7.327325820922852,0.35388222336769104,0.3944465219974518,4303.19022261978,5654.681182464064,0.017621527777777778,0.009542824074074073,0.1279313862323761,0.15610986948013306,1.1146265370289128,0.9487108634475275,0.49594990470397665
w/o DCP,D:\A题代码_公式包\clear text\cam156_02-02_20-25 - .jpeg,0.2985530197620392,0.41918882727622986,0.7621615041385996,0.19702557686915426,0.1778362592530609,7.251126289367676,7.304940223693848,0.2582750916481018,0.29705047607421875,2559.1001531955967,3230.5746526471594,0.019748263888888888,0.010853587962962962,0.08123090863227844,0.1028052493929863,1.1501321587536104,0.8527823619625765,0.3837017372299582
w/o DCP,D:\A题代码_公式包\clear text\cam156_03-02_01-16.jpeg,0.2538717985153198,0.3911588490009308,0.7111979072744196,0.1827877997719063,0.16718701881605172,6.981518745422363,7.091965198516846,0.25883767008781433,0.30159544944763184,2697.1107753541546,3448.2624959442514,0.021030092592592593,0.010648148148148148,0.08578383177518845,0.10982691496610641,1.1651914035295579,0.8084872922705232,0.36816651504113734
w/o DCP,D:\A题代码_公式包\clear text\cam156_03-02_03-03.jpeg,0.2815003991127014,0.40868887305259705,0.7430706782774491,0.1898937910978054,0.17290361846226865,7.189176082611084,7.262143135070801,0.2639494836330414,0.30545610189437866,2658.427332984696,3334.5465239946943,0.018408564814814815,0.010720486111111111,0.08702878654003143,0.10969352722167969,1.1572520490918297,0.8377600328178127,0.38046818826331685
w/o DCP,D:\A题代码_公式包\clear text\cam156_17-02_07-16 - .jpeg,0.3755209147930145,0.47071871161460876,0.8558522029356522,0.1648085086128659,0.161279562059011,7.13770055770874,7.177038669586182,0.2806984782218933,0.3371500074863434,3138.0029372946324,4467.7014524156775,0.013995949074074074,0.010477430555555556,0.1015380471944809,0.13284632563591003,1.2011109493336414,0.9223556212255751,0.4460553285016738
w/o DCP,D:\A题代码_公式包\clear text\cam156_17-02_07-24 - .jpeg,0.38921287655830383,0.4800538122653961,0.872825113209811,0.16696330922788385,0.1641311626838307,7.175168037414551,7.2189741134643555,0.28618642687797546,0.3425278961658478,3199.394287872407,4543.96514461963,0.012670717592592593,0.010031828703703704,0.10374715924263,0.1351879984140396,1.1968697936878587,0.9276594415877782,0.4539055189618152
w/o DCP,D:\A题代码_公式包\clear text\cam163_02-02_10-11.jpeg,0.4537525177001953,0.5187385082244873,0.9431609240445223,0.21466981119126405,0.20155340004481365,7.474682807922363,7.535312175750732,0.4546569585800171,0.5125647187232971,4773.709633144417,6389.132486153677,0.030729166666666665,0.009722222222222222,0.1527114361524582,0.1876314878463745,1.1273659015107957,0.9473209765823452,0.5578879462485742
w/o DCP,D:\A题代码_公式包\clear text\cam16_17-02_07-12 - .jpeg,0.5214969515800476,0.560219407081604,0.9814192598516291,0.19128926270793972,0.17526424199962337,7.296845436096191,7.291245460510254,0.3337969183921814,0.3929048776626587,2610.9924743914976,3429.3935207095815,0.03925189393939394,0.009972774621212122,0.09748320281505585,0.12277290225028992,1.1770775454741425,0.9603390320804215,0.4668435607942405
w/o DCP,D:\A题代码_公式包\clear text\cam16_17-02_09-32 - .jpeg,0.5121505260467529,0.5581286549568176,0.9852206273512407,0.184891357390776,0.17140051892929062,7.1986236572265625,7.213754653930664,0.30717891454696655,0.3686009645462036,2400.3252544349743,3202.5096560559305,0.018341619318181818,0.006690932765151515,0.09073063731193542,0.11628305166959763,1.1999553713658515,0.9583290334722964,0.4582195724873609
w/o DCP,D:\A题代码_公式包\clear text\cam16_17-02_09-54 - .jpeg,0.5195394158363342,0.5616992115974426,0.978728706186468,0.191569556476055,0.17673656770815674,7.229541778564453,7.262945175170898,0.33107441663742065,0.3937095105648041,2571.813939088545,3416.4645685346895,0.04040601325757576,0.007368607954545455,0.09767834097146988,0.12401879578828812,1.189187428195386,0.9599492978768918,0.4688331676154023
w/o DCP,D:\A题代码_公式包\clear text\cam172_02-02_23-05.jpeg,0.303230345249176,0.41372376680374146,0.7522250305522571,0.14421556929375962,0.13710206299224037,6.593408107757568,6.491372108459473,0.13552939891815186,0.15369844436645508,1463.1462593047002,1676.403918645314,0.005699573863636363,0.0070194128787878785,0.03225869685411453,0.041389837861061096,1.1340597962668946,0.907811613238685,0.2843795911692498
w/o DCP,D:\A题代码_公式包\clear text\cam174_02-02_09-49.jpeg,0.3685796856880188,0.46488624811172485,0.8452477238394996,0.21444844507711122,0.20175782654570337,7.289556503295898,7.254129886627197,0.3065880239009857,0.3432106375694275,4852.41622331043,5777.583476936894,0.011103219696969696,0.0140625,0.09486547857522964,0.11838115006685257,1.119452217297951,0.9253753169759948,0.48185367057701284
w/o DCP,D:\A题代码_公式包\clear text\cam174_03-02_10-20.jpeg,0.38589370250701904,0.4718104600906372,0.8578372001647949,0.1710570666819964,0.17201420560282563,6.943169593811035,6.909660339355469,0.29496532678604126,0.3330371677875519,4591.012440419262,5459.373722531938,0.011055871212121211,0.014074337121212121,0.08838708698749542,0.11103321611881256,1.129072278260531,0.9502163225489362,0.45940601149153376
w/o DCP,D:\A题代码_公式包\clear text\cam174_03-02_11-43.jpeg,0.38417521119117737,0.4699876308441162,0.8545229651711204,0.1736500583676745,0.17425306431356669,6.905926704406738,6.90751838684082,0.30560460686683655,0.34275931119918823,4737.675499697879,5643.694878157097,0.010759943181818181,0.013837594696969697,0.09287196397781372,0.1160188689827919,1.1215776889200695,0.9507238578779664,0.4644346172308213
w/o DCP,D:\A题代码_公式包\clear text\cam178_02-02_19-37.jpeg,0.3009842038154602,0.40926799178123474,0.7441236214204268,0.1888092288084913,0.17489391146970124,6.951822757720947,6.858599662780762,0.26904359459877014,0.303936630487442,4393.992903622154,5132.863183072373,0.015293560606060606,0.015139678030303031,0.0792446956038475,0.10080348700284958,1.1296928130283315,0.8935977640547532,0.41837826142555523
w/o DCP,D:\A题代码_公式包\clear text\cam178_02-02_22-47.jpeg,0.2949715256690979,0.4079152047634125,0.7416640086607499,0.1823850460281181,0.17046812421232257,6.936999320983887,6.858828544616699,0.23200128972530365,0.2576613128185272,4237.0311577237,4954.5972401970475,0.01631155303030303,0.014618844696969696,0.06923611462116241,0.08779866993427277,1.1106029748154644,0.8958642737364453,0.3980618579340423
w/o DCP,D:\A题代码_公式包\clear text\cam180_02-02_09-53.jpeg,0.5271103382110596,0.5592023134231567,0.983268521048806,0.23106485668317708,0.19999189265630812,7.105423927307129,7.054034233093262,0.25584617257118225,0.2679840624332428,1809.5451121703763,2053.369074773228,0.11027166193181819,0.010008285984848484,0.05349463224411011,0.06148545444011688,1.047442130900563,0.9798975785331921,0.3904305455446884
w/o DCP,D:\A题代码_公式包\clear text\cam180_02-02_23-00.jpeg,0.32709214091300964,0.4332437217235565,0.7877158576791936,0.19513119617066604,0.16870370821535682,7.053857803344727,6.956659317016602,0.1996372789144516,0.2066592127084732,1497.2933043506628,1692.085562589162,0.027965198863636364,0.007040127840909091,0.04130283743143082,0.04905777797102928,1.0351735172850374,0.910197787119597,0.30665659480669005
w/o DCP,D:\A题代码_公式包\clear text\cam180_03-02_09-01.jpeg,0.5312613844871521,0.5620454549789429,0.9780991727655585,0.23428719155188468,0.2034084173618346,7.429990768432617,7.293017387390137,0.2657163441181183,0.2785434126853943,1949.021088991472,2233.0259793136274,0.020978338068181817,0.00888671875,0.05881229415535927,0.06803848594427109,1.0482735705005206,0.9774074425558272,0.40264782432869745
w/o DCP,D:\A题代码_公式包\clear text\cam180_03-02_10-31.jpeg,0.5230116844177246,0.5567069053649902,0.9878056266091088,0.2283987192100329,0.19849678051330136,7.403241157531738,7.275464057922363,0.2583339810371399,0.27357232570648193,1883.7184565668917,2158.4352326173666,0.0699899384469697,0.00821200284090909,0.05617697164416313,0.0650753378868103,1.0589869116405444,0.9774083052888246,0.4015854821890254
w/o DCP,D:\A题代码_公式包\clear text\cam180_17-02_07-15.jpeg,0.43628180027008057,0.5117829442024231,0.9305144440044055,0.19030905554744892,0.1750430275976714,7.207810401916504,7.138891220092773,0.2548212707042694,0.28365999460220337,1870.4819195446998,2244.4506598932267,0.00791607481060606,0.007392282196969697,0.05716150254011154,0.069144606590271,1.1131723522284829,0.9613087274758528,0.39223489466059236
w/o DCP,D:\A题代码_公式包\clear text\cam181_17-02_08-14.jpeg,0.5189782381057739,0.5551917552947998,0.9905604449185459,0.22625086604886982,0.1955343284477361,7.127389430999756,7.110662460327148,0.1694244146347046,0.18996457755565643,1761.491578103338,2008.0035011805646,0.09261067708333333,0.008827533143939394,0.04160260409116745,0.0506114587187767,1.1212350114335252,0.9659287904064784,0.3858320701176164
w/o DCP,D:\A题代码_公式包\clear text\cam187_17-02_19-15.jpeg,0.3265188932418823,0.42323988676071167,0.7695270668376575,0.21037328680019104,0.18280542427848778,7.1766228675842285,7.131783962249756,0.196961909532547,0.21229588985443115,1902.739156182861,2187.4729017457007,0.03290719696969697,0.009484493371212122,0.04800891503691673,0.05854877084493637,1.0778524923330532,0.8943271347515959,0.3326108729501985
w/o DCP,D:\A题代码_公式包\clear text\cam18_02-02_09-56 - .jpeg,0.4011119604110718,0.4797227680683136,0.872223214669661,0.2757359916361135,0.23345908834229587,7.404263019561768,7.541894435882568,0.30716419219970703,0.35809656977653503,3104.6452149291404,4198.165914371109,0.08609375,0.007546296296296297,0.10063394904136658,0.12726016342639923,1.1658149124250143,0.919352151091277,0.48003195769370355
w/o DCP,D:\A题代码_公式包\clear text\cam18_02-02_22-31 - .jpeg,0.24622124433517456,0.39459535479545593,0.7174460996281016,0.16670036316234285,0.1565579447346002,6.522079944610596,6.826532363891602,0.2621346712112427,0.31248462200164795,2688.8106180166737,3587.424932010344,0.01988136574074074,0.014305555555555556,0.08234545588493347,0.108760766685009,1.1920767190618964,0.7989817670130673,0.3691519619109455
w/o DCP,D:\A题代码_公式包\clear text\cam18_03-02_03-08.jpeg,0.2878369688987732,0.41732725501060486,0.7587768272920088,0.15184147780597765,0.1479989972937706,6.688593864440918,6.8521199226379395,0.2554536461830139,0.31136488914489746,2461.488052654996,3279.509748178482,0.019539930555555557,0.014146412037037037,0.07903289794921875,0.10544627159833908,1.2188704561273975,0.8569551623553732,0.37939603498740926
w/o DCP,D:\A题代码_公式包\clear text\cam190_31-01_00-14.jpeg,0.3550992012023926,0.45231887698173523,0.8223979581486094,0.18807154407989152,0.16666004293630185,7.141602993011475,7.09073543548584,0.18009787797927856,0.196221262216568,1327.6102322630097,1511.6584661148445,0.021549479166666666,0.006312144886363637,0.03556590899825096,0.04504074528813362,1.0895257328046495,0.9224742284457224,0.3219203220436065
w/o DCP,D:\A题代码_公式包\clear text\cam195_30-01_19-39.jpeg,0.3143550157546997,0.4173879027366638,0.7588870958848433,0.25411623528503674,0.2184958453000974,7.529986381530762,7.600976943969727,0.32909077405929565,0.34345078468322754,1870.3928576067372,2160.042913073066,0.041178385416666664,0.008123224431818182,0.06834065169095993,0.08019585907459259,1.0436354287024496,0.8410169644162996,0.372408887388183
w/o DCP,D:\A题代码_公式包\clear text\cam197_02-02_22-00.jpeg,0.31029653549194336,0.43067094683647156,0.783038085157221,0.17865397872362127,0.1658627925523,7.126138687133789,7.207848072052002,0.28226909041404724,0.32498079538345337,2636.51371433396,3361.137171778474,0.018880208333333332,0.01324074074074074,0.08560316264629364,0.10838701575994492,1.1513155977058802,0.8707040615365557,0.3918870593944768
w/o DCP,D:\A题代码_公式包\clear text\cam204_02-02_09-57.jpeg,0.4257877469062805,0.494517058134079,0.8991219238801436,0.20717410674942752,0.1915927879268656,7.178328514099121,7.261484622955322,0.3610683083534241,0.39763695001602173,4034.321044557163,5021.675772506073,0.036278935185185185,0.009149305555555556,0.11912862211465836,0.14250211417675018,1.101279023171471,0.9406891085886461,0.47708428169750616
w/o DCP,D:\A题代码_公式包\clear text\cam204_02-02_21-05.jpeg,0.26526734232902527,0.3855212926864624,0.700947804884477,0.18534726480973499,0.16341850680541417,6.853494167327881,6.902111053466797,0.22271335124969482,0.25735941529273987,2276.2940834101923,2726.0134769543224,0.028489583333333332,0.00814236111111111,0.06401500105857849,0.08158513903617859,1.1555634308340124,0.8298711309118816,0.33669684191822014
w/o DCP,D:\A题代码_公式包\clear text\cam204_02-02_23-56.jpeg,0.29014813899993896,0.405536025762558,0.7373382286591963,0.1927312642311601,0.16938300711443224,7.029225826263428,7.066286087036133,0.24639052152633667,0.28151407837867737,2385.3649703569745,2853.644316872294,0.031689814814814816,0.008344907407407407,0.07051670551300049,0.08898286521434784,1.1425523536225415,0.8432626333414522,0.35651549667699983
w/o DCP,D:\A题代码_公式包\clear text\cam208_02-02_23-43.jpeg,0.2645230293273926,0.39573103189468384,0.7195109670812433,0.18412944294389857,0.16630529707922798,6.854110240936279,6.915061950683594,0.25712135434150696,0.2956811487674713,2526.4917126608766,3118.9078063421553,0.02572337962962963,0.011001157407407407,0.07683345675468445,0.09745091944932938,1.1499671858745664,0.8360163055173402,0.3577616838461017
w/o DCP,D:\A题代码_公式包\clear text\cam20_02-02_09-48 - .jpeg,0.433753103017807,0.5034644603729248,0.9153899279507723,0.24604119226784882,0.22194267767747788,7.623144149780273,7.597716331481934,0.4295238256454468,0.4764377474784851,3595.1952484886096,4470.939427150371,0.009824810606060606,0.009691642992424242,0.12228293716907501,0.14541877806186676,1.1092231060336668,0.9347903592679755,0.5079533766423802
w/o DCP,D:\A题代码_公式包\clear text\cam20_02-02_20-27 - .jpeg,0.3118704557418823,0.4253722131252289,0.7734040238640525,0.2097366545430236,0.18624416496817076,7.316989421844482,7.352195739746094,0.2274230420589447,0.2557489275932312,1925.6879524061414,2288.3025981640008,0.02996863162878788,0.010919744318181818,0.05418739467859268,0.06780990213155746,1.124551487770025,0.8706116056332958,0.35900208990820215
w/o DCP,D:\A题代码_公式包\clear text\cam20_03-02_09-37 - .jpeg,0.42841875553131104,0.5008025765419006,0.910550139167092,0.2442927569216675,0.22100606181127389,7.590270519256592,7.628011226654053,0.45308756828308105,0.5024535059928894,3804.178465180402,4715.510454223666,0.03676313920454546,0.009801136363636364,0.12975367903709412,0.15413832664489746,1.1089544840038856,0.9364670620404074,0.5189114852547403
w/o DCP,D:\A题代码_公式包\clear text\cam213_03-02_09-42.jpeg,0.5103495121002197,0.549201488494873,0.998548160899769,0.22963389001717865,0.20045225987584916,7.4589972496032715,7.275649070739746,0.25393420457839966,0.27585867047309875,1751.858736912716,2026.8235722690772,0.04533617424242424,0.007782907196969697,0.053465258330106735,0.06362330913543701,1.086339243866213,0.9667006575339971,0.40642450265862523
w/o DCP,D:\A题代码_公式包\clear text\cam217_02-02_10-12.jpeg,0.429484099149704,0.502608597278595,0.913833813233809,0.16727344484763587,0.155322430404631,7.160552024841309,7.057177543640137,0.2021077275276184,0.22876062989234924,1477.9653163205735,1740.5424940455691,0.00537109375,0.006507457386363637,0.041851941496133804,0.052139222621917725,1.1318747210911664,0.9565828146263669,0.35873032715302466
w/o DCP,D:\A题代码_公式包\clear text\cam217_02-02_22-14.jpeg,0.32912367582321167,0.4374949038028717,0.7954452796415848,0.18497688819934538,0.17167940552093067,6.940121650695801,6.958625316619873,0.25151681900024414,0.2796071469783783,1650.60771162858,1984.5118013505962,0.006995738636363637,0.00731830018939394,0.053312722593545914,0.06631837785243988,1.1116836814017472,0.9102367985270052,0.3491006827918972
w/o DCP,D:\A题代码_公式包\clear text\cam219_12-02_14-11.jpeg,0.5230683088302612,0.5519804954528809,0.9963990991765803,0.24670342007792379,0.2103647687071463,7.45262336730957,7.310395240783691,0.16899456083774567,0.1829640418291092,2029.9695992823058,2247.1461165316155,0.06899562026515152,0.009881036931818183,0.04131763428449631,0.048521995544433594,1.0826623133132662,0.9646560310033692,0.39364919335108345
w/o DCP,D:\A题代码_公式包\clear text\cam219_17-02_07-23.jpeg,0.5172582268714905,0.5522605776786804,0.9958898587660356,0.23336481924995353,0.20325034921767565,7.464069843292236,7.281180381774902,0.18067467212677002,0.19953463971614838,2079.79708100135,2331.531352588349,0.022676964962121213,0.00995205965909091,0.04498787224292755,0.05366472899913788,1.104386343243462,0.9613130676390469,0.3996373379318119
w/o DCP,D:\A题代码_公式包\clear text\cam223_02-02_20-10.jpeg,0.2088296115398407,0.3670581579208374,0.667378468946977,0.1546348194056408,0.13941153227681322,6.307554244995117,6.444771766662598,0.14892050623893738,0.17762182652950287,1687.4899537020624,2051.124629054911,0.01894675925925926,0.00826099537037037,0.04401829466223717,0.05875399336218834,1.1927292302935444,0.7732959487187797,0.2769966464793896
w/o DCP,D:\A题代码_公式包\clear text\cam223_17-02_07-40.jpeg,0.4101335406303406,0.48598578572273254,0.8836105194958773,0.17385384198198783,0.16207587681405478,7.011262893676758,7.014699935913086,0.21184377372264862,0.24215970933437347,1786.9067187135297,2173.6847308207193,0.008278356481481482,0.007155671296296296,0.05599761754274368,0.0702415481209755,1.143105167049277,0.9499629452634919,0.36798518215210896
w/o DCP,D:\A题代码_公式包\clear text\cam223_17-02_20-11.jpeg,0.24764880537986755,0.37314513325691223,0.6784456968307495,0.1924282372189158,0.1580573661489882,6.585716247558594,6.512362003326416,0.14304658770561218,0.1548849195241928,1440.3654890036164,1670.8430408544639,0.030338541666666666,0.007314814814814815,0.03455556556582451,0.04396378993988037,1.0827586134773448,0.8104572994581062,0.25677300241855355
w/o DCP,D:\A题代码_公式包\clear text\cam223_17-02_20-42.jpeg,0.2897794544696808,0.40330538153648376,0.7332825118845159,0.16807233772777352,0.14530292967883002,6.905741214752197,6.7601213455200195,0.13688693940639496,0.15276888012886047,1413.7927574568303,1641.921956551333,0.01659722222222222,0.007190393518518519,0.03332369774580002,0.04277488589286804,1.1160223608846043,0.8823467585286261,0.2823093809464922
w/o DCP,D:\A题代码_公式包\clear text\cam23_03-02_01-52 - .jpeg,0.2966262996196747,0.4120904207229614,0.7492553104053843,0.13466613120687704,0.13415645582300034,6.550930500030518,6.625391960144043,0.16670888662338257,0.19887477159500122,1698.5361129917642,2086.856011256917,0.008153935185185186,0.007618634259259259,0.04665429890155792,0.06177990138530731,1.1929464457011711,0.8996474863737524,0.31583104440114673
w/o DCP,D:\A题代码_公式包\clear text\cam23_17-02_19-25 - .jpeg,0.28572556376457214,0.397790789604187,0.7232559810985217,0.16026653537510654,0.141154241470938,6.5880560874938965,6.469614028930664,0.13315512239933014,0.1532556712627411,1628.6478066003033,1938.1431823130665,0.014554398148148148,0.006837384259259259,0.039349716156721115,0.05102366954088211,1.1509559112740695,0.8889453057978997,0.2864846465125848
w/o DCP,D:\A题代码_公式包\clear text\cam245_02-02_22-06.jpeg,0.2840006351470947,0.4120076894760132,0.7491048899563875,0.23084423765321924,0.19811417877320261,7.325503826141357,7.463079929351807,0.27257803082466125,0.3169955313205719,1042.9568289361032,1398.8851110883893,0.024849076704545454,0.0016335227272727272,0.06421543657779694,0.0814397782087326,1.1629533216383692,0.8026831051104899,0.35438286259282925
w/o DCP,D:\A题代码_公式包\clear text\cam245_17-02_08-16.jpeg,0.44812455773353577,0.5215575695037842,0.9482864900068803,0.2241473731888966,0.21201117154986948,7.674623012542725,7.637491703033447,0.44583937525749207,0.5003862977027893,3742.2073267323785,4882.391725899878,0.014527107007575757,0.011967329545454545,0.12536169588565826,0.15202218294143677,1.1223466172755001,0.9389084841402549,0.5288195553729763
w/o DCP,D:\A题代码_公式包\clear text\cam245_17-02_09-21.jpeg,0.46433645486831665,0.5299021601676941,0.963458473032171,0.1960719750975638,0.18803561470544472,7.488080024719238,7.438488006591797,0.3607501983642578,0.39665478467941284,3017.6789189265646,3822.0871716421293,0.013109611742424242,0.011940696022727272,0.09459865093231201,0.11287225782871246,1.0995275631300858,0.9610784364573582,0.4680433550581904
w/o DCP,D:\A题代码_公式包\clear text\cam245_17-02_20-38.jpeg,0.3003353774547577,0.41480034589767456,0.7541824470866809,0.23320459056242654,0.20547006644613966,7.408227920532227,7.532761573791504,0.2427177131175995,0.2714674770832062,2052.6313491078577,2488.501160899286,0.04315814393939394,0.009511126893939395,0.06132237985730171,0.07669075578451157,1.118449359542377,0.8120483754909033,0.36672260053113637
w/o DCP,D:\A题代码_公式包\clear text\cam245_17-02_20-47.jpeg,0.3330221474170685,0.4394347071647644,0.7989721948450261,0.23570241657401403,0.2074049286364869,7.497023582458496,7.586350440979004,0.2533687651157379,0.28282323479652405,2196.9403823276657,2672.9630080425377,0.048384232954545456,0.012141927083333334,0.06717271357774734,0.0824669897556305,1.1162514679512803,0.8519788135421148,0.38763086079175907
w/o DCP,D:\A题代码_公式包\clear text\cam252_03-02_01-47.jpeg,0.32606789469718933,0.43356433510780334,0.7882987911050969,0.22083260660393533,0.20000489745488584,7.4488115310668945,7.543790340423584,0.3290231227874756,0.3784436583518982,2079.8479314356055,2647.3960696595736,0.027681107954545453,0.009650213068181817,0.0756518542766571,0.0966893658041954,1.1502038999885242,0.8598629243143108,0.41207100940245883
w/o DCP,D:\A题代码_公式包\clear text\cam255_17-02_08-11.jpeg,0.472038596868515,0.5203986167907715,0.9461793032559481,0.1945828015747981,0.17887400997600922,7.277055263519287,7.208995342254639,0.3116835057735443,0.366268128156662,2486.0959367340397,3136.2888863972858,0.02888849431818182,0.009738991477272727,0.08660878986120224,0.10938394069671631,1.1751284136036346,0.9473583219612398,0.44630296895066673
w/o DCP,D:\A题代码_公式包\clear text\cam255_17-02_09-21.jpeg,0.4791506826877594,0.526699423789978,0.9576353159817782,0.19607765503569688,0.17980570487820616,7.303783416748047,7.250701904296875,0.2990362048149109,0.35062530636787415,2223.0226385068936,2742.359737705821,0.02648259943181818,0.008830492424242425,0.07728057354688644,0.0973941758275032,1.1725178955646414,0.9474089171836798,0.4374202443305617
w/o DCP,D:\A题代码_公式包\clear text\cam255_17-02_09-32.jpeg,0.4712257981300354,0.5209228992462158,0.9471325440840287,0.19420167823386705,0.18093127071494916,7.237849235534668,7.220650672912598,0.32556527853012085,0.38168439269065857,2758.408625967684,3540.1998436014755,0.03104285037878788,0.009614701704545455,0.09560458362102509,0.12061337381601334,1.1723743429895512,0.9473726844299015,0.45912376896588825
w/o DCP,D:\A题代码_公式包\clear text\cam281_17-02_19-39.jpeg,0.2697230875492096,0.39308083057403564,0.7146924192255193,0.181337725350045,0.16041265015834938,7.0127668380737305,7.041385650634766,0.2684192657470703,0.3108973801136017,2217.0226248423173,2746.147114694839,0.023763020833333332,0.008575994318181818,0.07427991926670074,0.09431781619787216,1.1582528133058179,0.8413981398196414,0.3554115878599528
w/o DCP,D:\A题代码_公式包\clear text\cam287_02-02_20-52.jpeg,0.31795287132263184,0.43583664298057556,0.7924302599646827,0.20329115406557843,0.18188923200609103,7.414028167724609,7.439034461975098,0.2712878882884979,0.30039334297180176,1925.724907618112,2416.6505863694033,0.025423177083333335,0.007883522727272727,0.06484318524599075,0.07953318953514099,1.1072862168264541,0.8739042633234901,0.3722904443900505
w/o DCP,D:\A题代码_公式包\clear text\cam287_02-02_21-07.jpeg,0.3377175033092499,0.4429958462715149,0.805446993220936,0.23704096323110108,0.2093343524612688,7.546860218048096,7.61016845703125,0.3681195080280304,0.4173904359340668,2685.0351724086845,3466.8459664156153,0.04373224431818182,0.010493607954545455,0.0992831438779831,0.12293662875890732,1.133844926332055,0.8690608691457182,0.4440955628318259
w/o DCP,D:\A题代码_公式包\clear text\cam287_02-02_22-34.jpeg,0.30875369906425476,0.42897069454193115,0.7799467173489657,0.20372196170321052,0.18455679598656008,7.373979568481445,7.4212212562561035,0.3406059145927429,0.3988878130912781,2563.207676385401,3288.2862829255573,0.028776041666666665,0.012100497159090909,0.09488378465175629,0.11974402517080307,1.1711124213097563,0.8528212461663446,0.4218260566334605
w/o DCP,D:\A题代码_公式包\clear text\cam287_03-02_00-16.jpeg,0.30909162759780884,0.4275728166103363,0.7774051211097023,0.2116899703075038,0.18944858207015286,7.372553825378418,7.43418550491333,0.32883960008621216,0.37301307916641235,2571.428705036585,3204.0610555725434,0.03270596590909091,0.012766335227272727,0.09077692031860352,0.11148297041654587,1.1343313810558602,0.8559238327325597,0.40873405352940323
w/o DCP,D:\A题代码_公式包\clear text\cam287_03-02_08-01.jpeg,0.4388352334499359,0.5082906484603882,0.9241648153825239,0.22975276156326388,0.21217050476720944,7.586516380310059,7.591361045837402,0.48270517587661743,0.5359475612640381,3816.184644633513,4957.962084712088,0.03967211174242424,0.010635653409090909,0.13814319670200348,0.16507942974567413,1.110299982725523,0.9435953262816156,0.5306651695939618
w/o DCP,D:\A题代码_公式包\clear text\cam291_02-02_23-16.jpeg,0.2902068793773651,0.4137187600135803,0.7522159272974187,0.1728145143973026,0.17157472574259044,7.196248531341553,7.287843704223633,0.3090861439704895,0.3694300353527069,2472.622299067915,3258.5977983584726,0.009845525568181818,0.009401633522727272,0.08340784162282944,0.10886315256357193,1.1952332935522163,0.8626660681797662,0.4085765199212298
w/o DCP,D:\A题代码_公式包\clear text\cam291_02-02_23-35.jpeg,0.2977786660194397,0.4185400903224945,0.7609819824045354,0.17064208080863402,0.17050402059758812,7.183636665344238,7.2669854164123535,0.3093957006931305,0.370511919260025,2486.8772401885008,3275.343787925858,0.009978693181818182,0.009508167613636364,0.0834631472826004,0.10881873220205307,1.1975341174450085,0.8710591310126127,0.411444503744689
w/o DCP,D:\A题代码_公式包\clear text\cam291_02-02_23-53.jpeg,0.292831689119339,0.41592374444007874,0.7562249898910522,0.17178168429296903,0.1703653362127544,7.199439525604248,7.278528690338135,0.3051948845386505,0.3633252680301666,2492.5123129803414,3254.696629411252,0.009599905303030303,0.009520004734848484,0.08297672122716904,0.10768471658229828,1.1904697529703534,0.8657743437358548,0.406423300855468
w/o DCP,D:\A题代码_公式包\clear text\cam291_12-02_13-38.jpeg,0.4670604467391968,0.52195143699646,0.9490026127208362,0.2048011086642606,0.19328940249242937,7.311505317687988,7.329253196716309,0.4157518148422241,0.4625871181488037,3567.4021881733697,4515.036853643544,0.03209339488636364,0.01133996212121212,0.12134191393852234,0.14647504687309265,1.112652053786235,0.946603065269165,0.49478298207042665
w/o DCP,D:\A题代码_公式包\clear text\cam291_17-02_09-00.jpeg,0.47112372517585754,0.5281670689582825,0.9603037617423317,0.20625417009820401,0.1968783820560121,7.434890270233154,7.44183349609375,0.42544466257095337,0.47669562697410583,3642.7487620890174,4630.126244997519,0.02138080018939394,0.01268939393939394,0.12374772131443024,0.15013670921325684,1.1204645075630513,0.9448183886575595,0.5081329821560425
w/o DCP,D:\A题代码_公式包\clear text\cam291_17-02_19-30.jpeg,0.26947835087776184,0.39816319942474365,0.7239330898631702,0.19040500068657562,0.1770258247135087,7.047173976898193,7.172224044799805,0.3061869442462921,0.3476233184337616,2675.673807640522,3323.4508364212325,0.022419507575757575,0.010052675189393939,0.08754818886518478,0.10802699625492096,1.1353303309935043,0.8468046838378775,0.38422870191298975
w/o DCP,D:\A题代码_公式包\clear text\cam294_03-02_07-23.jpeg,0.49264582991600037,0.5390798449516296,0.9801451726393265,0.2277430572378335,0.20562726471037188,7.5054707527160645,7.430413246154785,0.3808749318122864,0.4364754855632782,3333.5596593335836,4314.376516661945,0.008928148674242424,0.009830729166666666,0.11325427144765854,0.13883982598781586,1.145981106226807,0.9544683110186549,0.5057327535650775
w/o DCP,D:\A题代码_公式包\clear text\cam296_17-02_20-02.jpeg,0.24301299452781677,0.37409043312072754,0.6801644238558682,0.19912933763027613,0.17736841557183955,6.978327751159668,7.1588335037231445,0.2817787528038025,0.3325463533401489,2345.76176186798,2964.589895587708,0.030705492424242423,0.010801373106060606,0.07615751773118973,0.09901162981987,1.1801682163068077,0.771557845518802,0.36494599768923114
w/o DCP,D:\A题代码_公式包\clear text\cam2_02-02_21-12 - .jpeg,0.31960001587867737,0.42964357137680054,0.781170129776001,0.17876810955986663,0.15968804130362327,7.182704925537109,7.068183422088623,0.22403186559677124,0.26103317737579346,1614.6317330262857,1959.2877377666039,0.013914535984848484,0.007558001893939394,0.05442877858877182,0.06958522647619247,1.1651609814370456,0.8875781573352756,0.3467076838044594
w/o DCP,D:\A题代码_公式包\clear text\cam301_17-02_19-26.jpeg,0.2713843286037445,0.3851816952228546,0.7003303549506448,0.18047690387680548,0.1596347473224962,7.052769660949707,7.03538703918457,0.17513437569141388,0.19696472585201263,1619.7205659617978,1861.8588050465282,0.024946732954545456,0.00780658143939394,0.03961608186364174,0.050522539764642715,1.1246491142727284,0.8411429273734736,0.30114052172495004
w/o DCP,D:\A题代码_公式包\clear text\cam313_02-02_10-18.jpeg,0.46594738960266113,0.5213712453842163,0.9479477188803932,0.19423490619887596,0.17619614434143124,7.119455814361572,7.081060886383057,0.31757307052612305,0.360687255859375,2420.500689251657,3069.9526353266738,0.035970052083333336,0.008525686553030303,0.08876713365316391,0.10869553685188293,1.1357614717949525,0.9603568370552905,0.4327996582227679
w/o DCP,D:\A题代码_公式包\clear text\cam313_02-02_10-29.jpeg,0.4618646800518036,0.5198587775230408,0.9451977773146195,0.19518125885984933,0.1778799861239612,7.063117980957031,7.078464984893799,0.3208010196685791,0.3646945357322693,2508.803414356207,3194.740343261935,0.040077533143939394,0.008945904356060606,0.09101385623216629,0.11134152859449387,1.1368247591363303,0.9596461119091516,0.43674759152245185
w/o DCP,D:\A题代码_公式包\clear text\cam313_03-02_00-03.jpeg,0.28337886929512024,0.4097561836242676,0.7450112429532136,0.17176583181629393,0.16071595766402696,7.0388312339782715,7.103353500366211,0.2820214629173279,0.33644917607307434,2029.4458177115614,2593.5259946541482,0.01591796875,0.008735795454545454,0.07739301025867462,0.10033413022756577,1.1929913787296025,0.8557653883694111,0.37351336277499514
w/o DCP,D:\A题代码_公式包\clear text\cam313_03-02_10-22.jpeg,0.4503353238105774,0.5110252499580383,0.9291368181055242,0.19936505780768696,0.17955367173642875,7.4006876945495605,7.297262191772461,0.3163479268550873,0.36068791151046753,2333.760353407811,2978.4913166953315,0.02003136837121212,0.007993016098484849,0.0869036465883255,0.1068766787648201,1.1401620536646122,0.9534540365499149,0.4341915070406269
w/o DCP,D:\A题代码_公式包\clear text\cam315_02-02_22-54.jpeg,0.3443772792816162,0.44136467576026917,0.8024812286550348,0.2081517827471672,0.1863445720785772,7.252663612365723,7.279216766357422,0.23712094128131866,0.27054551243782043,1877.0940315372688,2277.9717591347094,0.028870738636363635,0.008383641098484848,0.060689639300107956,0.07706751674413681,1.1409600185025863,0.8955653570424614,0.37148505155951145
w/o DCP,D:\A题代码_公式包\clear text\cam315_03-02_00-21.jpeg,0.35004109144210815,0.44129103422164917,0.802347334948453,0.2099377502393732,0.1811759380812369,7.267601013183594,7.217465400695801,0.22113041579723358,0.2514408230781555,1788.4567619554134,2132.168385919189,0.03188032670454546,0.009443063446969697,0.057260945439338684,0.07211635261774063,1.1370702557184513,0.8987608165494108,0.35956653333598654
w/o DCP,D:\A题代码_公式包\clear text\cam315_31-01_03-02.jpeg,0.34420278668403625,0.43958374857902527,0.7992431792345913,0.21382199416934444,0.19464913874960912,7.4153337478637695,7.499560356140137,0.22101029753684998,0.2572544813156128,1776.480110472083,2158.279289513571,0.02138671875,0.007469223484848485,0.0560099296271801,0.07270152121782303,1.1639932087945069,0.8827690601359108,0.3773461337650467
w/o DCP,D:\A题代码_公式包\clear text\cam320_03-02_00-40.jpeg,0.330578476190567,0.43526843190193176,0.7913971489126032,0.201113293528846,0.180192629291467,7.290308475494385,7.233850955963135,0.2683147192001343,0.3048011064529419,2056.4398840679523,2532.1294997380696,0.019386245265151515,0.009158972537878788,0.0722976103425026,0.09002422541379929,1.1359835922898571,0.8894612454624413,0.37693298574088
w/o DCP,D:\A题代码_公式包\clear text\cam323_02-02_19-13.jpeg,0.2641791105270386,0.3902841806411743,0.7096076011657715,0.16945818233878,0.15386212828778914,6.874680519104004,6.835029602050781,0.20774830877780914,0.23619328439235687,2072.0594723163863,2482.400272926343,0.01572857481060606,0.00996389678030303,0.05726361647248268,0.07161515206098557,1.1369203486957464,0.8563973369687122,0.3220090156683616
w/o DCP,D:\A题代码_公式包\clear text\cam323_02-02_21-12.jpeg,0.2751135528087616,0.3981489837169647,0.7239072431217539,0.16859555733780343,0.154442892164964,6.931291580200195,6.93798828125,0.21779179573059082,0.24956880509853363,2099.9643757521153,2539.5312928471335,0.017510061553030302,0.010469933712121212,0.060775261372327805,0.0762680396437645,1.1459054596138507,0.8653843269278015,0.3343426045641127
w/o DCP,D:\A题代码_公式包\clear text\cam327_02-02_20-26.jpeg,0.2902718186378479,0.41601136326789856,0.7563842968507246,0.14892003477418542,0.14617656965129713,6.813596248626709,6.923911094665527,0.22460828721523285,0.2603989839553833,1781.0987710012134,2274.237578771493,0.010715553977272727,0.007919034090909091,0.057094279676675797,0.07326772809028625,1.1593472021756286,0.8904093936385964,0.3393528247178346
w/o DCP,D:\A题代码_公式包\clear text\cam327_02-02_21-38.jpeg,0.2923278212547302,0.41331231594085693,0.7514769380742853,0.1438644358300394,0.14228333599139736,6.727465629577637,6.807559490203857,0.2170652449131012,0.25354257225990295,1762.4051382015339,2252.207736039455,0.009232954545454546,0.007454427083333334,0.05766313150525093,0.0737055093050003,1.1680477736197545,0.8998707881117225,0.33488494458497226
w/o DCP,D:\A题代码_公式包\clear text\cam327_03-02_01-07.jpeg,0.3074169158935547,0.4240536689758301,0.7710066708651455,0.1534570389872012,0.14600636312285423,6.798798084259033,6.904316425323486,0.21245375275611877,0.24512073397636414,1738.960974525254,2185.5522004190993,0.014000355113636363,0.008762428977272727,0.05558641627430916,0.07053398340940475,1.1537603902931712,0.9071632589395203,0.336572371288154
w/o DCP,D:\A题代码_公式包\clear text\cam331_17-02_07-45.jpeg,0.5210294723510742,0.5562355518341064,0.9886626330288975,0.2317626948157692,0.2119192694637344,7.505138397216797,7.452448844909668,0.3557065427303314,0.41136306524276733,3336.118863770316,4398.940025019711,0.011840080492424243,0.011088423295454546,0.10812323540449142,0.13379399478435516,1.1564675241830453,0.9570891689917178,0.5092981617086999
w/o DCP,D:\A题代码_公式包\clear text\cam335_02-02_21-18.jpeg,0.2866123914718628,0.4036533832550049,0.7339152422818269,0.20029771093695994,0.17971978286924342,7.153689384460449,7.217228889465332,0.29740363359451294,0.35112813115119934,2704.8390282293763,3444.615106364794,0.023496685606060608,0.010031960227272728,0.09151406586170197,0.11589565128087997,1.1806450334293104,0.844771370038341,0.40028748949433174
w/o DCP,D:\A题代码_公式包\clear text\cam335_17-02_08-17.jpeg,0.5292103886604309,0.5613222718238831,0.9794140512293036,0.18453414734514326,0.1756307159424508,7.003998756408691,7.005755424499512,0.246600940823555,0.2845330834388733,2312.686962445883,2837.26323524222,0.011123934659090909,0.009383877840909091,0.06744281947612762,0.08342251181602478,1.1538199846837605,0.964971344496286,0.419391110244244
w/o DCP,D:\A题代码_公式包\clear text\cam338_17-02_20-48.jpeg,0.2979084253311157,0.40948376059532166,0.7445159283551301,0.17363796901448178,0.1532388002155568,6.918959617614746,6.856528282165527,0.21827130019664764,0.2520991265773773,1765.7460757392955,2080.890722770367,0.022342566287878788,0.00859375,0.05521482229232788,0.06966894865036011,1.154980700061409,0.889657872656094,0.3312660541577963
w/o DCP,D:\A题代码_公式包\clear text\cam338_30-01_19-57.jpeg,0.3117820918560028,0.4173193871974945,0.7587625221772627,0.17887046376331048,0.15697825851480318,7.072986602783203,6.926146030426025,0.1585526317358017,0.17122964560985565,1509.6167917176188,1688.851731194075,0.02196081912878788,0.009241832386363636,0.03472014516592026,0.042624522000551224,1.0799546322703215,0.9020123077640975,0.2961453105889697
w/o DCP,D:\A题代码_公式包\clear text\cam338_30-01_20-09.jpeg,0.3167049288749695,0.4204707145690918,0.7644922083074396,0.18053619027849566,0.1564463365352042,7.037978172302246,6.891012668609619,0.15827886760234833,0.17087773978710175,1499.2990746868543,1690.4499889867607,0.023295454545454546,0.008916311553030304,0.03483080118894577,0.04284386709332466,1.0795991804864513,0.9050583987327377,0.2963531013717911
w/o DCP,D:\A题代码_公式包\clear text\cam33_03-02_00-20 - .jpeg,0.3419625163078308,0.4494296908378601,0.8171448924324729,0.19075390481825286,0.17894108081416166,7.299097537994385,7.356991767883301,0.3712427616119385,0.432882696390152,2812.973721846054,3714.5069107213208,0.02382220643939394,0.011689157196969696,0.10315130650997162,0.13024255633354187,1.1660367596214756,0.8965901584012758,0.44666583480691524
w/o DCP,D:\A题代码_公式包\clear text\cam342_12-02_13-39.jpeg,0.5134406685829163,0.5515424609184265,0.997195525602861,0.27477548955462483,0.24065637845586832,7.603672027587891,7.61368465423584,0.3860916793346405,0.42982637882232666,3121.2606686724253,3828.8942756085007,0.12429865056818182,0.015175189393939394,0.10338874161243439,0.12271782010793686,1.1132754583466007,0.9577295384655611,0.509675985737324
w/o DCP,D:\A题代码_公式包\clear text\cam342_30-01_11-13.jpeg,0.41445720195770264,0.48418399691581726,0.8803345398469404,0.2824818083016655,0.2507255908300985,7.662540435791016,7.786561965942383,0.6285414695739746,0.702787458896637,5979.906272242723,7820.638651714763,0.08415601325757575,0.019557883522727273,0.19295933842658997,0.23071785271167755,1.1181242279119998,0.9186553371425883,0.644510377404766
w/o DCP,D:\A题代码_公式包\clear text\cam343_02-02_10-02.jpeg,0.4792594313621521,0.5267966389656067,0.9578120708465575,0.2683384435329303,0.2355411016620021,7.577027320861816,7.583894729614258,0.4046594202518463,0.45317643880844116,3348.8807236442794,4249.518766608085,0.034141216856060606,0.010422585227272727,0.11334922164678574,0.13662347197532654,1.1198959532725765,0.9509931657289722,0.5150879850891567
w/o DCP,D:\A题代码_公式包\clear text\cam343_02-02_10-30.jpeg,0.4957522451877594,0.5372101068496704,0.9767456488175825,0.2844903594526183,0.24813748881796943,7.440582275390625,7.532859802246094,0.41251641511917114,0.4587818384170532,3403.4745611325307,4277.62733029045,0.14172289299242424,0.011029237689393939,0.11493540555238724,0.13754668831825256,1.1121541433532895,0.9537935415366479,0.5231377640045838
w/o DCP,D:\A题代码_公式包\clear text\cam343_17-02_07-41.jpeg,0.5166652798652649,0.5571476817131042,0.9870042150670832,0.251740582829906,0.2247154546083467,7.699215888977051,7.611286640167236,0.3767858147621155,0.4221252202987671,3100.5274349744304,4045.643092600496,0.061073626893939394,0.010721472537878788,0.10607830435037613,0.12854142487049103,1.120332017093333,0.9610131759842362,0.5058583781785249
w/o DCP,D:\A题代码_公式包\clear text\cam346_02-02_10-18.jpeg,0.5031973123550415,0.5470093488693237,0.9945624524896794,0.2507783468988353,0.21843526690857873,7.420135498046875,7.312331199645996,0.23392841219902039,0.2506217956542969,1674.5451454619379,1889.1697972207817,0.019365530303030305,0.007850970643939394,0.045846421271562576,0.053997233510017395,1.0713610819021921,0.9625536288248304,0.4020823336814582
w/o DCP,D:\A题代码_公式包\clear text\cam351_02-02_22-35.jpeg,0.2734836935997009,0.4009256064891815,0.7289556481621482,0.18390589103896884,0.16574667212558805,6.8776679039001465,6.950933933258057,0.27980878949165344,0.31116458773612976,2558.679998296934,3186.467585368371,0.023162286931818182,0.010392992424242424,0.07850117236375809,0.0961204394698143,1.1120615045738145,0.8555947965930425,0.360344205773149
w/o DCP,D:\A题代码_公式包\clear text\cam351_03-02_07-27.jpeg,0.4914361536502838,0.5389042496681213,0.9798259084874933,0.19955735516902234,0.1851982637618702,7.392500400543213,7.385209083557129,0.3474911153316498,0.3892762064933777,2721.520790652125,3367.159090765611,0.0363961884469697,0.010975970643939395,0.09533181041479111,0.1155136376619339,1.1202479249540287,0.9561619694132282,0.45878246787668236
w/o DCP,D:\A题代码_公式包\clear text\cam351_03-02_07-44.jpeg,0.5076578855514526,0.549095630645752,0.9983556920831853,0.20148769625981255,0.18569911623413385,7.394240379333496,7.357739448547363,0.322848916053772,0.3567177653312683,2664.073935541402,3285.7711978606203,0.03650864109848485,0.010564630681818182,0.08896245062351227,0.10678926110267639,1.104906115416466,0.9616207102845321,0.4499998229568329
w/o DCP,D:\A题代码_公式包\clear text\cam351_03-02_09-40.jpeg,0.5125780701637268,0.550708532333374,0.9987117593938655,0.19330166162358436,0.17609545447455213,7.285239219665527,7.251720905303955,0.24635303020477295,0.26913678646087646,2078.891729063624,2509.969817717161,0.03258463541666667,0.008138020833333334,0.06356427073478699,0.07594998925924301,1.0924842110939275,0.9685090738472276,0.4052237549486109
w/o DCP,D:\A题代码_公式包\clear text\cam353_17-02_17-31.jpeg,0.4035477936267853,0.4855894148349762,0.8828898451545021,0.19638598967766824,0.17950418741027777,7.332972049713135,7.328064918518066,0.26675957441329956,0.3018398582935333,2009.997804006326,2467.2336469664633,0.034913589015151514,0.013621567234848486,0.07012960314750671,0.08762809634208679,1.1315052566728065,0.9333471280201427,0.39714303721077676
w/o DCP,D:\A题代码_公式包\clear text\cam359_02-02_21-03.jpeg,0.2795133590698242,0.4065389931201935,0.739161805673079,0.1693302498347997,0.1643062090182385,7.134947776794434,7.222035884857178,0.3163103461265564,0.3837008476257324,2386.888250386463,3186.002990036641,0.008365885416666666,0.00859670928030303,0.08561498671770096,0.11241404712200165,1.2130518328571611,0.8515960829994595,0.40548042697469017
w/o DCP,D:\A题代码_公式包\clear text\cam359_02-02_21-18.jpeg,0.26817789673805237,0.3981902003288269,0.7239821824160488,0.16730815093148035,0.1624245512501243,7.053913116455078,7.160847187042236,0.3065095543861389,0.3747975528240204,2316.550377294227,3138.245869435992,0.007096354166666667,0.007945667613636364,0.08369949460029602,0.11102983355522156,1.2227924641900854,0.84359679775614,0.3984682847747814
w/o DCP,D:\A题代码_公式包\clear text\cam361_03-02_09-40.jpeg,0.47419866919517517,0.5298028588294983,0.9632779251445422,0.2132292236271494,0.2015222671245044,7.475466728210449,7.451844215393066,0.4472214877605438,0.5042663812637329,3629.071645080936,4633.257231743333,0.01229580965909091,0.011002604166666667,0.1306496411561966,0.15762928128242493,1.1275539390987677,0.953504846689067,0.5196705888378206
w/o DCP,D:\A题代码_公式包\clear text\cam366_03-02_00-12.jpeg,0.3298685848712921,0.43050017952919006,0.7827275991439819,0.2217964171894714,0.1977101950287735,7.52022647857666,7.545832633972168,0.3269497752189636,0.3737872838973999,2522.113675216582,3104.679591509711,0.029660866477272726,0.010105942234848484,0.09085330367088318,0.11256777495145798,1.1432559829278828,0.8473553284654075,0.4144156804181632
w/o DCP,D:\A题代码_公式包\clear text\cam366_03-02_00-31.jpeg,0.3378366529941559,0.4384724795818329,0.797222690148787,0.2454428750535744,0.2082078681952979,7.49220085144043,7.474651336669922,0.33426138758659363,0.37041038274765015,2730.620536017265,3271.193979343663,0.050612571022727273,0.012653882575757575,0.09259174764156342,0.11113114655017853,1.1081458975761043,0.8574048587463449,0.4166533253127733
w/o DCP,D:\A题代码_公式包\clear text\cam366_03-02_11-25.jpeg,0.4130368232727051,0.48558899760246277,0.8828890865499323,0.2473256169229226,0.21604503475722636,7.55399227142334,7.512264251708984,0.3815571069717407,0.43445512652397156,3061.211919720442,3998.8419562321037,0.060996685606060606,0.012781131628787879,0.10595045238733292,0.13131409883499146,1.1386371796704458,0.9265875602098829,0.48260303815630284
w/o DCP,D:\A题代码_公式包\clear text\cam366_17-02_20-12.jpeg,0.3232693374156952,0.42557644844055176,0.7737753608010032,0.2568862470934893,0.21159965255798122,7.297445774078369,7.292061805725098,0.2864055931568146,0.3139971196651459,2418.6264164998706,2810.8661792569383,0.06344105113636364,0.01279592803030303,0.07877147197723389,0.09369412064552307,1.096337299743007,0.8505197579906345,0.38315982753884337
w/o DCP,D:\A题代码_公式包\clear text\cam367_17-02_07-56.jpeg,0.4344330430030823,0.4968317151069641,0.903330391103571,0.21283230234461892,0.18988687140275604,7.478891372680664,7.366768836975098,0.29855358600616455,0.32298681139945984,2056.0511431425184,2397.567571834813,0.026982717803030302,0.008969578598484849,0.06512918323278427,0.07748347520828247,1.0818386108601312,0.9408528150179816,0.4021462681001138
w/o DCP,D:\A题代码_公式包\clear text\cam367_17-02_08-21.jpeg,0.44701141119003296,0.5044037699699402,0.9170977635817094,0.21272651461775616,0.19193883273592585,7.443443298339844,7.37563419342041,0.3380776643753052,0.3683888018131256,2227.9282021247627,2606.9072354175632,0.031809303977272725,0.009724195075757575,0.0748986303806305,0.08919262886047363,1.0896574074459204,0.9423271349129002,0.4224209401532987
w/o DCP,D:\A题代码_公式包\clear text\cam372_17-02_17-31.jpeg,0.31844067573547363,0.43768060207366943,0.795782912861217,0.1702434553093139,0.1592983531267586,7.173464775085449,7.1713175773620605,0.28000304102897644,0.340083509683609,2127.0236140941765,2934.0494973425607,0.01075402462121212,0.010179924242424242,0.08013971894979477,0.10524500906467438,1.214570874705967,0.8821206429695823,0.39984304142495347
w/o DCP,D:\A题代码_公式包\clear text\cam378_12-02_14-57.jpeg,0.4867340922355652,0.5328778624534607,0.9688688408244739,0.21901048753281507,0.1974521716323223,7.239611625671387,7.306045055389404,0.36875227093696594,0.4079887568950653,3093.986020265129,3870.237479173216,0.06834457859848485,0.014390980113636364,0.10696219652891159,0.12716558575630188,1.1064033577445407,0.9671148076570716,0.47364521656752545
w/o DCP,D:\A题代码_公式包\clear text\cam378_12-02_15-31.jpeg,0.46088898181915283,0.5152097940444946,0.9367450800808993,0.2230956740329321,0.1961682747880015,7.262061595916748,7.291738510131836,0.3641960024833679,0.3985414505004883,3021.0432626265706,3760.6351073432693,0.061180160984848485,0.009212239583333334,0.10568156838417053,0.12466607987880707,1.0943048245682494,0.9613384925996429,0.45956780477456605
w/o DCP,D:\A题代码_公式包\clear text\cam378_17-02_07-10.jpeg,0.5189263820648193,0.5563333034515381,0.9884849028153854,0.20612654742412,0.18746039163241746,7.436758041381836,7.363190650939941,0.31894245743751526,0.35845109820365906,2650.080981911063,3331.255914342756,0.023197798295454545,0.01210345643939394,0.09183260053396225,0.11071043461561203,1.1238738292941859,0.9688639125877261,0.45498601730784055
w/o DCP,D:\A题代码_公式包\clear text\cam381_02-02_20-53.jpeg,0.31307968497276306,0.41861480474472046,0.7611178268085825,0.20595749467936822,0.1725168332842059,7.239928722381592,7.146415710449219,0.2705526351928711,0.30033087730407715,1894.8237206475599,2204.513488177535,0.03305220170454545,0.010209517045454546,0.06259524077177048,0.07669057697057724,1.1100645177842472,0.8733399673832529,0.3515224391133001
w/o DCP,D:\A题代码_公式包\clear text\cam381_17-02_19-22.jpeg,0.3045303225517273,0.4194459319114685,0.7626289671117609,0.1852741850708388,0.16200973489534026,6.889344215393066,6.909698486328125,0.2141096442937851,0.23615030944347382,1520.9457707182742,1758.22461878865,0.026861387310606062,0.009232954545454546,0.04605850577354431,0.056707121431827545,1.102941080914642,0.8865833894973224,0.3177187371667503
w/o DCP,D:\A题代码_公式包\clear text\cam386_17-02_07-51.jpeg,0.47268548607826233,0.5359103083610535,0.9743823788382789,0.2272051222841503,0.2034750043182167,7.736632347106934,7.632453918457031,0.3771323561668396,0.42419180274009705,3083.0149368285347,4094.1840379372643,0.028172348484848484,0.010659327651515152,0.10218621045351028,0.12466128170490265,1.1247822397263443,0.9476590653766616,0.4967637756554738
w/o DCP,D:\A题代码_公式包\clear text\cam389_17-02_07-37.jpeg,0.5053406953811646,0.5518171787261963,0.9966960386796432,0.19112089142871522,0.17572693826010893,7.4117631912231445,7.342179298400879,0.30079683661460876,0.34348195791244507,1570.491064881849,1919.82095009753,0.028255208333333334,0.006853693181818182,0.06190638244152069,0.07696899026632309,1.1419067977462096,0.9665018373415043,0.42196502625703886
w/o DCP,D:\A题代码_公式包\clear text\cam397_02-02_10-06.jpeg,0.5174899697303772,0.5551578998565674,0.9906220002607866,0.19068385555463085,0.16580550014474635,6.694340705871582,6.697541236877441,0.22267964482307434,0.24648460745811462,2002.3604431698716,2379.6325138192838,0.0604788115530303,0.009295099431818181,0.06186491623520851,0.07381973415613174,1.106902305103711,0.9769299788365005,0.3817855670128417
w/o DCP,D:\A题代码_公式包\clear text\cam39_03-02_11-49 - .jpeg,0.4025952219963074,0.4837619364261627,0.8795671571384776,0.16424900581189375,0.16139556556590004,6.704395294189453,6.77943229675293,0.1740119308233261,0.19974669814109802,1577.0649652729555,1871.047676497588,0.006640625,0.006605902777777777,0.04289533570408821,0.05423605442047119,1.1478908371615957,0.9506272835789095,0.34682600575844
w/o DCP,D:\A题代码_公式包\clear text\cam39_17-02_07-10 - .jpeg,0.4023611545562744,0.48414185643196106,0.8802579207853837,0.14927791064242069,0.15073896180851612,6.877497673034668,6.973080635070801,0.2504871189594269,0.30302274227142334,2323.2439857187446,3227.238352887055,0.013967013888888888,0.010269097222222223,0.07891017943620682,0.10519766807556152,1.209733757447261,0.9364562864262959,0.40991753028758904
w/o DCP,D:\A题代码_公式包\clear text\cam3_17-02_09-28 - .jpeg,0.5151339173316956,0.5598675608634949,0.9820589802481913,0.2606073546833608,0.23353185060842976,7.494396209716797,7.569182395935059,0.3850322961807251,0.4238165616989136,2157.9397855457764,2611.1603527629914,0.09704367897727273,0.010496567234848484,0.08156542479991913,0.09706474095582962,1.1007299437962625,0.960295320658877,0.4737324306323992
w/o DCP,D:\A题代码_公式包\clear text\cam3_17-02_20-15 - .jpeg,0.2505728602409363,0.3654269874095917,0.6644127043810757,0.2586856355612737,0.2253836406236374,7.0806403160095215,7.435244560241699,0.369961678981781,0.4056590795516968,2238.5862804735466,2616.9613501800104,0.04914180871212121,0.008809777462121212,0.07966461032629013,0.0974993035197258,1.096489451744316,0.7078535871319489,0.3734322339610591
w/o DCP,D:\A题代码_公式包\clear text\cam40_02-02_22-05 - .jpeg,0.34241870045661926,0.4390137493610382,0.7982068170200693,0.15601820910029118,0.14783249965470943,6.684545516967773,6.763697147369385,0.21911285817623138,0.25579556822776794,2124.8876050087256,2638.135657243969,0.027523148148148147,0.01421875,0.0639488622546196,0.0827733650803566,1.167414625380693,0.901910106246028,0.3523927664738141
w/o DCP,D:\A题代码_公式包\clear text\cam414_02-02_09-56.jpeg,0.5347455739974976,0.5586490631103516,0.9842744307084518,0.31769490433734554,0.2669152025020713,7.335925102233887,7.312439441680908,0.22600753605365753,0.24062669277191162,2039.2052584140995,2302.021288772422,0.18318832859848486,0.007741477272727273,0.055150341242551804,0.06437857449054718,1.06468440074446,0.9597825851042064,0.4248948527059412
w/o DCP,D:\A题代码_公式包\clear text\cam414_02-02_19-51.jpeg,0.2693342864513397,0.3706929385662079,0.6739871610294688,0.28337111239096036,0.23221055038554672,6.7593607902526855,7.071417808532715,0.21568496525287628,0.219686359167099,1884.2059311509986,2092.9643629812863,0.05762310606060606,0.007368607954545455,0.04951319098472595,0.058539390563964844,1.0185520957658545,0.7333761391990266,0.3013564685161291
w/o DCP,D:\A题代码_公式包\clear text\cam414_03-02_07-21.jpeg,0.550462543964386,0.5738990306854248,0.9565472169355913,0.26757923611976114,0.23477040209738587,7.306764602661133,7.131697654724121,0.21962101757526398,0.23756232857704163,1941.6451245851401,2228.5017403706815,0.009490411931818182,0.008978456439393939,0.05412175506353378,0.06415536254644394,1.08169208453543,0.9625890967540631,0.4035668070377602
w/o DCP,D:\A题代码_公式包\clear text\cam424_02-02_10-21.jpeg,0.4497721493244171,0.5085791349411011,0.9246893362565474,0.2478822113753413,0.2149078747579484,7.233281135559082,7.243650913238525,0.2521933913230896,0.27068591117858887,2301.205709012034,2649.3647599268356,0.06631451231060606,0.010034919507575757,0.05912799760699272,0.06967908889055252,1.073326720567706,0.9498448431701071,0.406730031002107
w/o DCP,D:\A题代码_公式包\clear text\cam429_03-02_10-03.jpeg,0.42824897170066833,0.4930606782436371,0.8964739604429764,0.22562768784460407,0.19946481782542796,7.024917125701904,6.948028087615967,0.2285895198583603,0.24403683841228485,2010.8839473188418,2275.5088239635124,0.008117305871212122,0.00869732481060606,0.0524677149951458,0.061504658311605453,1.0675766305464627,0.9517249964538026,0.3726845179717493
w/o DCP,D:\A题代码_公式包\clear text\cam429_03-02_10-38.jpeg,0.4238038957118988,0.49779948592185974,0.9050899744033812,0.21377679749892536,0.190969314144012,7.102226734161377,7.032689094543457,0.21828758716583252,0.23557937145233154,1971.3242451676633,2248.8593513167903,0.007256155303030303,0.008658854166666667,0.05040080100297928,0.05989471822977066,1.0792156065091039,0.9458689776543618,0.3717448460834392
w/o DCP,D:\A题代码_公式包\clear text\cam433_02-02_09-49.jpeg,0.4977402985095978,0.5387789011001587,0.9795980020002885,0.3090245793527578,0.27092773361710604,7.2948174476623535,7.2147979736328125,0.32652008533477783,0.372294157743454,3194.2122020393476,3964.745901484213,0.007889441287878787,0.009801136363636364,0.09196880459785461,0.11316566169261932,1.140187684898874,0.9323013429102098,0.5030580736380643
w/o DCP,D:\A题代码_公式包\clear text\cam433_03-02_00-47.jpeg,0.2771267592906952,0.3988257646560669,0.7251377539201216,0.22022052577111279,0.19232863887010088,6.950380802154541,7.101229667663574,0.2913786768913269,0.318992555141449,2679.1758950572284,3150.6350660166117,0.028364701704545456,0.01200284090909091,0.07805654406547546,0.09383530169725418,1.094769774759946,0.8360741432432376,0.36955091390082656
w/o DCP,D:\A题代码_公式包\clear text\cam434_02-02_20-34.jpeg,0.24347029626369476,0.3872380256652832,0.7040691375732422,0.1655853542948837,0.15582568396190158,6.864386558532715,6.965008735656738,0.17173747718334198,0.18840405344963074,1565.3804298120554,1814.673160690215,0.013461766098484849,0.007723721590909091,0.040331799536943436,0.05016877129673958,1.0970468255162178,0.8234792287125157,0.286910033428638
w/o DCP,D:\A题代码_公式包\clear text\cam437_17-02_07-20.jpeg,0.347660094499588,0.448226660490036,0.8149575645273381,0.19392877203750045,0.1773607715807651,7.265316009521484,7.228946685791016,0.22836053371429443,0.26180917024612427,2084.473134396547,2520.8379828060206,0.00828894412878788,0.010023082386363636,0.055207509547472,0.06941772997379303,1.1464728850080965,0.9070602873128918,0.3762049517176913
w/o DCP,D:\A题代码_公式包\clear text\cam440_07-02_08-25.jpeg,0.49253344535827637,0.5339043140411377,0.9707351164384321,0.2887876258788763,0.2515678224113923,7.598449230194092,7.507046699523926,0.32843759655952454,0.3590652346611023,2885.565282370792,3571.725511773901,0.031090198863636363,0.008253432765151515,0.09562495350837708,0.11504340171813965,1.0932525729019245,0.9518511182396403,0.4793242894013684
w/o DCP,D:\A题代码_公式包\clear text\cam443_17-02_10-08.jpeg,0.4109697639942169,0.4945681393146515,0.8992147987539117,0.1653319985923061,0.15443566895711433,7.149631023406982,7.058672904968262,0.16133294999599457,0.17642517387866974,1296.3656996095935,1459.672739051621,0.005548650568181818,0.006486742424242424,0.0291655994951725,0.035950787365436554,1.0935469989139122,0.9554753449147262,0.32960642952944275
w/o DCP,D:\A题代码_公式包\clear text\cam453_03-02_07-53.jpeg,0.5930256247520447,0.6023857593536377,0.9047531648115679,0.24062066978387064,0.20618268883014026,7.178824424743652,7.022824287414551,0.21087075769901276,0.22582265734672546,1777.5681998111438,1982.0139579538602,0.17554154829545454,0.008528645833333333,0.04689515754580498,0.054313309490680695,1.0709055564486367,0.9784499588700866,0.3722074092363781
w/o DCP,D:\A题代码_公式包\clear text\cam453_03-02_08-21.jpeg,0.5832712054252625,0.5960595607757568,0.9162553440440786,0.25218016249383507,0.2180219297314979,7.186433792114258,7.066692352294922,0.2462356984615326,0.26223278045654297,1863.5245833873403,2095.5258626161967,0.17877604166666666,0.008963660037878789,0.05265948548913002,0.060798726975917816,1.064966574522348,0.9797295005787009,0.39026108036839396
w/o DCP,D:\A题代码_公式包\clear text\cam453_03-02_08-28.jpeg,0.5249260067939758,0.5505869388580322,0.9989328384399415,0.2496554725866772,0.20840129750396164,7.194462299346924,6.986558437347412,0.21498356759548187,0.22583338618278503,1730.2641971466935,1925.5878639788318,0.13657670454545454,0.008090672348484849,0.045831892639398575,0.0526137538254261,1.0504681459383398,0.9733535184465277,0.3824906049177578
w/o DCP,D:\A题代码_公式包\clear text\cam459_17-02_08-42.jpeg,0.4502533972263336,0.5077818632125854,0.9232397512956099,0.249640779376998,0.21158435168834558,7.221562385559082,7.305624961853027,0.2380194365978241,0.2703559100627899,1977.4839486751787,2386.539343765581,0.10799893465909091,0.007981178977272727,0.0625971332192421,0.07761389017105103,1.1358564257440174,0.9474256499881953,0.41204563110096415
w/o DCP,D:\A题代码_公式包\clear text\cam45_02-02_22-18 - .jpeg,0.23380766808986664,0.3730136454105377,0.6782066280191594,0.16474016559632854,0.1511684476086417,6.140819549560547,6.421446800231934,0.20726194977760315,0.2417026162147522,2537.638981978596,3107.5580593134373,0.02339988425925926,0.011692708333333333,0.07014638930559158,0.08968063443899155,1.1661697022731934,0.8132590045957795,0.32001236085119134
w/o DCP,D:\A题代码_公式包\clear text\cam460_31-01_00-17.jpeg,0.2238549143075943,0.3763374388217926,0.6842498887668955,0.15543969198853588,0.14702154531872438,6.488635540008545,6.647927284240723,0.2134575992822647,0.24407631158828735,1907.9732007069933,2211.6880727825655,0.01581439393939394,0.00986328125,0.05280075594782829,0.06616782397031784,1.1434416992432515,0.8058346254827745,0.3013599389901932
w/o DCP,D:\A题代码_公式包\clear text\cam461_17-02_17-20.jpeg,0.4751097559928894,0.5291673541069031,0.962122462012551,0.22466751071445276,0.20322918437356247,7.639049530029297,7.584501266479492,0.37569883465766907,0.4217258393764496,2979.2227598668105,3791.000096937973,0.04172585227272727,0.014012192234848484,0.0990375503897667,0.12168590724468231,1.1225104456699735,0.9368969181020752,0.4835549723722076
w/o DCP,D:\A题代码_公式包\clear text\cam468_30-01_21-35.jpeg,0.30316153168678284,0.4148923456668854,0.7543497193943369,0.16269489234870815,0.14176021174548076,6.407187461853027,6.409482002258301,0.16020824015140533,0.17361970245838165,1379.2283297350825,1570.8889400386813,0.02198449337121212,0.007919034090909091,0.03868498653173447,0.047132063657045364,1.083712758750611,0.9121238430507405,0.27599192317682825
w/o DCP,D:\A题代码_公式包\clear text\cam468_30-01_21-52.jpeg,0.29059305787086487,0.4101579189300537,0.7457416707819158,0.15757804209089898,0.13940991634003863,6.36314582824707,6.453190803527832,0.15625520050525665,0.16999536752700806,1403.412619247428,1600.2102486532126,0.02234552556818182,0.00848721590909091,0.03805944323539734,0.046470705419778824,1.087934129798831,0.9030855904608345,0.27409632052804994
w/o DCP,D:\A题代码_公式包\clear text\cam469_30-01_19-34.jpeg,0.38139376044273376,0.46091756224632263,0.8380319313569502,0.23067835678564597,0.193946316548684,7.575218200683594,7.434978008270264,0.2422553151845932,0.24484865367412567,1778.3679272955249,1972.5869726947967,0.024195601851851854,0.005425347222222222,0.058297157287597656,0.06593488901853561,1.0107049702997528,0.9258764866694489,0.3482854081067398
w/o DCP,D:\A题代码_公式包\clear text\cam46_02-02_22-32 - .jpeg,0.26509323716163635,0.39512360095977783,0.718406547199596,0.17278419841547238,0.1562758797761837,6.582248210906982,6.72402811050415,0.23671738803386688,0.2661667466163635,1902.488971835884,2216.8892319314505,0.024157986111111113,0.01086226851851852,0.05879073962569237,0.07307571172714233,1.1244072450193794,0.8442690480757172,0.31854545501385007
w/o DCP,D:\A题代码_公式包\clear text\cam470_03-02_00-57.jpeg,0.3577163815498352,0.4503011107444763,0.8187292922626841,0.1809790861191512,0.16091310893731728,6.977993965148926,6.820333957672119,0.1696263551712036,0.18605530261993408,1533.2535088971208,1748.7372224054955,0.022218276515151514,0.008629261363636363,0.03842805325984955,0.047476161271333694,1.0968538133771468,0.9333293474623752,0.31807366501619133
w/o DCP,D:\A题代码_公式包\clear text\cam470_03-02_01-52.jpeg,0.3631393015384674,0.4548370838165283,0.8269765160300514,0.18256792386073947,0.16147758415241004,7.052944183349609,6.88823127746582,0.1620313674211502,0.177490234375,1480.6125204358134,1680.0405884551915,0.02118252840909091,0.008126183712121211,0.03653687611222267,0.04515089839696884,1.0954066768747694,0.9334460071248302,0.3175646262388431
w/o DCP,D:\A题代码_公式包\clear text\cam470_30-01_23-24.jpeg,0.40511295199394226,0.4848661422729492,0.8815748041326349,0.17788079850682653,0.16095239041116793,7.151737689971924,6.9817304611206055,0.17235833406448364,0.1876847743988037,1508.9692390860846,1728.183262004581,0.015746330492424243,0.008277107007575758,0.0380752831697464,0.04672389104962349,1.0889220228216785,0.9499048329053948,0.3333382805902627
w/o DCP,D:\A题代码_公式包\clear text\cam471_02-02_10-39.jpeg,0.4195898771286011,0.49790042638778687,0.9052735025232488,0.1589698305507394,0.14733796997766135,6.898467540740967,6.820467948913574,0.16626089811325073,0.1962076723575592,1386.997170927715,1674.479936034147,0.005382930871212121,0.005951112689393939,0.04368482530117035,0.05569451302289963,1.1801191038758696,0.9556869115137112,0.3479905978546748
w/o DCP,D:\A题代码_公式包\clear text\cam471_03-02_00-34.jpeg,0.25653746724128723,0.38033393025398254,0.6915162368254227,0.10198252519435864,0.09899432920126719,6.014004230499268,5.876458644866943,0.09072450548410416,0.10483542084693909,1244.5269597339804,1415.0400561693593,0.007534327651515151,0.00819128787878788,0.024328289553523064,0.031108245253562927,1.1555357980264602,0.8987539514658774,0.229147893417963
w/o DCP,D:\A题代码_公式包\clear text\cam475_02-02_19-11.jpeg,0.23930557072162628,0.37939634919166565,0.6898115439848466,0.179512628848977,0.15998141929305737,6.907594680786133,6.9631242752075195,0.23480536043643951,0.26991522312164307,1923.392416637375,2332.757856666383,0.01653053977272727,0.009576231060606061,0.056715916842222214,0.07301175594329834,1.1495275729410253,0.7971209027935224,0.3239887341164073
w/o DCP,D:\A题代码_公式包\clear text\cam494_17-02_17-16.jpeg,0.4364686906337738,0.5124005675315857,0.9316373955119739,0.17992703450531133,0.1714145146347237,7.313275337219238,7.289804458618164,0.3419647216796875,0.40598031878471375,2415.2446806690555,3288.2865118929094,0.022688802083333334,0.014867424242424243,0.09383820742368698,0.1207946389913559,1.1871993882555922,0.9433302663293183,0.4562666696111938
w/o DCP,D:\A题代码_公式包\clear text\cam496_02-02_10-40.jpeg,0.38372382521629333,0.46193090081214905,0.8398743651129982,0.2278271675359266,0.20018845376820188,7.461771011352539,7.428582191467285,0.3050173223018646,0.3304884731769562,2801.382192583942,3339.1459333847165,0.034333570075757575,0.00956735321969697,0.08139389008283615,0.09631428867578506,1.0835071817681023,0.9213258643136079,0.41672016701921494
w/o DCP,D:\A题代码_公式包\clear text\cam496_02-02_22-31.jpeg,0.2353615015745163,0.37493032217025757,0.6816914948550137,0.1706617759518203,0.15628887974679329,6.757388114929199,6.836859226226807,0.23045124113559723,0.260183185338974,2301.9582807926213,2708.186222522961,0.01589429450757576,0.009987571022727272,0.06484787911176682,0.0802856832742691,1.129016138361081,0.8019427322125464,0.31972011850496174
w/o DCP,D:\A题代码_公式包\clear text\cam496_17-02_07-29.jpeg,0.37782344222068787,0.46100157499313354,0.8381846818056973,0.1964923985493564,0.17741830928344868,7.311278820037842,7.271393775939941,0.2745322585105896,0.30587369203567505,2514.163564904715,3037.4837034175985,0.026802201704545454,0.00985736268939394,0.07488075643777847,0.09130815416574478,1.1141630187522797,0.9229761116865358,0.3969074305596913
w/o DCP,D:\A题代码_公式包\clear text\cam498_03-02_09-11.jpeg,0.4734387993812561,0.5241830348968506,0.9530600634488192,0.19156853343659314,0.18417045576686647,7.280157089233398,7.330466270446777,0.4164934456348419,0.46982359886169434,3627.850032565395,4623.878864376044,0.02743844696969697,0.012346117424242424,0.12375719100236893,0.1498899906873703,1.1280456100702483,0.9549116883995299,0.49997167307240015
w/o DCP,D:\A题代码_公式包\clear text\cam498_17-02_07-02.jpeg,0.40911731123924255,0.4831041693687439,0.8783712170340797,0.1971000275867236,0.1801827272056909,7.312804698944092,7.290966033935547,0.36483678221702576,0.42405661940574646,3049.7829487771614,4026.171978828414,0.03808889678030303,0.01288174715909091,0.10619901865720749,0.13357694447040558,1.1623187203026784,0.9347397325579022,0.4651991412479138
w/o DCP,D:\A题代码_公式包\clear text\cam49_02-02_10-07 - .jpeg,0.4206867218017578,0.4999682605266571,0.9090332009575584,0.1978347093151505,0.18425803528686494,6.894824028015137,6.997166633605957,0.2635180354118347,0.30582281947135925,2816.6077893196684,3724.0902951361763,0.006574074074074074,0.006310763888888889,0.08959892392158508,0.11336585134267807,1.1605384768572986,0.9397942442512546,0.4314726724753312
w/o DCP,D:\A题代码_公式包\clear text\cam49_02-02_19-31 - .jpeg,0.33902665972709656,0.4539330005645752,0.8253327282992275,0.16778348408609395,0.16482831735290823,7.052241802215576,7.165339946746826,0.27104896306991577,0.3243871033191681,2555.849749722403,3522.6162422578204,0.013255208333333334,0.010923032407407407,0.08445681631565094,0.11126989126205444,1.1967841682536982,0.891850850253976,0.4139735941118199
w/o DCP,D:\A题代码_公式包\clear text\cam49_03-02_00-41 - .jpeg,0.3221079409122467,0.44251057505607605,0.8045646819201382,0.1648560650964677,0.16620418213964974,7.025280475616455,7.217670440673828,0.2733997702598572,0.3308606743812561,2594.734628782974,3655.2148434413584,0.012242476851851852,0.010992476851851852,0.08633791655302048,0.11479110270738602,1.2101716809446856,0.8866338842844473,0.4187509812484944
w/o DCP,D:\A题代码_公式包\clear text\cam4_12-02_13-34.jpeg,0.44168591499328613,0.5104897022247314,0.9281630949540571,0.17135845984716053,0.15612134282682052,7.115012168884277,6.940108299255371,0.1625891923904419,0.17971551418304443,1600.305880913844,1892.1715952738894,0.011298532196969698,0.007066761363636364,0.04065750539302826,0.05078250169754028,1.1053349875245593,0.9561506753524389,0.3441873508884569
w/o DCP,D:\A题代码_公式包\clear text\cam4_17-02_20-22 - .jpeg,0.3406974673271179,0.4430035352706909,0.805460973219438,0.19345303034426956,0.171558853408031,7.071360111236572,6.95654821395874,0.13737310469150543,0.14730021357536316,1444.1205580119456,1647.3695771688579,0.011209753787878788,0.007291666666666667,0.03119969181716442,0.03881346806883812,1.0722638858291695,0.9128752216486042,0.30449657055783774
w/o DCP,D:\A题代码_公式包\clear text\cam509_03-02_00-45.jpeg,0.32062938809394836,0.44049006700515747,0.800891030918468,0.21648093972579946,0.19827162870955875,7.462377548217773,7.525006294250488,0.37950265407562256,0.4268483519554138,2667.6254608804443,3388.6252921325904,0.02547052556818182,0.010552793560606061,0.09880001842975616,0.12132272869348526,1.124757198964953,0.8691984683855513,0.4354533782336329
w/o DCP,D:\A题代码_公式包\clear text\cam521_03-02_11-22.jpeg,0.4622335731983185,0.5259773135185242,0.9563223882154984,0.24974832523295928,0.220444341837979,7.623589515686035,7.565560817718506,0.3475993573665619,0.39052528142929077,2791.861113660189,3554.7184953253372,0.005803148674242424,0.006809303977272727,0.10032019764184952,0.12106648832559586,1.1234925681304204,0.9325924996771122,0.47590848237779876
w/o DCP,D:\A题代码_公式包\clear text\cam523_17-02_19-50.jpeg,0.3520011305809021,0.44492289423942566,0.8089507167989557,0.14884142579939263,0.13506121780421576,6.660266876220703,6.563289642333984,0.1452205330133438,0.17352381348609924,669.3057161171806,875.8749893567298,0.025032552083333333,0.006139322916666667,0.03876373544335365,0.05111584812402725,1.194898674387969,0.9245141147293889,0.2942758381436098
w/o DCP,D:\A题代码_公式包\clear text\cam523_17-02_20-04 - .jpeg,0.2751339077949524,0.3929916322231293,0.7145302404056895,0.15642761326820684,0.14235150064088098,6.573259353637695,6.667916297912598,0.15305070579051971,0.17577338218688965,747.5958332356771,922.6827178532917,0.017255859375,0.0039453125,0.03939192369580269,0.05068216472864151,1.1484649794574064,0.8775321472182513,0.26924053155782346
w/o DCP,D:\A题代码_公式包\clear text\cam523_17-02_20-17.jpeg,0.26008903980255127,0.3830486536026001,0.6964520974592728,0.1621586128249662,0.13920712718306413,6.601873874664307,6.508920669555664,0.1489398330450058,0.16960379481315613,896.1265533192529,1114.238770100742,0.017682291666666666,0.003411458333333333,0.04340693727135658,0.05471836403012276,1.1387403289568376,0.8635642634678619,0.259589731598256
w/o DCP,D:\A题代码_公式包\clear text\cam523_17-02_20-22.jpeg,0.2485363781452179,0.37761175632476807,0.6865668296813965,0.1668155871331575,0.14127642793968997,6.561010837554932,6.523168087005615,0.14519783854484558,0.16628055274486542,821.5487346184624,1039.0635694610173,0.020143229166666665,0.0032161458333333334,0.040127936750650406,0.05190163105726242,1.1451999943540072,0.8411411012224908,0.25531011818028776
w/o DCP,D:\A题代码_公式包\clear text\cam529_17-02_17-23.jpeg,0.3369334936141968,0.4317013919353485,0.7849116217006336,0.19516684162352196,0.16869121481802396,7.183633804321289,7.108123779296875,0.24519895017147064,0.27749213576316833,1977.3644976282253,2452.7130092421094,0.025822679924242423,0.008726917613636363,0.06610894948244095,0.08220411092042923,1.13170199818849,0.9090301933490604,0.3619166540622315
w/o DCP,D:\A题代码_公式包\clear text\cam529_30-01_16-48.jpeg,0.4452703893184662,0.5004366040229797,0.9098847345872358,0.21009980751728066,0.19115299158701293,7.35353422164917,7.339546203613281,0.41945046186447144,0.4638390839099884,3012.652564566116,3819.04849623709,0.03452000473484849,0.009756747159090908,0.11496170610189438,0.1376345455646515,1.1058256661248478,0.9562500671218745,0.47190182163868555
w/o DCP,D:\A题代码_公式包\clear text\cam531_03-02_02-00.jpeg,0.3322714567184448,0.42748329043388367,0.7772423462434248,0.23723149346124528,0.17855301794839643,7.392466068267822,7.121315002441406,0.1635565459728241,0.1828562170267105,1615.4232320267438,1816.733237693014,0.05434718276515151,0.007267992424242424,0.04475030675530434,0.0544397197663784,1.1179999229869995,0.86534889943019,0.320895973730958
w/o DCP,D:\A题代码_公式包\clear text\cam55_02-02_19-57 - .jpeg,0.2966911792755127,0.41469916701316833,0.7539984854784878,0.1614371424109351,0.1432062639369502,6.934146404266357,6.905117988586426,0.14271970093250275,0.17145249247550964,1530.5220918745629,1773.4050110756116,0.01372974537037037,0.007502893518518518,0.036171987652778625,0.04894076660275459,1.2013232436901646,0.8548901977805436,0.3103145869007089
w/o DCP,D:\A题代码_公式包\clear text\cam55_03-02_00-32 - .jpeg,0.27454620599746704,0.39635226130485535,0.7206404750997369,0.1523374909586036,0.1401059107468746,6.706841945648193,6.725856781005859,0.15479625761508942,0.18421944975852966,1577.5911091498147,1852.5023826483998,0.012068865740740741,0.007957175925925927,0.03991460055112839,0.053264275193214417,1.1900769084916323,0.8600632070088132,0.30173411326576793
w/o DCP,D:\A题代码_公式包\clear text\cam55_03-02_00-50 - .jpeg,0.27461084723472595,0.39753100275993347,0.7227836413816972,0.15546010592303416,0.14081037792486994,6.748849868774414,6.7566938400268555,0.1480720341205597,0.17463533580303192,1550.150500573471,1803.847984850689,0.012494212962962962,0.0076302083333333335,0.03792337328195572,0.050448618829250336,1.1793943906576292,0.8561654301858737,0.2971215463774027
w/o DCP,D:\A题代码_公式包\clear text\cam59_17-02_07-46 - .jpeg,0.4255710244178772,0.4853971302509308,0.882540236819874,0.2007990782023165,0.17221088355833575,7.188902378082275,7.153744220733643,0.16720449924468994,0.18930010497570038,1625.804296085905,1929.8010645671245,0.04008969907407407,0.006918402777777778,0.047727521508932114,0.06008916720747948,1.132147220667452,0.945786072944299,0.3544306450810661
w/o DCP,D:\A题代码_公式包\clear text\cam59_17-02_17-05 - .jpeg,0.36181461811065674,0.4484640955924988,0.815389264713634,0.1802747098754761,0.1626834176614456,7.066634178161621,7.076109886169434,0.2472352385520935,0.2862912118434906,2538.4378008053627,3320.3965563777215,0.015407986111111112,0.008434606481481482,0.08148857951164246,0.10415830463171005,1.157970855331607,0.9190646748729018,0.39096374260443495
w/o DCP,D:\A题代码_公式包\clear text\cam65_02-02_10-44 - .jpeg,0.41231247782707214,0.493661105632782,0.8975656466050581,0.15486737849945675,0.161835142669577,6.873316287994385,7.060517311096191,0.28578415513038635,0.34680312871932983,2800.190798246399,3975.9192621886455,0.0067476851851851856,0.006634837962962963,0.09924420714378357,0.13091421127319336,1.213514174768137,0.9361344453081101,0.446345758860842
w/o DCP,D:\A题代码_公式包\clear text\cam65_02-02_19-02 - .jpeg,0.34335294365882874,0.4456046223640442,0.8101902224800803,0.14570700011210663,0.146149498086675,6.838630199432373,6.93538236618042,0.24643664062023163,0.3066309690475464,2305.181761304406,3213.746526035228,0.011825810185185186,0.01050925925925926,0.07755779474973679,0.10637977719306946,1.244258818157498,0.902198329415905,0.39827447852012876
w/o DCP,D:\A题代码_公式包\clear text\cam65_03-02_11-39 - .jpeg,0.41124555468559265,0.492039293050766,0.8946168964559381,0.15595056635817828,0.1624158389001142,6.925139427185059,7.097045421600342,0.2825576663017273,0.34013333916664124,2762.8905242854535,3871.7791221450284,0.006756365740740741,0.0066695601851851855,0.09571265429258347,0.12534993886947632,1.203766041753163,0.9372306994351464,0.44159970685764227
w/o DCP,D:\A题代码_公式包\clear text\cam65_30-01_09-29 - .jpeg,0.5390124917030334,0.5856492519378662,0.9351831782947888,0.1901895531374129,0.1852552847362657,7.201651096343994,7.374458312988281,0.30846184492111206,0.37534472346305847,3171.766041943954,4499.095750205552,0.07728877314814815,0.02219039351851852,0.10449884831905365,0.13795121014118195,1.2168271235483878,0.9465850155361432,0.48993103505040053
w/o DCP,D:\A题代码_公式包\clear text\cam65_30-01_10-23 - .jpeg,0.45936301350593567,0.5269873142242432,0.9581587531349876,0.1895522001887332,0.18683573710615028,7.252650737762451,7.393057823181152,0.37170231342315674,0.4468764662742615,3864.8374031809867,5621.228758161455,0.007233796296296296,0.006898148148148148,0.12952545285224915,0.16872413456439972,1.202242919489936,0.9340983043721802,0.5328046298154226
w/o DCP,D:\A题代码_公式包\clear text\cam68_03-02_08-41 - .jpeg,0.4180043339729309,0.4995766282081604,0.9083211421966552,0.18060248656951652,0.1777489274935459,6.9260454177856445,7.117321014404297,0.23639829456806183,0.2746552526950836,2492.69310080265,3139.3473627377025,0.007809606481481482,0.00793113425925926,0.07234316319227219,0.09131044894456863,1.1618325536968916,0.9352108634673396,0.41211011977106493
w/o DCP,D:\A题代码_公式包\clear text\cam73_02-02_21-25 - .jpeg,0.2968563139438629,0.4108957350254059,0.747083154591647,0.20074008377387753,0.17174548891643526,7.052284240722656,7.076054096221924,0.24850338697433472,0.28910937905311584,2370.5300276089556,3023.849613663963,0.02640914351851852,0.006634837962962963,0.080159991979599,0.10280381888151169,1.1634022079462853,0.847112475422116,0.3684835306047493
w/o DCP,D:\A题代码_公式包\clear text\cam77_02-02_19-02.jpeg,0.2938813269138336,0.4035692512989044,0.733762275088917,0.1444901475168465,0.13807422080902415,6.6547160148620605,6.565981864929199,0.15288513898849487,0.17853277921676636,1785.7705987965692,2125.1818049361286,0.009181134259259259,0.007922453703703704,0.04350355267524719,0.05643395707011223,1.1677576133551602,0.8996646067114342,0.3044830292761118
w/o DCP,D:\A题代码_公式包\clear text\cam77_17-02_20-32 - .jpeg,0.29408320784568787,0.4041057527065277,0.7347377321936868,0.15416476825314643,0.1461161446193097,6.521470546722412,6.595158100128174,0.1878690868616104,0.2190954089164734,1929.143597826512,2342.450916969071,0.019322916666666665,0.011351273148148149,0.05274318903684616,0.06821909546852112,1.1662131864869754,0.8926647714203205,0.32108573567295245
w/o DCP,D:\A题代码_公式包\clear text\cam80_30-01_12-30.jpeg,0.4359128475189209,0.5109841823577881,0.9290621497414329,0.19911931937334307,0.18498698014327417,7.367681503295898,7.405807018280029,0.32123035192489624,0.37991786003112793,3205.369132880811,4507.597264872686,0.009230324074074075,0.005497685185185185,0.1085323691368103,0.13935908675193787,1.1826959526658258,0.9384706163899155,0.48380038838903744
w/o DCP,D:\A题代码_公式包\clear text\cam80_30-01_13-17.jpeg,0.4344147741794586,0.5075072050094604,0.9227403727444735,0.20235910328145573,0.187323138609178,7.30137825012207,7.386782646179199,0.3187931180000305,0.3751836121082306,3268.3482059284643,4573.648125780572,0.02185474537037037,0.005567129629629629,0.10836208611726761,0.13858774304389954,1.1768874487488992,0.9401643811928634,0.48273259794172024
w/o DCP,D:\A题代码_公式包\clear text\cam80_30-01_22-03.jpeg,0.30663159489631653,0.429931104183197,0.7816929166967218,0.15192885398751926,0.14630487171158119,6.905733585357666,6.981860160827637,0.19791439175605774,0.23920367658138275,1568.6384313507372,1985.3432996472773,0.007271412037037037,0.006600115740740741,0.050975583493709564,0.06833100318908691,1.2086219214496103,0.8843639027505936,0.34335511835473254
w/o DCP,D:\A题代码_公式包\clear text\cam84_02-02_10-21.jpeg,0.4064061641693115,0.4895228445529938,0.8900415355508977,0.1607464802766506,0.15623381762482097,6.609750270843506,6.665536403656006,0.21541662514209747,0.2448798418045044,2520.5896081811215,3269.651287452905,0.009603587962962963,0.007936921296296296,0.07240033149719238,0.09017609059810638,1.136773150081997,0.9517267110068715,0.38160659859355855
w/o DCP,D:\A题代码_公式包\clear text\cam84_02-02_21-16.jpeg,0.3055849075317383,0.41644173860549927,0.7571667974645441,0.15346119049409052,0.1478967623370378,6.581827640533447,6.779034614562988,0.19187866151332855,0.2279777079820633,1861.3627995996965,2376.474804774498,0.01646701388888889,0.007884837962962963,0.05770692601799965,0.07625577598810196,1.1881347767142905,0.894000263757983,0.3371184399525208
w/o DCP,D:\A题代码_公式包\clear text\cam84_02-02_23-34.jpeg,0.31878912448883057,0.42454367876052856,0.7718975977464155,0.14620784790427277,0.14192777767523185,6.562211036682129,6.583347797393799,0.16903360188007355,0.19780001044273376,1755.9385367547097,2149.441362071565,0.017934027777777778,0.00796875,0.048203691840171814,0.06268613785505295,1.1701815911050395,0.9072080549471824,0.31921213557245776
w/o DCP,D:\A题代码_公式包\clear text\cam84_03-02_07-33.jpeg,0.41668424010276794,0.4920433759689331,0.8946243199435147,0.14216872161177443,0.14375479630004712,6.508764266967773,6.576076507568359,0.20624616742134094,0.2478065937757492,2174.0522676313653,2893.3477258518465,0.009163773148148148,0.007612847222222222,0.06849046051502228,0.0898856446146965,1.2015088257821929,0.9499658268728168,0.38034018768400246
w/o DCP,D:\A题代码_公式包\clear text\cam84_03-02_09-02 - .jpeg,0.4074406921863556,0.49170148372650146,0.8940026976845481,0.15887677964308997,0.156639089394554,6.745500564575195,6.825716495513916,0.2214231640100479,0.25400310754776,2484.446675470163,3212.177976742667,0.007005208333333333,0.007025462962962963,0.07294482737779617,0.09130913019180298,1.1471388000009728,0.9494473909143839,0.38902968433258683
w/o DCP,D:\A题代码_公式包\clear text\cam8_12-02_14-38.jpeg,0.4044618606567383,0.4977427124977112,0.9049867499958384,0.191316976563362,0.18246410529715332,7.24160099029541,7.2884602546691895,0.3286111354827881,0.3735758066177368,2715.814579930021,3407.8461379473833,0.010002367424242424,0.00937795928030303,0.08743329346179962,0.10748275369405746,1.1368325222829447,0.9358455730888644,0.44169218400113414
w/o DCP,D:\A题代码_公式包\clear text\cam8_17-02_07-03 - .jpeg,0.43463706970214844,0.5066941976547241,0.9212621775540438,0.21296365857203067,0.18992125280027036,7.3583221435546875,7.345468521118164,0.3179188370704651,0.3596420884132385,2628.4246889515816,3253.132725254397,0.03915127840909091,0.016483191287878788,0.08629950881004333,0.10590775310993195,1.1312386621539263,0.9426660714743004,0.4408568819920344
w/o DCP,D:\A题代码_公式包\clear text\cam8_17-02_19-13 - .jpeg,0.22340837121009827,0.3673877716064453,0.6679777665571732,0.16531279717642877,0.1489468645760999,6.476809501647949,6.569293022155762,0.2230081856250763,0.2548452317714691,2209.834714938357,2634.5756810898424,0.022413589015151517,0.010810250946969698,0.06006775051355362,0.07578123360872269,1.142761772938291,0.8072226013441587,0.30906576583976314
w/o DCP,D:\A题代码_公式包\clear text\cam90_12-02_14-10.jpeg,0.4761498272418976,0.5347736477851868,0.9723157232457941,0.21736429096249812,0.18926591052496736,7.211684703826904,7.030424118041992,0.24942728877067566,0.28224438428878784,3937.643227946088,4433.786182086743,0.010436395202020202,0.01171875,0.06970880180597305,0.08506394922733307,1.1315698373624665,0.9600593957079803,0.45734301156447177
w/o DCP,D:\A题代码_公式包\clear text\cam90_17-02_07-46.jpeg,0.5573355555534363,0.5933005213737488,0.9212717793204569,0.21426349478884066,0.19352597188861392,7.409703731536865,7.286014080047607,0.20130717754364014,0.22903196513652802,3652.604483834068,4182.695263465027,0.011768071338383838,0.012340198863636364,0.05908220633864403,0.07134391367435455,1.1377237775164462,0.9774652269666144,0.4421469245790206
w/o DCP,D:\A题代码_公式包\clear text\cam91_03-02_10-19.jpeg,0.42153456807136536,0.5015113353729248,0.911838791587136,0.16086170063478775,0.15792394926563236,6.5863237380981445,6.697572708129883,0.21927596628665924,0.25512149930000305,2387.1152883495356,3106.8915999445326,0.005931712962962963,0.005975115740740741,0.07216087728738785,0.09128431975841522,1.1634722868158482,0.9473555245528366,0.39070933312033373
w/o DCP,D:\A题代码_公式包\clear text\cam91_03-02_11-12.jpeg,0.4192884564399719,0.5005690455436707,0.9101255373521284,0.16460766547576178,0.16066443818107592,6.743398666381836,6.853431701660156,0.22330133616924286,0.259215384721756,2372.760338410847,3097.3256860130195,0.005911458333333334,0.005865162037037037,0.07257577031850815,0.09184933453798294,1.1608321907699637,0.9458573057427877,0.3952182345386788
w/o DCP,D:\A题代码_公式包\clear text\cam98_12-02_13-51.jpeg,0.38906607031822205,0.47455069422721863,0.8628194440494883,0.24305685683396952,0.21472874734737166,7.188230037689209,7.246682643890381,0.27485835552215576,0.3083837330341339,2880.632039875624,3462.293145097487,0.008171296296296296,0.0069878472222222225,0.0831403061747551,0.10141760855913162,1.1219733113885415,0.9188830364211463,0.4272769240486675
w/o DCP,D:\A题代码_公式包\clear text\cam98_12-02_14-10.jpeg,0.3947277069091797,0.4792746901512146,0.8714085275476628,0.23836444885103789,0.20886205932868881,7.121744155883789,7.252475261688232,0.2779146432876587,0.3065435588359833,2953.5038192849997,3503.776066989567,0.008327546296296296,0.007586805555555556,0.08390162140130997,0.10093322396278381,1.103013389937453,0.9210241180195924,0.42316837261144674
w/o DCP,D:\A题代码_公式包\clear text\cam98_12-02_15-33.jpeg,0.39319461584091187,0.47280851006507874,0.8596518364819613,0.24670105018436775,0.21574466528992928,7.033100605010986,7.180009365081787,0.274116575717926,0.30650484561920166,2909.576024273372,3499.7216782407068,0.008214699074074074,0.006623263888888889,0.08375699073076248,0.10194133967161179,1.1181551156927436,0.9242370864134283,0.4258472066012483
w/o DCP,D:\A题代码_公式包\clear text\cam98_17-02_17-11.jpeg,0.407662570476532,0.48680174350738525,0.8850940791043368,0.18056425616006064,0.1710719006491465,7.0235161781311035,6.992472171783447,0.17034673690795898,0.19122757017612457,1799.045520428107,2050.134550843533,0.009739583333333333,0.00900462962962963,0.040195487439632416,0.0498434454202652,1.1225783936080067,0.9415902725286186,0.35294831840379653
w/o DCP,D:\A题代码_公式包\clear text\屏幕截图 2026-02-03 150927.png,0.49381527304649353,0.5355009436607361,0.9736380793831564,0.08210212772608351,0.09762738404198917,6.2245330810546875,6.568574905395508,0.20858381688594818,0.2961500585079193,235.19822021734845,482.42988142181764,0.0018076583610564193,0.002465374431393849,0.033572275191545486,0.05128642916679382,1.4198132071217224,0.9466636052006409,0.3811399565060489
w/o DCP,D:\A题代码_公式包\clear text\屏幕截图 2026-02-03 151031.png,0.3361181318759918,0.34866097569465637,0.633929046717557,0.15377170548675095,0.1354955530747978,6.906304359436035,6.80889892578125,0.07661571353673935,0.12288050353527069,65.0909706363185,147.61887741166655,0.018973149492017418,0.000420899854862119,0.014342710375785828,0.025491150096058846,1.6038549767407442,0.9411311211014733,0.3342191838962572
w/o DCP,D:\A题代码_公式包\clear text\屏幕截图 2026-02-03 151052.png,0.5275688171386719,0.5319092273712158,0.9671076861294833,0.3178183830049688,0.27222388526513513,6.747514247894287,7.24606990814209,0.11693479120731354,0.13010770082473755,94.71102218682212,122.01082273705833,0.21749472869458455,0.003116075479755518,0.01570572890341282,0.01949828304350376,1.1126517142927506,0.9774953051590561,0.3607756537652228
w/o DCP,D:\A题代码_公式包\clear text\屏幕截图 2026-02-03 151128.png,0.45415768027305603,0.48594406247138977,0.8835346590388904,0.3375968965236911,0.27579674516106223,7.3838300704956055,7.640829086303711,0.1467454880475998,0.15010085701942444,103.37291073329324,118.38208600766089,0.1700951567067505,0.002872335374827897,0.01795991323888302,0.02121884375810623,1.0228651846611254,0.8854092300830801,0.3303964549938678
w/o DCP,D:\A题代码_公式包\clear text\屏幕截图 2026-02-03 151250.png,0.4565403461456299,0.43758130073547363,0.7956023649735884,0.17874169486144437,0.17006681753114358,6.900973320007324,7.084369659423828,0.16290712356567383,0.2506760358810425,825.2157698806913,2227.757392024552,0.04683973453962217,0.0015942989406555834,0.0762220248579979,0.13144922256469727,1.5387665731816917,0.9035540264983627,0.43110609106765774
w/o DCP,D:\A题代码_公式包\clear text\屏幕截图 2026-02-03 151414.png,0.60980224609375,0.5690569877624512,0.9653509313409979,0.14490044176685338,0.1414121482130306,6.939837455749512,7.046475887298584,0.13143722712993622,0.17006351053714752,39.59047083088133,75.81787823082269,0.021074721496662424,0.0008572768066438953,0.012557108886539936,0.018385576084256172,1.2938762242566366,0.9715866089855661,0.3484198978362742
w/o DCP,D:\A题代码_公式包\clear text\屏幕截图 2026-02-03 151835.png,0.6856865286827087,0.6611947417259216,0.7978277423165062,0.13621899075739813,0.1306524789255269,6.837143898010254,6.921680450439453,0.2404160052537918,0.30981454253196716,812.8252119602073,1363.9677406750852,0.021324973876698013,0.012685475444096133,0.0532657690346241,0.07348335534334183,1.2886602537573686,0.9643109581893653,0.36747829029385576
w/o DCP,D:\A题代码_公式包\clear text\屏幕截图 2026-02-03 151843.png,0.5529447197914124,0.5009450912475586,0.9108092568137428,0.2968243667100373,0.24407572827797164,7.474309921264648,7.488661766052246,0.11745253205299377,0.1328333020210266,110.54203508186016,154.13028192624836,0.11439514908627905,0.0004418144309812803,0.016786344349384308,0.02149328775703907,1.1309530617602117,0.9786171339030012,0.3503204791543833
w/o DCP,D:\A题代码_公式包\clear text\屏幕截图 2026-02-03 151859.png,0.3579561114311218,0.4143775403499603,0.7534137097272006,0.09054809189188041,0.10352031355400763,6.399524211883545,6.5665388107299805,0.15462854504585266,0.2255067676305771,1657.241987883268,3493.5921389314967,0.000991353671887796,0.0010085946053119317,0.07393145561218262,0.11676853150129318,1.458377380698194,0.9346748350290535,0.3972857151300474
w/o DCP,D:\A题代码_公式包\clear text\屏幕截图 2026-02-03 152105.png,0.4507603049278259,0.5158582329750061,0.9379240599545565,0.20769332953234537,0.15899584057880675,7.0894598960876465,7.125418663024902,0.0802234411239624,0.08780254423618317,28.178267489894157,38.09521743786794,0.02972843262430614,7.24421142231036e-05,0.010482124984264374,0.01297921221703291,1.0944747811936004,0.9653161524147704,0.2877055482644865
w/o DCP,D:\A题代码_公式包\clear text\屏幕截图 2026-02-03 152131.png,0.647994339466095,0.6053280234336853,0.8994035937569359,0.27592178124151495,0.23892120728284408,7.193455219268799,7.290721416473389,0.14349158108234406,0.17506426572799683,85.6128400194012,141.98599336233153,0.20538513210927004,0.00033213912524257354,0.019089912995696068,0.025931553915143013,1.2200315639940276,0.9763275976662026,0.37039445094830886
w/o DCP,D:\A题代码_公式包\clear text\屏幕截图 2026-02-03 152208.png,0.6048255562782288,0.593207597732544,0.9214407313953747,0.18339865729715538,0.17826809734241766,7.379093647003174,7.411405563354492,0.2852693200111389,0.3496522903442383,229.10633225023804,380.69329332049716,0.05703318858560794,0.006584141664786826,0.03586417809128761,0.04782789945602417,1.225691867952488,0.973035717238939,0.3991095959537019
w/o DCP,D:\A题代码_公式包\clear text\屏幕截图 2026-02-03 152620.png,0.38435637950897217,0.4634101390838623,0.842563889243386,0.2896437434060856,0.236436946059767,7.508734703063965,7.629525184631348,0.22706715762615204,0.2629389762878418,576.1222838391034,738.6746057381848,0.08079273609437186,0.005936994996957871,0.04357798025012016,0.053904224187135696,1.157978864454421,0.8741355331817974,0.3729339682859857
w/o DCP,D:\A题代码_公式包\clear text\屏幕截图 2026-02-03 152832.png,0.3186332881450653,0.4459231495857239,0.8107693628831343,0.17083370949163157,0.1466523289623523,6.932610511779785,7.031853675842285,0.17069819569587708,0.2034057378768921,180.33865714918423,270.626546924513,0.0008854095446465199,0.0007725967455216738,0.026205791160464287,0.03427645564079285,1.1916103725881886,0.8794291286946093,0.30004975900395575
w/o DCP,D:\A题代码_公式包\clear text\屏幕截图 2026-02-03 153319.png,0.5042031407356262,0.5166385769844055,0.9393428672443735,0.15096019322411747,0.14589111350038214,7.023276329040527,7.096087455749512,0.14390043914318085,0.17959226667881012,109.86350127297732,189.0262935695287,0.0026470413674402043,0.0004926108374384236,0.020119108259677887,0.027796365320682526,1.2480314518603903,0.9771438289274225,0.3415137245377953
w/o DCP,D:\A题代码_公式包\clear text\屏幕截图 2026-02-03 153723.png,0.5278517603874207,0.5236519575119019,0.9520944682034579,0.21222021105089683,0.18792841784285522,7.452596664428711,7.4077301025390625,0.10105662047863007,0.13164839148521423,20.47401871892661,42.85410066309046,0.020675694142098522,0.0006673679326530418,0.010896903462707996,0.016379525884985924,1.3027190190108395,0.969180017384116,0.36549723431231573
w/o DCP,D:\A题代码_公式包\clear text\屏幕截图 2026-02-03 153926.png,0.7160597443580627,0.6162688732147217,0.879511139609597,0.14646057299833024,0.12816303118790584,6.8811445236206055,6.797895431518555,0.07653055340051651,0.10602319240570068,17.42990006695915,42.31625526704086,0.18476590662481704,7.282419511058354e-06,0.009840347804129124,0.01576399616897106,1.3853706064935474,0.9557408147621168,0.32283600460913914
w/o DCP,D:\A题代码_公式包\clear text\屏幕截图 2026-02-03 153933.png,0.3769494593143463,0.3626307249069214,0.659328590739857,0.2171981440111652,0.18987569826329245,6.243185997009277,6.451987266540527,0.06190009042620659,0.08104833215475082,13.215572521572598,23.79446677397171,0.08266212425452549,0.0009626303875339365,0.006788888946175575,0.010747323743999004,1.309340979391736,0.974334830511348,0.2824013975325541
w/o DCP,D:\A题代码_公式包\clear text\屏幕截图 2026-02-03 154150.png,0.49391090869903564,0.5003040432929993,0.9096437150781804,0.2732280234093121,0.24198280095854793,7.448976516723633,7.513476371765137,0.3543727695941925,0.4054926633834839,1526.6981026732124,2158.5551072459725,0.15727380432749266,0.012658227848101266,0.08685613423585892,0.10986625403165817,1.1442545204544723,0.9635711029791834,0.4550155248107824
w/o DCP,D:\A题代码_公式包\clear text\屏幕截图 2026-02-03 155552.png,0.5050543546676636,0.4913105070590973,0.8932918310165404,0.10736268283255107,0.10599667150298933,6.440474987030029,6.556333065032959,0.08608504384756088,0.13172835111618042,95.36865127597228,234.97327396238546,0.015322630125779732,0.007984456488393497,0.017006991431117058,0.028653204441070557,1.5302115986201068,0.9569442639299766,0.3501539313091183
w/o DCP,D:\A题代码_公式包\clear text\屏幕截图 2026-02-03 160609.png,0.48126500844955444,0.4275433421134949,0.7773515311154452,0.07215260532406362,0.08343922428662887,6.026586532592773,6.240368366241455,0.06460291892290115,0.09956219792366028,20.18341422047485,50.01188830158847,0.001756440281030445,0.0009949067326116506,0.008977104909718037,0.0157574824988842,1.5411407936587145,0.9500808466141292,0.3043987135795312
w/o DCP,D:\A题代码_公式包\clear text\屏幕截图 2026-02-03 160615.png,0.7611820697784424,0.714535117149353,0.700845241546631,0.2537437185022953,0.2310080473844352,7.317434787750244,7.303922653198242,0.2435397058725357,0.2799724340438843,282.18249820714055,456.2769077556123,0.3958582789741757,0.019377178089536234,0.03665394335985184,0.04973282292485237,1.1495965775074692,0.9547472325763862,0.34399761806808216
w/o DCP,D:\A题代码_公式包\clear text\屏幕截图 2026-02-03 160703.png,0.6156129837036133,0.6253547668457031,0.8629913330078126,0.21085643534753268,0.18517253961654045,7.651538848876953,7.542637825012207,0.18840570747852325,0.21638557314872742,47.23430319543186,77.23107852848538,0.07917825270787114,0.017537167350954154,0.015279402025043964,0.021180907264351845,1.1485085638714136,0.9736333282714008,0.339686101028832
w/o DCP,D:\A题代码_公式包\clear text\屏幕截图 2026-02-03 160802.png,0.525132954120636,0.5001407265663147,0.9093467755751176,0.18317664314175322,0.16693496308749753,7.141214847564697,7.206154823303223,0.13148723542690277,0.16234180331230164,26.379389092022873,45.13484020647907,0.05928475354062821,2.3736055067647756e-05,0.011223585344851017,0.016056230291724205,1.2346583248857441,0.971422322412839,0.33814284248244963
w/o DCP,D:\A题代码_公式包\clear text\屏幕截图 2026-02-03 161950.png,0.40636172890663147,0.46930259466171265,0.8532774448394775,0.2290207066935447,0.19720817074638217,7.475952625274658,7.416658401489258,0.23210497200489044,0.2773051857948303,175.4301890031198,259.97875951619704,0.02187183911465461,0.0007893536423315682,0.02704598382115364,0.035715870559215546,1.194740393063536,0.9277313128317017,0.3635978960354345
w/o DCP,D:\A题代码_公式包\clear text\屏幕截图 2026-02-03 162130.png,0.4498051404953003,0.4550299048423767,0.8273270997134121,0.2752699185542395,0.2400779187051995,7.552106857299805,7.487909317016602,0.1297454535961151,0.15370072424411774,56.82500414771677,85.76794739970794,0.019893783536907236,0.0004268855258265743,0.014703365974128246,0.0200701542198658,1.1846328019482864,0.9577796824440867,0.34695854135289195
w/o DCP,D:\A题代码_公式包\clear text\屏幕截图 2026-02-03 162314.png,0.3850076496601105,0.3899935185909271,0.7090791247107766,0.07912707743870402,0.09380084387800108,6.096319675445557,6.492592811584473,0.0582117885351181,0.0995638445019722,12.540704312054002,46.35429225039146,0.0020978324949659675,0.00210931697942746,0.009105229750275612,0.017130332067608833,1.7103723915151041,0.9464138900206455,0.3385770146598021
w/o DCP,D:\A题代码_公式包\clear text\屏幕截图 2026-02-03 162446.png,0.36364319920539856,0.4179525077342987,0.7599136504259976,0.11144648459385459,0.11213431181884352,6.249050617218018,6.729098796844482,0.07258625328540802,0.098482146859169,10.913972784286209,25.576635997313907,0.006967384694367114,0.00018640809927912016,0.00819337647408247,0.012695212848484516,1.3567601478395108,0.9673840183286174,0.28712561199373887
w/o DCP,D:\A题代码_公式包\clear text\屏幕截图 2026-02-04 203521.png,0.3707539439201355,0.4420218765735626,0.8036761392246592,0.12908736470871593,0.11380823289951776,6.768037796020508,6.759037971496582,0.13771356642246246,0.22499197721481323,66.86942101542837,221.79568392924025,0.008068019611493825,0.0028720770668266477,0.023046668618917465,0.04114874079823494,1.6337677743137404,0.8970792592387694,0.37950087162231166
w/o DCP,D:\A题代码_公式包\clear text\屏幕截图 2026-02-04 203619.png,0.5240667462348938,0.46679502725601196,0.8487182313745671,0.07652047997555701,0.08506184511517483,6.256358623504639,6.407586097717285,0.09960349649190903,0.17437498271465302,63.2370892083709,191.74908017123784,0.0009692208612037468,0.0010329853915460986,0.01771976239979267,0.03307146206498146,1.7506913125871346,0.9107934597216891,0.38160842188192257
w/o Highlight,D:\A题代码_公式包\clear text\cam101_12-02_13-35.jpeg,0.42241156101226807,0.49550333619117737,0.9009151567112315,0.23095599825428997,0.20747163497637056,7.349150657653809,7.435911178588867,0.3271820843219757,0.3809884786605835,3158.225867978395,4214.879600668188,0.0057696759259259255,0.006872106481481482,0.10561104863882065,0.13348186016082764,1.1644539242514649,0.9316755116525242,0.4782138764777893
w/o Highlight,D:\A题代码_公式包\clear text\cam102_03-02_07-42 - .jpeg,0.4199084937572479,0.46998652815818787,0.8545209602876143,0.1722577333800307,0.1610655020905738,6.551889419555664,6.657625198364258,0.2049582302570343,0.24539199471473694,2104.931223370378,2836.21330921733,0.011281828703703704,0.012317708333333333,0.06733255088329315,0.08746951818466187,1.1972781121665657,0.961944137589936,0.38120511543030716
w/o Highlight,D:\A题代码_公式包\clear text\cam102_03-02_08-00 - .jpeg,0.4582531750202179,0.5033370852470398,0.9151583368127996,0.2102559240009242,0.18869977145672273,6.891057014465332,6.986512184143066,0.22768132388591766,0.2688663899898529,2181.163246522118,2914.214369125856,0.029751157407407407,0.00824363425925926,0.0717780664563179,0.0925663560628891,1.1808890421984592,0.961056223410499,0.41507705587856414
w/o Highlight,D:\A题代码_公式包\clear text\cam102_03-02_08-51.jpeg,0.43220531940460205,0.485964298248291,0.8835714513605291,0.20962541268322046,0.18585677985442584,6.842887878417969,6.98755407333374,0.2176920622587204,0.260509192943573,2054.3880677852844,2729.436591223521,0.02582175925925926,0.007682291666666666,0.06851950287818909,0.08904514461755753,1.1966867784496977,0.9560469559283217,0.4050872657021761
w/o Highlight,D:\A题代码_公式包\clear text\cam102_03-02_09-45.jpeg,0.4195566475391388,0.47803810238838196,0.8691601861606943,0.19069192727439205,0.17660244428718114,6.914595127105713,7.012513637542725,0.24420827627182007,0.29250583052635193,2365.021825803144,3243.331067694259,0.00583912037037037,0.006950231481481482,0.08052874356508255,0.1045004203915596,1.1977720388995157,0.9547841744256532,0.41779437001183933
w/o Highlight,D:\A题代码_公式包\clear text\cam102_17-02_07-42.jpeg,0.45745405554771423,0.49491456151008606,0.8998446572910654,0.1962028215235175,0.17483189993250545,6.984780311584473,6.983151435852051,0.1898156851530075,0.2284528762102127,1793.987464252153,2352.6367014756192,0.014710648148148148,0.01113136574074074,0.05853831022977829,0.07707419991493225,1.2035510581345898,0.9610414048787617,0.38933334880121784
w/o Highlight,D:\A题代码_公式包\clear text\cam103_02-02_20-43 - .jpeg,0.30162954330444336,0.38835349678993225,0.7060972668907859,0.16622828046027752,0.15135119109971168,6.759535789489746,6.708698272705078,0.17754465341567993,0.20221154391765594,1915.2316129295987,2198.878647296134,0.016550925925925927,0.013017939814814816,0.04558280110359192,0.05740109831094742,1.1389333819110068,0.9011665129959643,0.3099404148849525
w/o Highlight,D:\A题代码_公式包\clear text\cam103_02-02_22-23.jpeg,0.29524096846580505,0.38382667303085327,0.697866678237915,0.17603804143704213,0.15647103421883063,6.820976257324219,6.695803642272949,0.1727191060781479,0.1944332867860794,1877.0470768497084,2144.9238965205104,0.021015625,0.014713541666666666,0.04445081949234009,0.05545724183320999,1.1257195532261084,0.8939094337379869,0.30337772554819886
w/o Highlight,D:\A题代码_公式包\clear text\cam103_02-02_23-51.jpeg,0.2861560583114624,0.3753078579902649,0.6823779236186633,0.1717760198018337,0.15672002373702176,6.787363052368164,6.751742839813232,0.17479266226291656,0.1966075599193573,1892.7065723084165,2160.983251263369,0.016064814814814816,0.013660300925925926,0.044965676963329315,0.05586748570203781,1.1248044814946805,0.8956969588807281,0.3031407130356756
w/o Highlight,D:\A题代码_公式包\clear text\cam103_12-02_14-24.jpeg,0.42278552055358887,0.49907878041267395,0.9074159643866798,0.2399807035891319,0.21335565046216556,7.107303619384766,7.262483596801758,0.2455211579799652,0.28457579016685486,2665.760482547051,3382.747383937623,0.008431712962962964,0.009916087962962963,0.07593371719121933,0.09565375000238419,1.159068292993224,0.9155332622039133,0.4349361220635927
w/o Highlight,D:\A题代码_公式包\clear text\cam106_03-02_00-55 - .jpeg,0.28695037961006165,0.37207475304603577,0.6764995509927922,0.1311852285576359,0.13195074259290623,6.402092933654785,6.413633346557617,0.16550281643867493,0.19764193892478943,2031.0845178421587,2451.5408272246605,0.010908564814814815,0.011918402777777778,0.04951291158795357,0.06466557085514069,1.1941908034839452,0.9174861506246839,0.30767206599484415
w/o Highlight,D:\A题代码_公式包\clear text\cam110_02-02_18-57.jpeg,0.3004944324493408,0.388383686542511,0.7061521573500199,0.1620842236283031,0.15294343074948183,6.787729740142822,6.786071300506592,0.19758351147174835,0.22733712196350098,1992.228960817933,2446.42938336869,0.017864583333333333,0.01484375,0.05329476669430733,0.0682060569524765,1.150587493308883,0.9070421055533442,0.3263898885453129
w/o Highlight,D:\A题代码_公式包\clear text\cam110_07-02_08-28.jpeg,0.4207269847393036,0.483686625957489,0.8794302290136163,0.1851169070903971,0.17859705454947644,6.948529243469238,7.013453006744385,0.2251625806093216,0.2655686140060425,2505.5965720965346,3264.9081296131444,0.007659143518518518,0.009212962962962963,0.06981910020112991,0.08903076499700546,1.1794526481957137,0.9503243249793585,0.41179947332070116
w/o Highlight,D:\A题代码_公式包\clear text\cam111_03-02_09-49.jpeg,0.42198169231414795,0.45589011907577515,0.8288911255923184,0.13891261314929,0.1422219315253373,6.5068678855896,6.544349193572998,0.17032505571842194,0.20342685282230377,1900.1460015172136,2440.1489052248016,0.006293402777777778,0.007572337962962963,0.053312964737415314,0.0688004121184349,1.1943448919260007,0.9724883692137573,0.34976164073739496
w/o Highlight,D:\A题代码_公式包\clear text\cam111_17-02_07-01 - .jpeg,0.3909599184989929,0.4298403263092041,0.7815278660167346,0.11207160789580675,0.11757851377697882,6.240609645843506,6.373958587646484,0.13606928288936615,0.16812078654766083,1494.1373904481402,1804.8702333029833,0.013761574074074074,0.012398726851851852,0.037119779735803604,0.04994082450866699,1.2355528412336043,0.9645755180811509,0.3128137611160447
w/o Highlight,D:\A题代码_公式包\clear text\cam112_02-02_19-15.jpeg,0.2964478135108948,0.37990260124206543,0.6907320022583008,0.14586034275378754,0.14353905893050703,6.524833679199219,6.580198764801025,0.1822957992553711,0.2129347324371338,1701.0853383890787,2107.7511647550605,0.014565972222222221,0.014496527777777778,0.04957517236471176,0.06432780623435974,1.1680726112755455,0.9285994360313762,0.31008262240180956
w/o Highlight,D:\A题代码_公式包\clear text\cam112_02-02_20-03.jpeg,0.3310602903366089,0.40194621682167053,0.7308113033121282,0.15033019217787744,0.1423219002547522,6.691838264465332,6.630752086639404,0.17145967483520508,0.20268656313419342,1675.7067283789531,2050.44126053903,0.018605324074074073,0.015694444444444445,0.04766090214252472,0.06219940260052681,1.1821237973995937,0.938608859240979,0.31823773595986377
w/o Highlight,D:\A题代码_公式包\clear text\cam112_30-01_19-33 - .jpeg,0.32236069440841675,0.4071614444255829,0.7402935353192415,0.15355823768086338,0.15089149109357508,6.929708957672119,6.942897796630859,0.20461204648017883,0.24171319603919983,1782.3523957320265,2248.597832753215,0.01136574074074074,0.012410300925925925,0.05563219636678696,0.07279101759195328,1.1813243567386313,0.925391626483261,0.3425201828754717
w/o Highlight,D:\A题代码_公式包\clear text\cam115_02-02_21-32.jpeg,0.2882762551307678,0.3831244111061096,0.6965898383747446,0.15447352883212076,0.14917566106240251,6.322131156921387,6.442515850067139,0.19852463901042938,0.23286426067352295,2005.1452247604473,2510.2190898056974,0.015772569444444443,0.015170717592592593,0.05879370868206024,0.07589418441057205,1.1729740983929962,0.909562820390249,0.32191173952961055
w/o Highlight,D:\A题代码_公式包\clear text\cam115_02-02_22-43.jpeg,0.28199878334999084,0.37689918279647827,0.6852712414481423,0.15741051671502426,0.14951263140801688,6.341675281524658,6.487591743469238,0.20250888168811798,0.2372143268585205,2033.0656149188926,2537.0873709160865,0.015454282407407408,0.015133101851851852,0.05955422669649124,0.07665355503559113,1.1713773786100448,0.9071238930955893,0.3221537715694404
w/o Highlight,D:\A题代码_公式包\clear text\cam115_03-02_09-39 - .jpeg,0.41242891550064087,0.4684627652168274,0.8517504822124133,0.17144847254031023,0.17013270351376897,6.791445732116699,6.907678127288818,0.23527365922927856,0.27801313996315,2685.4755542561516,3604.9902458847405,0.006614583333333333,0.007861689814814814,0.08041410148143768,0.10230934619903564,1.181658586435079,0.9596067087517739,0.4121469562142994
w/o Highlight,D:\A题代码_公式包\clear text\cam115_03-02_10-10.jpeg,0.4160018861293793,0.4698438048362732,0.8542614633386785,0.16631694339501799,0.16640986333420102,6.711528778076172,6.875213623046875,0.23043864965438843,0.27423179149627686,2568.4739900412646,3457.9019505303445,0.006603009259259259,0.0077777777777777776,0.07836595177650452,0.10039780288934708,1.1900425264287329,0.9604865888554848,0.4078881736513323
w/o Highlight,D:\A题代码_公式包\clear text\cam115_03-02_10-42.jpeg,0.4239993989467621,0.4749429523944855,0.8635326407172462,0.166275777977412,0.16715881020720397,6.8374762535095215,6.936422824859619,0.23731060326099396,0.28237107396125793,2572.063828312241,3479.780151500938,0.006588541666666667,0.007815393518518518,0.08009333908557892,0.10285115987062454,1.189879745464964,0.9615928554375888,0.4136059875172273
w/o Highlight,D:\A题代码_公式包\clear text\cam11_03-02_11-26.jpeg,0.3851301372051239,0.4457153379917145,0.810391523621299,0.17570722275650053,0.16879233316389802,7.236855506896973,7.208449363708496,0.30961745977401733,0.36302414536476135,2265.2143889031445,2949.2076752948933,0.0115234375,0.012233664772727273,0.08420360833406448,0.1063317283987999,1.1724924954988454,0.9512371662951278,0.4131972161523847
w/o Highlight,D:\A题代码_公式包\clear text\cam11_10-02_07-09.jpeg,0.38667240738868713,0.4538957178592682,0.8252649415623057,0.17571069955210025,0.16923194665662247,7.28474235534668,7.233027458190918,0.3236597776412964,0.37499725818634033,2345.2490373977416,3016.478328404063,0.012313565340909091,0.013796164772727272,0.08635152876377106,0.10789378732442856,1.158615566552044,0.9475967610355536,0.41742119521136456
w/o Highlight,D:\A题代码_公式包\clear text\cam11_12-02_13-40.jpeg,0.41207876801490784,0.4577750563621521,0.8323182842948219,0.15099109252719853,0.15085003208819725,6.795062065124512,6.828326225280762,0.2752944529056549,0.3276253044605255,2000.960978929889,2579.1222862575646,0.010280539772727273,0.012047230113636363,0.07185932993888855,0.09209771454334259,1.1900903636521323,0.9592159093538131,0.38938259876058445
w/o Highlight,D:\A题代码_公式包\clear text\cam120_02-02_09-48.jpeg,0.4355648159980774,0.4981801509857178,0.9057820927013049,0.1804575931655269,0.17804565230891373,7.104185581207275,7.203558444976807,0.2794996500015259,0.33115965127944946,3034.6189192406923,4183.437026202284,0.006608796296296297,0.00790798611111111,0.09353454411029816,0.12004920095205307,1.1848303172712547,0.9539432923873515,0.4568882026762936
w/o Highlight,D:\A题代码_公式包\clear text\cam120_02-02_10-07.jpeg,0.4344126284122467,0.4932368993759155,0.8967943625016646,0.18408838381669151,0.1797962761667605,7.036876201629639,7.108290195465088,0.276157021522522,0.32562559843063354,3004.0072850646216,4111.624515715347,0.006646412037037037,0.007818287037037037,0.09314912557601929,0.11904290318489075,1.179132048030703,0.9548779328946427,0.44968460693084766
w/o Highlight,D:\A题代码_公式包\clear text\cam120_03-02_02-52 - .jpeg,0.3039255440235138,0.39292070269584656,0.7144012776288119,0.15142900089879713,0.14693380447043863,6.853757381439209,6.910253524780273,0.1932736337184906,0.23490652441978455,1817.1664669284814,2287.9653381618173,0.010772569444444444,0.01091724537037037,0.05338374897837639,0.07087698578834534,1.2154091253455575,0.9169253870480929,0.3415075656484553
w/o Highlight,D:\A题代码_公式包\clear text\cam120_17-02_08-02 - .jpeg,0.4533112347126007,0.513237476348877,0.933159047907049,0.1879825498642388,0.18325476082693792,7.2459564208984375,7.327268600463867,0.2891601324081421,0.34627705812454224,3011.521869206399,4171.5031944282355,0.008969907407407407,0.010138888888888888,0.09538678079843521,0.12346511334180832,1.1975270217822525,0.9510350268155421,0.4719724059252361
w/o Highlight,D:\A题代码_公式包\clear text\cam120_17-02_19-14.jpeg,0.24920885264873505,0.3534063398838043,0.6425569816069169,0.14388485588743874,0.13823430627156988,6.418220043182373,6.429316520690918,0.19360853731632233,0.22905364632606506,1882.1599705663527,2347.023543432508,0.013237847222222222,0.013255208333333334,0.05309288948774338,0.0693957507610321,1.1830761416079745,0.8882102799606134,0.3032185945955682
w/o Highlight,D:\A题代码_公式包\clear text\cam126_03-02_11-56 - .jpeg,0.42672765254974365,0.4813508093357086,0.8751832897012883,0.17589907596728693,0.1768899827527561,6.838520050048828,7.076628684997559,0.2741378843784332,0.3225933313369751,3621.800338064228,4995.141640457685,0.007225115740740741,0.008532986111111111,0.10103181004524231,0.12808606028556824,1.176755769017318,0.9537825699230217,0.46272710647979526
w/o Highlight,D:\A题代码_公式包\clear text\cam126_17-02_08-36.jpeg,0.42839527130126953,0.4955200254917145,0.9009455008940263,0.1863903075362696,0.18494274351654666,7.196381568908691,7.299161911010742,0.2875351011753082,0.3424922227859497,2826.3598745658383,3895.381296505398,0.0072280092592592595,0.008738425925925926,0.09112241119146347,0.11773552745580673,1.1911319094367565,0.944275477687676,0.4574574247700006
w/o Highlight,D:\A题代码_公式包\clear text\cam126_17-02_17-11.jpeg,0.4166643023490906,0.46545618772506714,0.8462839776819402,0.1480251866059975,0.1470334966132176,6.811367988586426,6.798418045043945,0.19922156631946564,0.2445235550403595,1969.22514717861,2565.548522822552,0.010821759259259258,0.012662037037037038,0.05840601027011871,0.07809732109308243,1.227395056117948,0.9493957179817502,0.3766423583922264
w/o Highlight,D:\A题代码_公式包\clear text\cam127_02-02_18-50.jpeg,0.30469465255737305,0.3955022990703583,0.7190950892188332,0.18329624666546654,0.16832156745471313,6.9145379066467285,6.8950605392456055,0.21588928997516632,0.25121575593948364,1987.3199794405377,2446.6461001154394,0.01453414351851852,0.011605902777777777,0.0651296004652977,0.08275821059942245,1.163632364805549,0.907276987360718,0.3446567326345814
w/o Highlight,D:\A题代码_公式包\clear text\cam127_02-02_22-51 - .jpeg,0.29016557335853577,0.3863956332206726,0.7025375149466775,0.1772807880983706,0.1640310575082616,6.707484245300293,6.717499732971191,0.21448905766010284,0.24613474309444427,2111.773812249999,2557.914062795974,0.01587962962962963,0.014728009259259258,0.06491966545581818,0.0812770426273346,1.147539840241486,0.904770195127261,0.3333468166180103
w/o Highlight,D:\A题代码_公式包\clear text\cam127_12-02_14-59.jpeg,0.42939701676368713,0.47942355275154114,0.8716791868209838,0.18468005592715206,0.17342079628026671,7.1039252281188965,7.09618616104126,0.277080237865448,0.3158823251724243,3176.5381727411714,4120.76660124762,0.025,0.01988136574074074,0.09383207559585571,0.1163037121295929,1.140039151478255,0.951771767531806,0.43047504521051116
w/o Highlight,D:\A题代码_公式包\clear text\cam136_02-02_10-00.jpeg,0.4671942889690399,0.5046647191047668,0.9175722165541215,0.18967647395814902,0.18391757437687442,7.319179058074951,7.314968109130859,0.34630194306373596,0.4017965495586395,3688.291735527585,4981.7247768872085,0.01868923611111111,0.018055555555555554,0.11880414932966232,0.14960125088691711,1.1602491668160602,0.9517200780077086,0.49056198796715
w/o Highlight,D:\A题代码_公式包\clear text\cam136_02-02_10-15.jpeg,0.44370242953300476,0.4890322983264923,0.889149633320895,0.18808352575788082,0.1817564792979898,7.324538707733154,7.319853782653809,0.34013497829437256,0.3966327905654907,3589.9976851850515,4873.245951717014,0.013825231481481482,0.014027777777777778,0.11683879792690277,0.14776718616485596,1.1661041158278866,0.948892564610802,0.48239706244313835
w/o Highlight,D:\A题代码_公式包\clear text\cam136_02-02_21-25 - .jpeg,0.33407700061798096,0.4174328148365021,0.7589687542481856,0.17034681223471815,0.1586029649681708,6.839829921722412,6.830277442932129,0.23774868249893188,0.2832622230052948,2016.1979787796588,2538.5025420211146,0.03165219907407407,0.01977141203703704,0.06870418041944504,0.08926087617874146,1.1914354496901727,0.918172707236427,0.362100442308364
w/o Highlight,D:\A题代码_公式包\clear text\cam136_03-02_09-11 - .jpeg,0.4691813588142395,0.5084546208381653,0.9244629469784823,0.19100272041427954,0.1846276325343558,7.40407133102417,7.395210266113281,0.3607739508152008,0.4253987967967987,3791.8706469102312,5238.219937759001,0.011895254629629629,0.012609953703703703,0.12506215274333954,0.15966501832008362,1.179128313346234,0.9468277902096597,0.5086847779021583
w/o Highlight,D:\A题代码_公式包\clear text\cam137_02-02_09-53.jpeg,0.40997314453125,0.4759844243526459,0.8654262260957197,0.23969946989186577,0.2109419122433865,7.621668815612793,7.4973859786987305,0.396441787481308,0.4574609398841858,3190.863799738599,4293.729048258246,0.03625414299242424,0.018199573863636364,0.11345867812633514,0.14229491353034973,1.1539170427617484,0.9243497954933546,0.49096642495919596
w/o Highlight,D:\A题代码_公式包\clear text\cam137_02-02_10-31.jpeg,0.39076995849609375,0.46863818168640137,0.8520694212480024,0.24034234915950511,0.21434649343995166,7.590137481689453,7.528651237487793,0.419035404920578,0.4780940115451813,3264.773580890441,4404.111305925354,0.041293797348484845,0.01970880681818182,0.11701632291078568,0.14585323631763458,1.1409394161794617,0.9201825713070997,0.494810634295621
w/o Highlight,D:\A题代码_公式包\clear text\cam137_03-02_00-28 - .jpeg,0.26110631227493286,0.3822610080242157,0.695020014589483,0.2588014546539784,0.22590797153461942,7.149971961975098,7.456165313720703,0.336468368768692,0.380872517824173,2639.5894829256586,3294.2416415246853,0.046803977272727275,0.012044270833333334,0.09328051656484604,0.11556736379861832,1.1319712610005617,0.7358960597312955,0.39777229617383436
w/o Highlight,D:\A题代码_公式包\clear text\cam137_03-02_00-42 - .jpeg,0.27773404121398926,0.3993465006351471,0.7260845466093583,0.24100515088375327,0.2082608618836838,7.297811031341553,7.46288537979126,0.3500159680843353,0.4034252464771271,2546.5657076412303,3215.109697535062,0.04012192234848485,0.012639086174242425,0.09484263509511948,0.11871407926082611,1.1525909266919172,0.7912810472401244,0.4109014644267999
w/o Highlight,D:\A题代码_公式包\clear text\cam137_03-02_05-10.jpeg,0.2750415802001953,0.39783158898353577,0.7233301617882468,0.24083952934424777,0.20579888414272493,7.301418304443359,7.423617839813232,0.28088486194610596,0.318169504404068,2079.1507130173527,2574.526567979152,0.04346590909090909,0.010037878787878788,0.07220190763473511,0.08987007290124893,1.132739944840903,0.7869805303037178,0.37072880624771576
w/o Highlight,D:\A题代码_公式包\clear text\cam137_03-02_08-20 - .jpeg,0.40231701731681824,0.47637468576431274,0.8661357922987504,0.23640788496964535,0.21116361793134208,7.5371904373168945,7.471816062927246,0.4538218379020691,0.511948823928833,3626.18482960595,4811.1898045519265,0.03818063446969697,0.021330492424242425,0.1279584914445877,0.15644954144954681,1.1280832575884985,0.9278968332841989,0.5097026151656457
w/o Highlight,D:\A题代码_公式包\clear text\cam137_03-02_08-24.jpeg,0.3903328776359558,0.4685419797897339,0.851894508708607,0.24798827366400827,0.22225758680068425,7.610590934753418,7.5854291915893555,0.44996774196624756,0.5063754916191101,3509.7878911543285,4720.91504740173,0.03941169507575758,0.019093276515151514,0.12340570241212845,0.15235930681228638,1.1253595048856226,0.915609251345402,0.5096246222098557
w/o Highlight,D:\A题代码_公式包\clear text\cam137_03-02_08-41.jpeg,0.39427560567855835,0.46881604194641113,0.8523928035389292,0.23595990623135987,0.21154963593286705,7.54606819152832,7.4722137451171875,0.42264699935913086,0.48649832606315613,3379.1840259280875,4626.468738063036,0.03481001420454546,0.016293797348484847,0.11993236839771271,0.1504533439874649,1.1510748439628458,0.9214356944459648,0.5019348752204957
w/o Highlight,D:\A题代码_公式包\clear text\cam141_30-01_23-05.jpeg,0.29419952630996704,0.38250213861465454,0.6954584338448264,0.14474321440179047,0.1410332500658166,6.809493064880371,6.817231178283691,0.180241659283638,0.21564887464046478,1716.1407404262634,2132.9920483205537,0.008602430555555556,0.00902199074074074,0.051839038729667664,0.06784545630216599,1.196442995198432,0.9172158236233031,0.32133057852166186
w/o Highlight,D:\A题代码_公式包\clear text\cam143_12-02_14-15.jpeg,0.5187085866928101,0.5372874140739441,0.976886207407171,0.22085557229600436,0.19915776978364425,7.056549072265625,6.989239692687988,0.18860167264938354,0.20958995819091797,1990.8576174490909,2265.6013315474997,0.07468039772727272,0.01708096590909091,0.04387225583195686,0.05300673469901085,1.1112836640503996,0.9656317934145624,0.39019966079012525
w/o Highlight,D:\A题代码_公式包\clear text\cam143_12-02_14-30.jpeg,0.5213236808776855,0.5395421981811523,0.9809858148748224,0.22363836885276248,0.20175164477960084,6.914364337921143,6.85941219329834,0.19754400849342346,0.22048836946487427,2053.75341393547,2338.9027589671514,0.09345703125,0.033158735795454544,0.046122945845127106,0.055643849074840546,1.1161480780745783,0.9645845587409356,0.39252797984029186
w/o Highlight,D:\A题代码_公式包\clear text\cam143_12-02_15-18.jpeg,0.5171031951904297,0.5375524759292603,0.9773681380532003,0.225547976432774,0.20308126685071573,6.842679977416992,6.787440776824951,0.19459958374500275,0.21566341817378998,2012.991106752338,2291.3519420049647,0.09985795454545454,0.029279119318181817,0.04518458619713783,0.05439990386366844,1.1082419099617906,0.9649707242668746,0.38726148235183877
w/o Highlight,D:\A题代码_公式包\clear text\cam143_12-02_15-38.jpeg,0.5131589770317078,0.5354253649711609,0.9735006635839288,0.2290845248502164,0.20665612917378898,6.764614105224609,6.723431587219238,0.20144353806972504,0.22325292229652405,2046.9870665433323,2320.238404214183,0.10254202178030303,0.03731652462121212,0.04581473022699356,0.055011823773384094,1.1082655073875822,0.9640346076301435,0.38829096856578
w/o Highlight,D:\A题代码_公式包\clear text\cam143_17-02_19-37.jpeg,0.34565305709838867,0.42831921577453613,0.7787622104991565,0.22292216275947518,0.19273708577961984,7.215879917144775,7.039453506469727,0.2061181515455246,0.22146938741207123,1979.0335735366236,2265.634786070061,0.032652698863636365,0.01494436553030303,0.04926781728863716,0.05926916003227234,1.074477864575962,0.9050380366728834,0.3405894933255451
w/o Highlight,D:\A题代码_公式包\clear text\cam145_31-01_04-13.jpeg,0.32255321741104126,0.403594046831131,0.7338073578747835,0.1939314004334733,0.1687023747876844,7.264856815338135,7.05983829498291,0.18804095685482025,0.2043788582086563,1667.5369090308477,1916.7116585947465,0.013923413825757576,0.01210641571969697,0.042681317776441574,0.0525457002222538,1.0868847942640212,0.9117085463995618,0.31499451566135117
w/o Highlight,D:\A题代码_公式包\clear text\cam145_31-01_04-26.jpeg,0.3271543085575104,0.40604937076568604,0.7382715832103381,0.19480930971964025,0.17003466113046822,7.261612415313721,7.06695556640625,0.18924719095230103,0.20673522353172302,1657.436375615345,1898.2987526598492,0.014367305871212122,0.012357954545454545,0.042594872415065765,0.052554916590452194,1.0924084431401186,0.9138905623014099,0.3181147122910984
w/o Highlight,D:\A题代码_公式包\clear text\cam148_03-02_00-37 - .jpeg,0.29357635974884033,0.37825578451156616,0.6877377900210293,0.17047538666583362,0.1499864160493991,6.983057975769043,6.749866485595703,0.14017142355442047,0.1549350917339325,1546.7994177279372,1750.4482682433797,0.005980705492424242,0.007652698863636363,0.03224494308233261,0.0399671234190464,1.1053258271077908,0.9156198753553378,0.28186134650418904
w/o Highlight,D:\A题代码_公式包\clear text\cam148_03-02_01-45.jpeg,0.28534263372421265,0.3748207688331604,0.6814923069693826,0.17108515782584724,0.14976004243894178,7.021975040435791,6.809916019439697,0.13893134891986847,0.15379591286182404,1506.0896484248544,1711.6292768051385,0.005894886363636363,0.00751657196969697,0.031451694667339325,0.03928633779287338,1.1069921143348762,0.9051153053862464,0.27994991967428245
w/o Highlight,D:\A题代码_公式包\clear text\cam148_03-02_02-21.jpeg,0.34348592162132263,0.4136052131652832,0.752009478482333,0.19831203856492347,0.16736440117761678,7.257804870605469,7.020285129547119,0.1532960683107376,0.1682949960231781,1528.3390150405069,1737.912158873447,0.017252604166666668,0.008655894886363636,0.03418131172657013,0.04233156517148018,1.0978428643767908,0.9296512990353584,0.3096412744262706
w/o Highlight,D:\A题代码_公式包\clear text\cam14_02-02_09-48 - .jpeg,0.425413578748703,0.4868515431880951,0.8851846239783546,0.1874083813081124,0.1830389558616393,6.685297012329102,6.973720073699951,0.24754422903060913,0.2889384329319,2787.047944053786,3716.040296062998,0.0067708333333333336,0.008125,0.0826466754078865,0.10469880700111389,1.1672193778886504,0.9521660026644054,0.42602403541135125
w/o Highlight,D:\A题代码_公式包\clear text\cam14_02-02_09-52 - .jpeg,0.42792534828186035,0.48887839913368225,0.888869816606695,0.1886359274044126,0.18395468279013966,6.860334873199463,7.12276029586792,0.25620758533477783,0.2971661388874054,2866.4632240728683,3826.702156836532,0.006750578703703704,0.008055555555555555,0.08510448038578033,0.10729560256004333,1.1598647860560591,0.9523855979869775,0.4334379916420852
w/o Highlight,D:\A题代码_公式包\clear text\cam14_03-02_00-13 - .jpeg,0.30258801579475403,0.3866216242313385,0.7029484076933427,0.1455641274132267,0.14176514094938386,6.822500228881836,6.862246513366699,0.1868382692337036,0.21904303133487701,1721.8255004863972,2085.531261232444,0.011498842592592592,0.011724537037037037,0.050125349313020706,0.06477848440408707,1.1723670836160702,0.9205121035267088,0.3191887134489488
w/o Highlight,D:\A题代码_公式包\clear text\cam150_17-02_08-41.jpeg,0.46939927339553833,0.5114720463752747,0.929949175227772,0.204079329982614,0.18079756692943155,7.552454948425293,7.375419616699219,0.1799762099981308,0.21118700504302979,1502.060490255426,1765.3740412965096,0.011268939393939394,0.006886245265151515,0.039373431354761124,0.050567660480737686,1.1734162902791572,0.95537375875377,0.38491963422789555
w/o Highlight,D:\A题代码_公式包\clear text\cam156_02-02_10-05.jpeg,0.4457707703113556,0.49228182435035706,0.8950578624551946,0.18884048401095635,0.1829264477054324,7.310651779174805,7.295059680938721,0.35388222336769104,0.40118640661239624,4303.19022261978,5807.563008221879,0.017621527777777778,0.017682291666666666,0.1279313862323761,0.15818755328655243,1.1336721302022932,0.954869094601839,0.4992436468906758
w/o Highlight,D:\A题代码_公式包\clear text\cam156_02-02_20-25 - .jpeg,0.2985530197620392,0.40676623582839966,0.7395749742334539,0.19702557686915426,0.17931191940141147,7.251126289367676,7.277950286865234,0.2582750916481018,0.299593061208725,2559.1001531955967,3280.3552110457053,0.019748263888888888,0.017858796296296296,0.08123090863227844,0.10329727828502655,1.1599766739828838,0.8674099027208849,0.3849562391744179
w/o Highlight,D:\A题代码_公式包\clear text\cam156_03-02_01-16.jpeg,0.2538717985153198,0.3760516345500946,0.6837302446365356,0.1827877997719063,0.1699633489534978,6.981518745422363,7.071800231933594,0.25883767008781433,0.3034096360206604,2697.1107753541546,3486.488683545491,0.021030092592592593,0.01814525462962963,0.08578383177518845,0.11003703624010086,1.1722003531291811,0.8302911717012782,0.3691400564865585
w/o Highlight,D:\A题代码_公式包\clear text\cam156_03-02_03-03.jpeg,0.2815003991127014,0.39385175704956055,0.7160941037264736,0.1898937910978054,0.1747014504244485,7.189176082611084,7.2381415367126465,0.2639494836330414,0.30816319584846497,2658.427332984696,3393.4591412527247,0.018408564814814815,0.017051504629629628,0.08702878654003143,0.11032411456108093,1.1675081349872292,0.8558595579782605,0.382021471495778
w/o Highlight,D:\A题代码_公式包\clear text\cam156_17-02_07-16 - .jpeg,0.3755209147930145,0.44437792897224426,0.8079598708586259,0.1648085086128659,0.16118299986934323,7.13770055770874,7.147403717041016,0.2806984782218933,0.33786430954933167,3138.0029372946324,4478.494134787519,0.013995949074074074,0.014406828703703703,0.1015380471944809,0.13255241513252258,1.2036556402412053,0.9383840446273976,0.4397814557775016
w/o Highlight,D:\A题代码_公式包\clear text\cam156_17-02_07-24 - .jpeg,0.38921287655830383,0.4528193771839142,0.8233079585162075,0.16696330922788385,0.1632316866188567,7.175168037414551,7.183626174926758,0.28618642687797546,0.3433707356452942,3199.394287872407,4558.097670610685,0.012670717592592593,0.013385416666666667,0.10374715924263,0.13494928181171417,1.199814914557936,0.942003756901284,0.4469019332399608
w/o Highlight,D:\A题代码_公式包\clear text\cam163_02-02_10-11.jpeg,0.4537525177001953,0.5132388472557068,0.9331615404649214,0.21466981119126405,0.20599081692235305,7.474682807922363,7.545787811279297,0.4546569585800171,0.5227720141410828,4773.709633144417,6607.559217683007,0.030729166666666665,0.028781828703703705,0.1527114361524582,0.1910324990749359,1.149816437215105,0.9495181530172895,0.5690718020587444
w/o Highlight,D:\A题代码_公式包\clear text\cam16_17-02_07-12 - .jpeg,0.5214969515800476,0.5413724184036255,0.9843134880065917,0.19128926270793972,0.18086785736351318,7.296845436096191,7.310585021972656,0.3337969183921814,0.40375158190727234,2610.9924743914976,3556.8738478966566,0.03925189393939394,0.016388494318181818,0.09748320281505585,0.12590612471103668,1.2095724375180106,0.9610637512432243,0.48212357935078504
w/o Highlight,D:\A题代码_公式包\clear text\cam16_17-02_09-32 - .jpeg,0.5121505260467529,0.533844530582428,0.9706264192407781,0.184891357390776,0.17572591732093532,7.1986236572265625,7.220681667327881,0.30717891454696655,0.3763859272003174,2400.3252544349743,3290.1891952899186,0.018341619318181818,0.008611505681818182,0.09073063731193542,0.11848558485507965,1.225298727928087,0.9604531551232129,0.4670744618955357
w/o Highlight,D:\A题代码_公式包\clear text\cam16_17-02_09-54 - .jpeg,0.5195394158363342,0.5409802794456482,0.9836005080829966,0.191569556476055,0.18268785136789273,7.229541778564453,7.287149429321289,0.33107441663742065,0.403075248003006,2571.813939088545,3524.3194216579777,0.04040601325757576,0.027399976325757577,0.09767834097146988,0.12673014402389526,1.2174763110857152,0.9606829175472679,0.481710951338269
w/o Highlight,D:\A题代码_公式包\clear text\cam172_02-02_23-05.jpeg,0.303230345249176,0.3749507665634155,0.6817286664789373,0.14421556929375962,0.13627936903967655,6.593408107757568,6.448699951171875,0.13552939891815186,0.1542065441608429,1463.1462593047002,1665.1615349964793,0.005699573863636363,0.007232481060606061,0.03225869685411453,0.040849313139915466,1.1378088183091353,0.9401837516522698,0.27577214603820877
w/o Highlight,D:\A题代码_公式包\clear text\cam174_02-02_09-49.jpeg,0.3685796856880188,0.45232507586479187,0.8224092288450761,0.21444844507711122,0.20213676754677526,7.289556503295898,7.252225399017334,0.3065880239009857,0.3454686105251312,4852.41622331043,5787.365944343196,0.011103219696969696,0.014145359848484848,0.09486547857522964,0.11871049553155899,1.126817056987849,0.9334185516409064,0.4814177380866273
w/o Highlight,D:\A题代码_公式包\clear text\cam174_03-02_10-20.jpeg,0.38589370250701904,0.4418749213218689,0.8034089478579434,0.1710570666819964,0.17221719085382056,6.943169593811035,6.905028343200684,0.29496532678604126,0.3374228775501251,4591.012440419262,5439.435599882969,0.011055871212121211,0.014074337121212121,0.08838708698749542,0.11100197583436966,1.1439408232214854,0.9637446523952017,0.45557713145172185
w/o Highlight,D:\A题代码_公式包\clear text\cam174_03-02_11-43.jpeg,0.38417521119117737,0.4415358603000641,0.8027924732728438,0.1736500583676745,0.17483559339141094,6.905926704406738,6.903587341308594,0.30560460686683655,0.3473520874977112,4737.675499697879,5633.209366511686,0.010759943181818181,0.013849431818181818,0.09287196397781372,0.1161719262599945,1.1366061787881794,0.9627453014308563,0.4613431784332094
w/o Highlight,D:\A题代码_公式包\clear text\cam178_02-02_19-37.jpeg,0.3009842038154602,0.3900681138038635,0.7092147523706609,0.1888092288084913,0.17446456542472374,6.951822757720947,6.835437774658203,0.26904359459877014,0.30518996715545654,4393.992903622154,5121.8871381153285,0.015293560606060606,0.017365056818181818,0.0792446956038475,0.10037006437778473,1.1343513329843697,0.9120838277277632,0.41493908566525617
w/o Highlight,D:\A题代码_公式包\clear text\cam178_02-02_22-47.jpeg,0.2949715256690979,0.38547995686531067,0.7008726488460193,0.1823850460281181,0.16952826537608018,6.936999320983887,6.828526020050049,0.23200128972530365,0.2583881616592407,4237.0311577237,4936.465520926932,0.01631155303030303,0.018383049242424242,0.06923611462116241,0.08713653683662415,1.1137359613502895,0.9176403974020911,0.39289691615229355
w/o Highlight,D:\A题代码_公式包\clear text\cam180_02-02_09-53.jpeg,0.5271103382110596,0.5497872233390808,0.9996131333437832,0.23106485668317708,0.20878202917009311,7.105423927307129,7.0781569480896,0.25584617257118225,0.276034414768219,1809.5451121703763,2093.4654082118313,0.11027166193181819,0.03578361742424242,0.05349463224411011,0.06323178112506866,1.078907746585027,0.9802553812689401,0.4047382351123438
w/o Highlight,D:\A题代码_公式包\clear text\cam180_02-02_23-00.jpeg,0.32709214091300964,0.4155156910419464,0.7554830746217207,0.19513119617066604,0.1736110602028093,7.053857803344727,6.935109615325928,0.1996372789144516,0.2119118571281433,1497.2933043506628,1715.7666189244433,0.027965198863636364,0.024556107954545454,0.04130283743143082,0.04974750801920891,1.0614844538035204,0.9284668467109557,0.3108807365115448
w/o Highlight,D:\A题代码_公式包\clear text\cam180_03-02_09-01.jpeg,0.5312613844871521,0.5526900291442871,0.995109037919478,0.23428719155188468,0.2088837453156292,7.429990768432617,7.3224358558654785,0.2657163441181183,0.2854898273944855,1949.021088991472,2271.274734715995,0.020978338068181817,0.011961410984848484,0.05881229415535927,0.06971433758735657,1.0744157305154647,0.9769421262771344,0.4163802574104954
w/o Highlight,D:\A题代码_公式包\clear text\cam180_03-02_10-31.jpeg,0.5230116844177246,0.5457866787910461,0.9923394159837202,0.2283987192100329,0.20440731771881954,7.403241157531738,7.296298980712891,0.2583339810371399,0.28066137433052063,1883.7184565668917,2201.2963228627145,0.0699899384469697,0.014032907196969696,0.05617697164416313,0.0666535347700119,1.0864283406239468,0.9775277150692178,0.41339650524070676
w/o Highlight,D:\A题代码_公式包\clear text\cam180_17-02_07-15.jpeg,0.43628180027008057,0.49068310856819153,0.8921511064876209,0.19030905554744892,0.17783658831906132,7.207810401916504,7.152577877044678,0.2548212707042694,0.2862253487110138,1870.4819195446998,2272.382153081237,0.00791607481060606,0.009508167613636364,0.05716150254011154,0.06969393044710159,1.1232396495331738,0.9693286878389097,0.39137151864772396
w/o Highlight,D:\A题代码_公式包\clear text\cam181_17-02_08-14.jpeg,0.5189782381057739,0.5395873188972473,0.9810678525404496,0.22625086604886982,0.1998000596246423,7.127389430999756,7.0594096183776855,0.1694244146347046,0.19549745321273804,1761.491578103338,2040.782129278253,0.09261067708333333,0.015755208333333333,0.04160260409116745,0.05196564644575119,1.1538919458148564,0.965591020641353,0.39316067377769914
w/o Highlight,D:\A题代码_公式包\clear text\cam187_17-02_19-15.jpeg,0.3265188932418823,0.41687315702438354,0.7579511945897882,0.21037328680019104,0.1852106391926199,7.1766228675842285,7.097084999084473,0.196961909532547,0.2167751044034958,1902.739156182861,2223.8947958617478,0.03290719696969697,0.014734256628787879,0.04800891503691673,0.05944129079580307,1.1005940336274742,0.9020914452228104,0.3381520902706923
w/o Highlight,D:\A题代码_公式包\clear text\cam18_02-02_09-56 - .jpeg,0.4011119604110718,0.4837864339351654,0.879611698063937,0.2757359916361135,0.23585483161890983,7.404263019561768,7.55623197555542,0.30716419219970703,0.3625675439834595,3104.6452149291404,4271.234373589335,0.08609375,0.009131944444444444,0.10063394904136658,0.1290055513381958,1.1803705639890054,0.9137167814300847,0.48759608697805074
w/o Highlight,D:\A题代码_公式包\clear text\cam18_02-02_22-31 - .jpeg,0.24622124433517456,0.3753430247306824,0.6824418631466952,0.16670036316234285,0.15941439213004585,6.522079944610596,6.787961006164551,0.2621346712112427,0.3123934268951416,2688.8106180166737,3597.2094524136683,0.01988136574074074,0.020361689814814815,0.08234545588493347,0.10821329057216644,1.1917288302890592,0.8287122402759942,0.36693469087510383
w/o Highlight,D:\A题代码_公式包\clear text\cam18_03-02_03-08.jpeg,0.2878369688987732,0.3924872577190399,0.7136131958527998,0.15184147780597765,0.15040903329321373,6.688593864440918,6.825804710388184,0.2554536461830139,0.3104664087295532,2461.488052654996,3290.674959442382,0.019539930555555557,0.02013599537037037,0.07903289794921875,0.10464315116405487,1.215353288001725,0.8890429494551373,0.3750118603137819
w/o Highlight,D:\A题代码_公式包\clear text\cam190_31-01_00-14.jpeg,0.3550992012023926,0.43692728877067566,0.7944132523103193,0.18807154407989152,0.17044579191089593,7.141602993011475,7.073100566864014,0.18009787797927856,0.19891346991062164,1327.6102322630097,1520.0510947441244,0.021549479166666666,0.01853397253787879,0.03556590899825096,0.04514101520180702,1.1044742931112277,0.9377041754890909,0.32320459452543265
w/o Highlight,D:\A题代码_公式包\clear text\cam195_30-01_19-39.jpeg,0.3143550157546997,0.4171874523162842,0.758522640575062,0.25411623528503674,0.22108443004360107,7.529986381530762,7.603301048278809,0.32909077405929565,0.3485783338546753,1870.3928576067372,2201.8379343078727,0.041178385416666664,0.02019412878787879,0.06834065169095993,0.08129908889532089,1.0592163933058039,0.8436759745184692,0.37824095697596716
w/o Highlight,D:\A题代码_公式包\clear text\cam197_02-02_22-00.jpeg,0.31029653549194336,0.4127342700958252,0.750425945628773,0.17865397872362127,0.16803974382621084,7.126138687133789,7.182592391967773,0.28226909041404724,0.3269103765487671,2636.51371433396,3396.392941124057,0.018880208333333332,0.019094328703703704,0.08560316264629364,0.1085631251335144,1.1581515522852002,0.8904707582854724,0.39140806351071633
w/o Highlight,D:\A题代码_公式包\clear text\cam204_02-02_09-57.jpeg,0.4257877469062805,0.48381003737449646,0.8796546134081753,0.20717410674942752,0.19675148424901748,7.178328514099121,7.248729705810547,0.3610683083534241,0.4063253402709961,4034.321044557163,5195.629172449651,0.036278935185185185,0.02945023148148148,0.11912862211465836,0.14519235491752625,1.125342016931226,0.9453161357747029,0.4855593660512649
w/o Highlight,D:\A题代码_公式包\clear text\cam204_02-02_21-05.jpeg,0.26526734232902527,0.37196120619773865,0.6762931021777066,0.18534726480973499,0.1661192061534147,6.853494167327881,6.862033843994141,0.22271335124969482,0.25894105434417725,2276.2940834101923,2764.8596891273028,0.028489583333333332,0.011895254629629629,0.06401500105857849,0.08167721331119537,1.1626651527503622,0.848728352844992,0.3376232423318044
w/o Highlight,D:\A题代码_公式包\clear text\cam204_02-02_23-56.jpeg,0.29014813899993896,0.3938133716583252,0.7160243121060458,0.1927312642311601,0.1723660710827733,7.029225826263428,7.035922527313232,0.24639052152633667,0.2839578688144684,2385.3649703569745,2904.348232330247,0.031689814814814816,0.013509837962962963,0.07051670551300049,0.08936994522809982,1.1524707538943504,0.858750896741001,0.3588694106761387
w/o Highlight,D:\A题代码_公式包\clear text\cam208_02-02_23-43.jpeg,0.2645230293273926,0.37986525893211365,0.6906641071492975,0.18412944294389857,0.16908149360037736,6.854110240936279,6.886536598205566,0.25712135434150696,0.2983139753341675,2526.4917126608766,3168.3125945023144,0.02572337962962963,0.016843171296296297,0.07683345675468445,0.09788602590560913,1.1602068220799502,0.8568962752984436,0.3594851390473855
w/o Highlight,D:\A题代码_公式包\clear text\cam20_02-02_09-48 - .jpeg,0.433753103017807,0.49943023920059204,0.9080549803647128,0.24604119226784882,0.2225768085944754,7.623144149780273,7.6161956787109375,0.4295238256454468,0.48061561584472656,3595.1952484886096,4524.784693507247,0.009824810606060606,0.01201467803030303,0.12228293716907501,0.14675824344158173,1.1189498924118055,0.93777920552561,0.5118473348796079
w/o Highlight,D:\A题代码_公式包\clear text\cam20_02-02_20-27 - .jpeg,0.3118704557418823,0.41656383872032166,0.757388797673312,0.2097366545430236,0.18762642973919363,7.316989421844482,7.333718299865723,0.2274230420589447,0.25785738229751587,1925.6879524061414,2302.344966261043,0.02996863162878788,0.014923650568181818,0.05418739467859268,0.06817013025283813,1.1338226042533575,0.8806379737515052,0.36014482665002173
w/o Highlight,D:\A题代码_公式包\clear text\cam20_03-02_09-37 - .jpeg,0.42841875553131104,0.498256653547287,0.9059211882677944,0.2442927569216675,0.2245283740568859,7.590270519256592,7.643462657928467,0.45308756828308105,0.5066320300102234,3804.178465180402,4770.344287941111,0.03676313920454546,0.028814512310606062,0.12975367903709412,0.15536412596702576,1.1181767953940478,0.9400988116666226,0.5228516869402907
w/o Highlight,D:\A题代码_公式包\clear text\cam213_03-02_09-42.jpeg,0.5103495121002197,0.5394150614738464,0.9807546572251753,0.22963389001717865,0.20414999440575307,7.4589972496032715,7.288702011108398,0.25393420457839966,0.28268861770629883,1751.858736912716,2049.6365638484112,0.04533617424242424,0.015352746212121212,0.053465258330106735,0.06496076285839081,1.1132356756550408,0.9664081133749349,0.41237777915994633
w/o Highlight,D:\A题代码_公式包\clear text\cam217_02-02_10-12.jpeg,0.429484099149704,0.470954030752182,0.8562800559130581,0.16727344484763587,0.15667472571236774,7.160552024841309,7.042750835418701,0.2021077275276184,0.2315916270017624,1477.9653163205735,1739.674254361539,0.00537109375,0.006744199810606061,0.041851941496133804,0.052262064069509506,1.145882097274519,0.9686026766701812,0.3542491846635562
w/o Highlight,D:\A题代码_公式包\clear text\cam217_02-02_22-14.jpeg,0.32912367582321167,0.4225602447986603,0.7682913541793823,0.18497688819934538,0.17557988900584,6.940121650695801,6.947914123535156,0.25151681900024414,0.28270500898361206,1650.60771162858,1994.6938917125003,0.006995738636363637,0.008984375,0.053312722593545914,0.06654451042413712,1.1240004058746187,0.9266890223222932,0.35146880232187355
w/o Highlight,D:\A题代码_公式包\clear text\cam219_12-02_14-11.jpeg,0.5230683088302612,0.5372012853622437,0.9767296097495338,0.24670342007792379,0.21380449948718488,7.45262336730957,7.316898345947266,0.16899456083774567,0.18925516307353973,2029.9695992823058,2281.140195562741,0.06899562026515152,0.01161517518939394,0.04131763428449631,0.05001523718237877,1.1198890971300373,0.9632622055279789,0.40177081533604586
w/o Highlight,D:\A题代码_公式包\clear text\cam219_17-02_07-23.jpeg,0.5172582268714905,0.5362581014633179,0.9750147299333052,0.23336481924995353,0.20525144305348608,7.464069843292236,7.3127312660217285,0.18067467212677002,0.20508861541748047,2079.79708100135,2371.0013523809753,0.022676964962121213,0.011123934659090909,0.04498787224292755,0.05510980635881424,1.1351265397525268,0.9612918862020464,0.4063127007141345
w/o Highlight,D:\A题代码_公式包\clear text\cam223_02-02_20-10.jpeg,0.2088296115398407,0.34600961208343506,0.6291083856062455,0.1546348194056408,0.14206265672593893,6.307554244995117,6.397943019866943,0.14892050623893738,0.17708556354045868,1687.4899537020624,2049.9246609639486,0.01894675925925926,0.015251736111111112,0.04401829466223717,0.058090176433324814,1.1891281704279333,0.806120306916269,0.27317708696567
w/o Highlight,D:\A题代码_公式包\clear text\cam223_17-02_07-40.jpeg,0.4101335406303406,0.4573875665664673,0.8316137573935768,0.17385384198198783,0.16522584338161925,7.011262893676758,6.996808052062988,0.21184377372264862,0.24876554310321808,1786.9067187135297,2239.331351212657,0.008278356481481482,0.009565972222222222,0.05599761754274368,0.07164797931909561,1.174287788181973,0.9614611742380279,0.370994218615012
w/o Highlight,D:\A题代码_公式包\clear text\cam223_17-02_20-11.jpeg,0.24764880537986755,0.36019256711006165,0.6548955765637484,0.1924282372189158,0.16065470622222905,6.585716247558594,6.4817962646484375,0.14304658770561218,0.15700289607048035,1440.3654890036164,1687.099282171103,0.030338541666666666,0.010396412037037037,0.03455556556582451,0.044120073318481445,1.097564837362133,0.8306122228186397,0.2595439406030306
w/o Highlight,D:\A题代码_公式包\clear text\cam223_17-02_20-42.jpeg,0.2897794544696808,0.37879273295402527,0.6887140599164095,0.16807233772777352,0.14654189447341925,6.905741214752197,6.723067283630371,0.13688693940639496,0.15383939445018768,1413.7927574568303,1644.2511614228345,0.01659722222222222,0.009594907407407408,0.03332369774580002,0.04250483587384224,1.1238427472855685,0.9088480824306381,0.2795453545762161
w/o Highlight,D:\A题代码_公式包\clear text\cam23_03-02_01-52 - .jpeg,0.2966262996196747,0.37542036175727844,0.6825824759223245,0.13466613120687704,0.13556886366648707,6.550930500030518,6.601873397827148,0.16670888662338257,0.20084549486637115,1698.5361129917642,2094.621382003311,0.008153935185185186,0.009528356481481481,0.04665429890155792,0.06164463981986046,1.2047678460638076,0.9324716146753323,0.31170962807523944
w/o Highlight,D:\A题代码_公式包\clear text\cam23_17-02_19-25 - .jpeg,0.28572556376457214,0.3700738251209259,0.6728615002198652,0.16026653537510654,0.14271676100285166,6.5880560874938965,6.3975725173950195,0.13315512239933014,0.15499411523342133,1628.6478066003033,1955.8013941692589,0.014554398148148148,0.010219907407407407,0.039349716156721115,0.05097750946879387,1.1640116602851618,0.918118555584781,0.2839261783470265
w/o Highlight,D:\A题代码_公式包\clear text\cam245_02-02_22-06.jpeg,0.2840006351470947,0.4081590175628662,0.7421073046597566,0.23084423765321924,0.19891240154673462,7.325503826141357,7.456772327423096,0.27257803082466125,0.31903839111328125,1042.9568289361032,1422.7887927977156,0.024849076704545454,0.003731652462121212,0.06421543657779694,0.08200966566801071,1.1704478822945985,0.8080089645600829,0.35650232089205025
w/o Highlight,D:\A题代码_公式包\clear text\cam245_17-02_08-16.jpeg,0.44812455773353577,0.5124567747116089,0.9317395903847434,0.2241473731888966,0.21114076139956092,7.674623012542725,7.638128280639648,0.44583937525749207,0.5045803785324097,3742.2073267323785,4931.16073565435,0.014527107007575757,0.016687381628787877,0.12536169588565826,0.15313497185707092,1.1317537555070145,0.941073501701998,0.5295670743429102
w/o Highlight,D:\A题代码_公式包\clear text\cam245_17-02_09-21.jpeg,0.46433645486831665,0.5109818577766418,0.9290579232302578,0.1960719750975638,0.18764560220455673,7.488080024719238,7.435933589935303,0.3607501983642578,0.40016961097717285,3017.6789189265646,3867.828724796857,0.013109611742424242,0.016728811553030302,0.09459865093231201,0.11364045739173889,1.1092706405415922,0.9665198123749374,0.46612223987517376
w/o Highlight,D:\A题代码_公式包\clear text\cam245_17-02_20-38.jpeg,0.3003353774547577,0.41224077343940735,0.7495286789807405,0.23320459056242654,0.2059669982751649,7.408227920532227,7.524500846862793,0.2427177131175995,0.2728591561317444,2052.6313491078577,2507.9696149146835,0.04315814393939394,0.014322916666666666,0.06132237985730171,0.07701887935400009,1.1241831451111235,0.8161660714968345,0.3680385336260779
w/o Highlight,D:\A题代码_公式包\clear text\cam245_17-02_20-47.jpeg,0.3330221474170685,0.4371366500854492,0.7947939092462712,0.23570241657401403,0.20780595199519875,7.497023582458496,7.575331687927246,0.2533687651157379,0.28428199887275696,2196.9403823276657,2698.3554620432787,0.048384232954545456,0.0166015625,0.06717271357774734,0.0829109326004982,1.1220089662375634,0.8550383225774525,0.3889678172020969
w/o Highlight,D:\A题代码_公式包\clear text\cam252_03-02_01-47.jpeg,0.32606789469718933,0.4284333288669586,0.7789696888490156,0.22083260660393533,0.20093054543302258,7.4488115310668945,7.5368852615356445,0.3290231227874756,0.3814140260219574,2079.8479314356055,2672.021167349478,0.027681107954545453,0.015121922348484848,0.0756518542766571,0.09724098443984985,1.1592316781451912,0.8651522961161201,0.41409169081370095
w/o Highlight,D:\A题代码_公式包\clear text\cam255_17-02_08-11.jpeg,0.472038596868515,0.4984760582447052,0.9063201058994639,0.1945828015747981,0.17941284890752,7.277055263519287,7.189815521240234,0.3116835057735443,0.37538865208625793,2486.0959367340397,3211.983163564242,0.02888849431818182,0.012843276515151516,0.08660878986120224,0.11180973798036575,1.2043904925457234,0.9485434828989013,0.44917765589105096
w/o Highlight,D:\A题代码_公式包\clear text\cam255_17-02_09-21.jpeg,0.4791506826877594,0.5042739510536194,0.9168617291883988,0.19607765503569688,0.18004535164112248,7.303783416748047,7.240257263183594,0.2990362048149109,0.3592131733894348,2223.0226385068936,2797.6251680484133,0.02648259943181818,0.011372514204545454,0.07728057354688644,0.09941225498914719,1.2012363435168005,0.9485908653443705,0.4395767116958694
w/o Highlight,D:\A题代码_公式包\clear text\cam255_17-02_09-32.jpeg,0.4712257981300354,0.49971678853034973,0.9085759791460903,0.19420167823386705,0.18194533687551873,7.237849235534668,7.203582763671875,0.32556527853012085,0.3911534249782562,2758.408625967684,3640.6551520590524,0.03104285037878788,0.013689630681818181,0.09560458362102509,0.12332537025213242,1.2014592492238652,0.9486178199494109,0.46300593277962804
w/o Highlight,D:\A题代码_公式包\clear text\cam281_17-02_19-39.jpeg,0.2697230875492096,0.3775603473186493,0.6864733587611804,0.181337725350045,0.16268975958043233,7.0127668380737305,7.011611461639404,0.2684192657470703,0.3126192092895508,2217.0226248423173,2762.7747414675537,0.023763020833333332,0.012772253787878787,0.07427991926670074,0.09443654119968414,1.164667478276145,0.8607934375321353,0.3551459682766047
w/o Highlight,D:\A题代码_公式包\clear text\cam287_02-02_20-52.jpeg,0.31795287132263184,0.4254842698574066,0.7736077633771029,0.20329115406557843,0.18449297566004236,7.414028167724609,7.430629730224609,0.2712878882884979,0.30209147930145264,1925.724907618112,2436.141041762472,0.025423177083333335,0.02177734375,0.06484318524599075,0.07985145598649979,1.1135457062276057,0.8859004063222106,0.3723976505153353
w/o Highlight,D:\A题代码_公式包\clear text\cam287_02-02_21-07.jpeg,0.3377175033092499,0.4423445761203766,0.8042628656734119,0.23704096323110108,0.21261206688858747,7.546860218048096,7.604894638061523,0.3681195080280304,0.42128247022628784,2685.0351724086845,3506.4772171818827,0.04373224431818182,0.02744140625,0.0992831438779831,0.12395993620157242,1.1444176839479798,0.8720651201303831,0.44803366300618847
w/o Highlight,D:\A题代码_公式包\clear text\cam287_02-02_22-34.jpeg,0.30875369906425476,0.42027342319488525,0.7641334967179731,0.20372196170321052,0.18628053373309317,7.373979568481445,7.414058208465576,0.3406059145927429,0.40023717284202576,2563.207676385401,3307.7154275183416,0.028776041666666665,0.02215613162878788,0.09488378465175629,0.12006902694702148,1.1750740544302039,0.8627500474701489,0.42161722283889813
w/o Highlight,D:\A题代码_公式包\clear text\cam287_03-02_00-16.jpeg,0.30909162759780884,0.4218396842479706,0.7669812440872192,0.2116899703075038,0.19172732949659238,7.372553825378418,7.429939270019531,0.32883960008621216,0.37564727663993835,2571.428705036585,3239.2664596132977,0.03270596590909091,0.025026633522727274,0.09077692031860352,0.11219493299722672,1.1423419905369194,0.8632588542046539,0.4107474740721583
w/o Highlight,D:\A题代码_公式包\clear text\cam287_03-02_08-01.jpeg,0.4388352334499359,0.5036017894744873,0.9156396172263405,0.22975276156326388,0.21497068724698704,7.586516380310059,7.603135108947754,0.48270517587661743,0.5444565415382385,3816.184644633513,5067.121202928728,0.03967211174242424,0.031303267045454546,0.13814319670200348,0.16776277124881744,1.1279276348799145,0.9448926229940247,0.5371108985081304
w/o Highlight,D:\A题代码_公式包\clear text\cam291_02-02_23-16.jpeg,0.2902068793773651,0.3893212378025055,0.7078567960045554,0.1728145143973026,0.16901245077020222,7.196248531341553,7.245434761047363,0.3090861439704895,0.36834102869033813,2472.622299067915,3222.953292433605,0.009845525568181818,0.011263020833333333,0.08340784162282944,0.10804503411054611,1.1917100075628972,0.8853103535010787,0.39979849751855295
w/o Highlight,D:\A题代码_公式包\clear text\cam291_02-02_23-35.jpeg,0.2977786660194397,0.39303046464920044,0.714600844816728,0.17064208080863402,0.16791850312533302,7.183636665344238,7.224111557006836,0.3093957006931305,0.3695516884326935,2486.8772401885008,3241.936930809468,0.009978693181818182,0.011493844696969697,0.0834631472826004,0.10804999619722366,1.1944305623300704,0.8935709189550818,0.40243652497877613
w/o Highlight,D:\A题代码_公式包\clear text\cam291_02-02_23-53.jpeg,0.292831689119339,0.391055703163147,0.7110103693875399,0.17178168429296903,0.16781608660271874,7.199439525604248,7.235574722290039,0.3051948845386505,0.36234843730926514,2492.5123129803414,3220.0954694836455,0.009599905303030303,0.0111328125,0.08297672122716904,0.10688220709562302,1.187269070816943,0.8884996409457623,0.397645838204085
w/o Highlight,D:\A题代码_公式包\clear text\cam291_12-02_13-38.jpeg,0.4670604467391968,0.5068386197090149,0.9215247631072997,0.2048011086642606,0.1958538848069986,7.311505317687988,7.3339524269104,0.4157518148422241,0.47314217686653137,3567.4021881733697,4634.208312927952,0.03209339488636364,0.02674893465909091,0.12134191393852234,0.14937010407447815,1.1380398987523086,0.9485715789531607,0.5006834427329216
w/o Highlight,D:\A题代码_公式包\clear text\cam291_17-02_09-00.jpeg,0.47112372517585754,0.5120522379875183,0.9310040690682151,0.20625417009820401,0.19624107317342537,7.434890270233154,7.432059288024902,0.42544466257095337,0.48601144552230835,3642.7487620890174,4734.472744597329,0.02138080018939394,0.020981297348484848,0.12374772131443024,0.15264788269996643,1.1423611741101662,0.9462468480135998,0.5112505592075001
w/o Highlight,D:\A题代码_公式包\clear text\cam291_17-02_19-30.jpeg,0.26947835087776184,0.38383376598358154,0.6978795745156028,0.19040500068657562,0.1783241930866386,7.047173976898193,7.155355453491211,0.3061869442462921,0.3499194383621216,2675.673807640522,3344.1066335277364,0.022419507575757575,0.015189985795454546,0.08754818886518478,0.10848984122276306,1.1428294056281756,0.8642918778669302,0.38431363954754455
w/o Highlight,D:\A题代码_公式包\clear text\cam294_03-02_07-23.jpeg,0.49264582991600037,0.5290195345878601,0.9618536992506547,0.2277430572378335,0.20612679279102866,7.5054707527160645,7.460172176361084,0.3808749318122864,0.44588544964790344,3333.5596593335836,4449.910746585568,0.008928148674242424,0.011789772727272727,0.11325427144765854,0.14187924563884735,1.170687314809287,0.95375849920699,0.5138118172914976
w/o Highlight,D:\A题代码_公式包\clear text\cam296_17-02_20-02.jpeg,0.24301299452781677,0.3662574887275696,0.6659227067773992,0.19912933763027613,0.1788912013558298,6.978327751159668,7.145012855529785,0.2817787528038025,0.3335719108581543,2345.76176186798,2969.1071407014674,0.030705492424242423,0.014245975378787879,0.07615751773118973,0.09907449036836624,1.1838078452596004,0.7842181112859167,0.3652804962575784
w/o Highlight,D:\A题代码_公式包\clear text\cam2_02-02_21-12 - .jpeg,0.31960001587867737,0.40774303674697876,0.7413509759035977,0.17876810955986663,0.16085681588971507,7.182704925537109,7.044863224029541,0.22403186559677124,0.26172682642936707,1614.6317330262857,1955.3666516012047,0.013914535984848484,0.01104403409090909,0.05442877858877182,0.0693412572145462,1.1682571776656931,0.9092603655386798,0.3430476238735845
w/o Highlight,D:\A题代码_公式包\clear text\cam301_17-02_19-26.jpeg,0.2713843286037445,0.3671262264251709,0.667502229863947,0.18047690387680548,0.16045597906472833,7.052769660949707,7.000899791717529,0.17513437569141388,0.19826270639896393,1619.7205659617978,1861.0692224066363,0.024946732954545456,0.009555516098484849,0.03961608186364174,0.05038539320230484,1.1320604768415634,0.8633076068239058,0.29966309452209355
w/o Highlight,D:\A题代码_公式包\clear text\cam313_02-02_10-18.jpeg,0.46594738960266113,0.5011154413223267,0.911118984222412,0.19423490619887596,0.18144563777739187,7.119455814361572,7.098384857177734,0.31757307052612305,0.37110212445259094,2420.500689251657,3171.88948076313,0.035970052083333336,0.023141571969696968,0.08876713365316391,0.11157296597957611,1.1685566693193625,0.9639634579404576,0.4399459483422942
w/o Highlight,D:\A题代码_公式包\clear text\cam313_02-02_10-29.jpeg,0.4618646800518036,0.5007045865058899,0.9103719754652543,0.19518125885984933,0.1832580734265934,7.063117980957031,7.0907464027404785,0.3208010196685791,0.3740340769290924,2508.803414356207,3289.9678823894483,0.040077533143939394,0.02577533143939394,0.09101385623216629,0.11402115225791931,1.1659379637553617,0.9638983595178434,0.44284259713392776
w/o Highlight,D:\A题代码_公式包\clear text\cam313_03-02_00-03.jpeg,0.28337886929512024,0.3886801600456238,0.7066912000829523,0.17176583181629393,0.16214388140902328,7.0388312339782715,7.0785980224609375,0.2820214629173279,0.3368711471557617,2029.4458177115614,2595.9571418100063,0.01591796875,0.0142578125,0.07739301025867462,0.10010050982236862,1.1944876489281628,0.8801210207672787,0.37008442823510473
w/o Highlight,D:\A题代码_公式包\clear text\cam313_03-02_10-22.jpeg,0.4503353238105774,0.492141455411911,0.8948026462034745,0.19936505780768696,0.18186561384008743,7.4006876945495605,7.306975841522217,0.3163479268550873,0.36922338604927063,2333.760353407811,3061.511065118928,0.02003136837121212,0.01405066287878788,0.0869036465883255,0.10918233543634415,1.167143318272599,0.9576338132499633,0.439123532380043
w/o Highlight,D:\A题代码_公式包\clear text\cam315_02-02_22-54.jpeg,0.3443772792816162,0.43283140659332275,0.7869661938060413,0.2081517827471672,0.18683903436169896,7.252663612365723,7.264307975769043,0.23712094128131866,0.27266043424606323,1877.0940315372688,2293.366547857027,0.028870738636363635,0.012162642045454546,0.060689639300107956,0.07743700593709946,1.149879213970664,0.9043428387701452,0.372237496912206
w/o Highlight,D:\A题代码_公式包\clear text\cam315_03-02_00-21.jpeg,0.35004109144210815,0.43304285407066345,0.7873506437648425,0.2099377502393732,0.18195952791708855,7.267601013183594,7.204951763153076,0.22113041579723358,0.25238120555877686,1788.4567619554134,2139.749206894348,0.03188032670454546,0.011940696022727272,0.057260945439338684,0.07216791063547134,1.141322905404962,0.9071168551467742,0.35920088899991653
w/o Highlight,D:\A题代码_公式包\clear text\cam315_31-01_03-02.jpeg,0.34420278668403625,0.4310801327228546,0.7837820594960992,0.21382199416934444,0.19306592237173906,7.4153337478637695,7.474991798400879,0.22101029753684998,0.25879552960395813,1776.480110472083,2169.0487471818183,0.02138671875,0.008842329545454546,0.0560099296271801,0.07292727380990982,1.1709659517146995,0.8902131116350335,0.3763950312115923
w/o Highlight,D:\A题代码_公式包\clear text\cam320_03-02_00-40.jpeg,0.330578476190567,0.42168334126472473,0.7666969841176813,0.201113293528846,0.1813401667774257,7.290308475494385,7.227036476135254,0.2683147192001343,0.30728551745414734,2056.4398840679523,2555.301105191675,0.019386245265151515,0.014015151515151515,0.0722976103425026,0.09051927924156189,1.1452428691012768,0.9030790398788561,0.37743091036665166
w/o Highlight,D:\A题代码_公式包\clear text\cam323_02-02_19-13.jpeg,0.2641791105270386,0.36636748909950256,0.666122707453641,0.16945818233878,0.15496340665626082,6.874680519104004,6.784887313842773,0.20774830877780914,0.23698458075523376,2072.0594723163863,2480.9879209613973,0.01572857481060606,0.014521188446969696,0.05726361647248268,0.07144942879676819,1.1407292983592987,0.8840297298179312,0.31795952030944064
w/o Highlight,D:\A题代码_公式包\clear text\cam323_02-02_21-12.jpeg,0.2751135528087616,0.3741605877876282,0.6802919777956875,0.16859555733780343,0.15532202703816578,6.931291580200195,6.901792049407959,0.21779179573059082,0.250256210565567,2099.9643757521153,2539.2997242736733,0.017510061553030302,0.01582327178030303,0.060775261372327805,0.07609197497367859,1.1490616551638966,0.8914078792661023,0.330080216996077
w/o Highlight,D:\A题代码_公式包\clear text\cam327_02-02_20-26.jpeg,0.2902718186378479,0.3856167793273926,0.7011214169588955,0.14892003477418542,0.14752668166079433,6.813596248626709,6.885469436645508,0.22460828721523285,0.259456604719162,1781.0987710012134,2261.986233769777,0.010715553977272727,0.01202059659090909,0.057094279676675797,0.07255923002958298,1.1551516095260215,0.9220459704708751,0.3318502866681753
w/o Highlight,D:\A题代码_公式包\clear text\cam327_02-02_21-38.jpeg,0.2923278212547302,0.3794745206832886,0.6899536739696155,0.1438644358300394,0.1431859353693631,6.727465629577637,6.758017539978027,0.2170652449131012,0.25299564003944397,1762.4051382015339,2250.1255410350363,0.009232954545454546,0.010392992424242424,0.05766313150525093,0.07321012020111084,1.165528011523008,0.9323416797954979,0.3267455695260463
w/o Highlight,D:\A题代码_公式包\clear text\cam327_03-02_01-07.jpeg,0.3074169158935547,0.3928496241569519,0.7142720439217307,0.1534570389872012,0.14800955962540696,6.798798084259033,6.859184265136719,0.21245375275611877,0.24543848633766174,1738.960974525254,2186.9361834422198,0.014000355113636363,0.013396661931818182,0.05558641627430916,0.07027929276227951,1.155256041876836,0.9361548836997684,0.33035403407122227
w/o Highlight,D:\A题代码_公式包\clear text\cam331_17-02_07-45.jpeg,0.5210294723510742,0.5461555123329163,0.993010022423484,0.2317626948157692,0.21320605185890235,7.505138397216797,7.488276481628418,0.3557065427303314,0.421818345785141,3336.118863770316,4537.353260142394,0.011840080492424243,0.013420336174242424,0.10812323540449142,0.13721247017383575,1.1858604675887812,0.9540019427785648,0.522729435716722
w/o Highlight,D:\A题代码_公式包\clear text\cam335_02-02_21-18.jpeg,0.2866123914718628,0.3928355872631073,0.7142465222965586,0.20029771093695994,0.18071953517227551,7.153689384460449,7.203775405883789,0.29740363359451294,0.3521655797958374,2704.8390282293763,3459.2581821556455,0.023496685606060608,0.011940696022727272,0.09151406586170197,0.1161157414317131,1.1841333836473988,0.8579259016837374,0.3998723616606082
w/o Highlight,D:\A题代码_公式包\clear text\cam335_17-02_08-17.jpeg,0.5292103886604309,0.5320422053337097,0.9673494642431085,0.18453414734514326,0.17792949739014574,7.003998756408691,7.0479607582092285,0.246600940823555,0.2954575717449188,2312.686962445883,2929.6007944195594,0.011123934659090909,0.012662760416666667,0.06744281947612762,0.08622628450393677,1.1981202421868251,0.9643190352579699,0.43309359724354635
w/o Highlight,D:\A题代码_公式包\clear text\cam338_17-02_20-48.jpeg,0.2979084253311157,0.3886333107948303,0.7066060196269641,0.17363796901448178,0.15572154258451543,6.918959617614746,6.821187973022461,0.21827130019664764,0.25467386841773987,1765.7460757392955,2103.797892718355,0.022342566287878788,0.01494140625,0.05521482229232788,0.06997667253017426,1.1667766909378015,0.9104695400104333,0.33076317547525036
w/o Highlight,D:\A题代码_公式包\clear text\cam338_30-01_19-57.jpeg,0.3117820918560028,0.39546990394592285,0.7190361889925869,0.17887046376331048,0.15863583182116253,7.072986602783203,6.8860673904418945,0.1585526317358017,0.1732885241508484,1509.6167917176188,1695.030901595178,0.02196081912878788,0.016654829545454546,0.03472014516592026,0.04269875958561897,1.09294006457193,0.9232106683344007,0.29456472337017925
w/o Highlight,D:\A题代码_公式包\clear text\cam338_30-01_20-09.jpeg,0.3167049288749695,0.4000498354434967,0.7273633371699939,0.18053619027849566,0.15895456508793657,7.037978172302246,6.859400272369385,0.15827886760234833,0.17345862090587616,1499.2990746868543,1699.4384432547545,0.023295454545454546,0.015749289772727274,0.03483080118894577,0.043016042560338974,1.0959051448132082,0.924535010720813,0.29651927849667836
w/o Highlight,D:\A题代码_公式包\clear text\cam33_03-02_00-20 - .jpeg,0.3419625163078308,0.4358066916465759,0.7923758029937744,0.19075390481825286,0.18098149162431804,7.299097537994385,7.346461772918701,0.3712427616119385,0.43482649326324463,2812.973721846054,3731.5386664026346,0.02382220643939394,0.020081676136363635,0.10315130650997162,0.13051658868789673,1.1712726604546355,0.9090916958398244,0.44583283869683504
w/o Highlight,D:\A题代码_公式包\clear text\cam342_12-02_13-39.jpeg,0.5134406685829163,0.5522096753120422,0.9959824085235597,0.27477548955462483,0.24321176271084002,7.603672027587891,7.634429931640625,0.3860916793346405,0.43792057037353516,3121.2606686724253,3909.5835990195023,0.12429865056818182,0.03116714015151515,0.10338874161243439,0.12523989379405975,1.1342398814799293,0.9524408579020739,0.5170196478518234
w/o Highlight,D:\A题代码_公式包\clear text\cam342_30-01_11-13.jpeg,0.41445720195770264,0.49008050560951233,0.8910554647445678,0.2824818083016655,0.2518428548420461,7.662540435791016,7.795271396636963,0.6285414695739746,0.7106974124908447,5979.906272242723,7947.002043412044,0.08415601325757575,0.03201941287878788,0.19295933842658997,0.2334785759449005,1.1307088815062933,0.9125955836966456,0.6524956407313871
w/o Highlight,D:\A题代码_公式包\clear text\cam343_02-02_10-02.jpeg,0.4792594313621521,0.5255244374275208,0.9554989771409468,0.2683384435329303,0.23686940714459498,7.577027320861816,7.621209621429443,0.4046594202518463,0.45917725563049316,3348.8807236442794,4301.860945223895,0.034141216856060606,0.018125591856060608,0.11334922164678574,0.1386108249425888,1.1347252958338057,0.9465328455480222,0.5205312883410783
w/o Highlight,D:\A题代码_公式包\clear text\cam343_02-02_10-30.jpeg,0.4957522451877594,0.540833055973053,0.9833328290419144,0.2844903594526183,0.2520129468918892,7.440582275390625,7.564630031585693,0.41251641511917114,0.46573618054389954,3403.4745611325307,4338.737455886468,0.14172289299242424,0.03662109375,0.11493540555238724,0.13994275033473969,1.1290124484277093,0.9475057238376644,0.5299603453336142
w/o Highlight,D:\A题代码_公式包\clear text\cam343_17-02_07-41.jpeg,0.5166652798652649,0.554437518119812,0.9919317852367056,0.251740582829906,0.22438638656198648,7.699215888977051,7.639407157897949,0.3767858147621155,0.4270588457584381,3100.5274349744304,4100.502789673048,0.061073626893939394,0.014849668560606061,0.10607830435037613,0.13021473586559296,1.1334260482117369,0.9570130358226827,0.5115042945309279
w/o Highlight,D:\A题代码_公式包\clear text\cam346_02-02_10-18.jpeg,0.5031973123550415,0.5398555397987366,0.9815555269067937,0.2507783468988353,0.2207520599212134,7.420135498046875,7.378125190734863,0.23392841219902039,0.25463709235191345,1674.5451454619379,1905.4755466628535,0.019365530303030305,0.008235677083333334,0.045846421271562576,0.0548475906252861,1.088525694288168,0.9621002875237638,0.40727417611378247
w/o Highlight,D:\A题代码_公式包\clear text\cam351_02-02_22-35.jpeg,0.2734836935997009,0.3853418529033661,0.7006215507333928,0.18390589103896884,0.1693243948604111,6.8776679039001465,6.93475341796875,0.27980878949165344,0.3137751519680023,2558.679998296934,3207.0875094873427,0.023162286931818182,0.018501420454545454,0.07850117236375809,0.0965418815612793,1.121391337820715,0.8761759023922797,0.3616209164694847
w/o Highlight,D:\A题代码_公式包\clear text\cam351_03-02_07-27.jpeg,0.4914361536502838,0.521608293056488,0.94837871464816,0.19955735516902234,0.18791933422613094,7.392500400543213,7.3751678466796875,0.3474911153316498,0.39887747168540955,2721.520790652125,3466.9798687895127,0.0363961884469697,0.03285688920454546,0.09533181041479111,0.11805207282304764,1.147878123912711,0.9586349309338591,0.46298064899583885
w/o Highlight,D:\A题代码_公式包\clear text\cam351_03-02_07-44.jpeg,0.5076578855514526,0.5308830142021179,0.9652418440038507,0.20148769625981255,0.1884692249138653,7.394240379333496,7.336596965789795,0.322848916053772,0.366240531206131,2664.073935541402,3391.873240060509,0.03650864109848485,0.033123224431818185,0.08896245062351227,0.1093827411532402,1.1344021738727512,0.9638798206565516,0.45410415615761035
w/o Highlight,D:\A题代码_公式包\clear text\cam351_03-02_09-40.jpeg,0.5125780701637268,0.5262625813484192,0.9568410569971257,0.19330166162358436,0.17919808559498823,7.285239219665527,7.229190349578857,0.24635303020477295,0.27780377864837646,2078.891729063624,2589.8396472394875,0.03258463541666667,0.02686434659090909,0.06356427073478699,0.07798320055007935,1.1276653988257879,0.9717811049425304,0.40886907523014215
w/o Highlight,D:\A题代码_公式包\clear text\cam353_17-02_17-31.jpeg,0.4035477936267853,0.4710582494735718,0.8564695444974032,0.19638598967766824,0.18226579923622924,7.332972049713135,7.304988861083984,0.26675957441329956,0.30627283453941345,2009.997804006326,2532.7430515357264,0.034913589015151514,0.026340553977272727,0.07012960314750671,0.08861774951219559,1.148123132781165,0.9428505586401031,0.39941095538143906
w/o Highlight,D:\A题代码_公式包\clear text\cam359_02-02_21-03.jpeg,0.2795133590698242,0.38534069061279297,0.7006194374778054,0.1693302498347997,0.164041567535035,7.134947776794434,7.201905250549316,0.3163103461265564,0.38242432475090027,2386.888250386463,3154.5350515641976,0.008365885416666666,0.00918856534090909,0.08561498671770096,0.11157926172018051,1.2090161372019232,0.8751777816282311,0.39940086459994034
w/o Highlight,D:\A题代码_公式包\clear text\cam359_02-02_21-18.jpeg,0.26817789673805237,0.37607771158218384,0.6837776574221524,0.16730815093148035,0.16182303609058188,7.053913116455078,7.133026123046875,0.3065095543861389,0.37314939498901367,2316.550377294227,3099.436533801908,0.007096354166666667,0.008250473484848486,0.08369949460029602,0.11005710810422897,1.2174152788513808,0.8685840617397309,0.3914435795494088
w/o Highlight,D:\A题代码_公式包\clear text\cam361_03-02_09-40.jpeg,0.47419866919517517,0.5187826156616211,0.9432411193847655,0.2132292236271494,0.20372236320913512,7.475466728210449,7.470852851867676,0.4472214877605438,0.5137065052986145,3629.071645080936,4746.77291615212,0.01229580965909091,0.014583333333333334,0.1306496411561966,0.16051988303661346,1.1486624147148263,0.9542952001284214,0.5266670758474501
w/o Highlight,D:\A题代码_公式包\clear text\cam366_03-02_00-12.jpeg,0.3298685848712921,0.42610833048820496,0.7747424190694635,0.2217964171894714,0.19811222863132003,7.52022647857666,7.534694671630859,0.3269497752189636,0.37654536962509155,2522.113675216582,3138.6294770519794,0.029660866477272726,0.014136482007575758,0.09085330367088318,0.11331871151924133,1.1516917465244478,0.8516455023085251,0.41636832038010874
w/o Highlight,D:\A题代码_公式包\clear text\cam366_03-02_00-31.jpeg,0.3378366529941559,0.4384860098361969,0.7972472906112671,0.2454428750535744,0.20973681139925565,7.49220085144043,7.4729790687561035,0.33426138758659363,0.3752124309539795,2730.620536017265,3326.316918480087,0.050612571022727273,0.020572916666666666,0.09259174764156342,0.11252439022064209,1.1225119916606838,0.8576969559225994,0.4220289559406316
w/o Highlight,D:\A题代码_公式包\clear text\cam366_03-02_11-25.jpeg,0.4130368232727051,0.48144370317459106,0.8753521875901655,0.2473256169229226,0.21761551669934784,7.55399227142334,7.491227149963379,0.3815571069717407,0.44042012095451355,3061.211919720442,4061.638368339118,0.060996685606060606,0.031915838068181816,0.10595045238733292,0.1331878900527954,1.1542704608614764,0.9248753707683677,0.48557785521004315
w/o Highlight,D:\A题代码_公式包\clear text\cam366_17-02_20-12.jpeg,0.3232693374156952,0.4268718957901001,0.7761307196183638,0.2568862470934893,0.21335770550127478,7.297445774078369,7.283874988555908,0.2864055931568146,0.31872257590293884,2418.6264164998706,2862.0931061945585,0.06344105113636364,0.021351207386363636,0.07877147197723389,0.09508225321769714,1.1128364106985358,0.8492795531968804,0.3889680909272244
w/o Highlight,D:\A题代码_公式包\clear text\cam367_17-02_07-56.jpeg,0.4344330430030823,0.48379284143447876,0.8796233480626886,0.21283230234461892,0.1917863968283156,7.478891372680664,7.357351303100586,0.29855358600616455,0.3304215669631958,2056.0511431425184,2436.855657742888,0.026982717803030302,0.020830374053030305,0.06512918323278427,0.07893751561641693,1.106741243116313,0.9459203330269995,0.40618837075449127
w/o Highlight,D:\A题代码_公式包\clear text\cam367_17-02_08-21.jpeg,0.44701141119003296,0.49227434396743774,0.8950442617589777,0.21272651461775616,0.1947919203165659,7.443443298339844,7.370442867279053,0.3380776643753052,0.3769638240337372,2227.9282021247627,2656.949834263349,0.031809303977272725,0.024638967803030303,0.0748986303806305,0.09093347936868668,1.1150214638612683,0.9464025705341323,0.42744473182295717
w/o Highlight,D:\A题代码_公式包\clear text\cam372_17-02_17-31.jpeg,0.31844067573547363,0.4176803231239319,0.7594187693162398,0.1702434553093139,0.16090367511014778,7.173464775085449,7.152118682861328,0.28000304102897644,0.338667631149292,2127.0236140941765,2908.256567225881,0.01075402462121212,0.01114169034090909,0.08013971894979477,0.10448762029409409,1.2095141581438846,0.9039100956520917,0.39455504674257585
w/o Highlight,D:\A题代码_公式包\clear text\cam378_12-02_14-57.jpeg,0.4867340922355652,0.523062527179718,0.9510227766903964,0.21901048753281507,0.2016163060429431,7.239611625671387,7.314037322998047,0.36875227093696594,0.4160751402378082,3093.986020265129,3965.148496432519,0.06834457859848485,0.03358191287878788,0.10696219652891159,0.12980929017066956,1.1283323894477377,0.9667156259765378,0.47935563142853016
w/o Highlight,D:\A题代码_公式包\clear text\cam378_12-02_15-31.jpeg,0.46088898181915283,0.5093279480934143,0.9260508147152987,0.2230956740329321,0.2031782762331126,7.262061595916748,7.3042893409729,0.3641960024833679,0.4079645872116089,3021.0432626265706,3883.0452269244565,0.061180160984848485,0.027015269886363637,0.10568156838417053,0.12772724032402039,1.1201786397608935,0.9644582435264161,0.4702362705197603
w/o Highlight,D:\A题代码_公式包\clear text\cam378_17-02_07-10.jpeg,0.5189263820648193,0.5393343567848206,0.9806079214269464,0.20612654742412,0.1905494853182049,7.436758041381836,7.3814921379089355,0.31894245743751526,0.3676825165748596,2650.080981911063,3436.212144026008,0.023197798295454545,0.01641216856060606,0.09183260053396225,0.11357171833515167,1.1528176629007023,0.9680426342533944,0.46560709940561595
w/o Highlight,D:\A题代码_公式包\clear text\cam381_02-02_20-53.jpeg,0.31307968497276306,0.40929436683654785,0.7441715760664506,0.20595749467936822,0.1753462596915472,7.239928722381592,7.130161762237549,0.2705526351928711,0.3048078715801239,1894.8237206475599,2238.773872750574,0.03305220170454545,0.016719933712121212,0.06259524077177048,0.07756877690553665,1.1266120875686654,0.8836000950931926,0.35556117438109563
w/o Highlight,D:\A题代码_公式包\clear text\cam381_17-02_19-22.jpeg,0.3045303225517273,0.4029366374015808,0.7326120680028742,0.1852741850708388,0.16527147504026615,6.889344215393066,6.889019012451172,0.2141096442937851,0.2392125278711319,1520.9457707182742,1774.2422313304774,0.026861387310606062,0.01728515625,0.04605850577354431,0.05710267648100853,1.1172431674714045,0.9059243486754751,0.3193896457596584
w/o Highlight,D:\A题代码_公式包\clear text\cam386_17-02_07-51.jpeg,0.47268548607826233,0.5265387296676636,0.9573431448502974,0.2272051222841503,0.20205741338544422,7.736632347106934,7.614367485046387,0.3771323561668396,0.4285905957221985,3083.0149368285347,4145.291914538759,0.028172348484848484,0.02179509943181818,0.10218621045351028,0.1259075403213501,1.1364460745872025,0.9487908590896174,0.4965813026235046
w/o Highlight,D:\A题代码_公式包\clear text\cam389_17-02_07-37.jpeg,0.5053406953811646,0.5300296545028687,0.9636902809143065,0.19112089142871522,0.17748261468846446,7.4117631912231445,7.3438496589660645,0.30079683661460876,0.35111457109451294,1570.491064881849,1953.5052123838132,0.028255208333333334,0.023289535984848484,0.06190638244152069,0.0782681331038475,1.1672814853842504,0.9691641832547274,0.423881060507858
w/o Highlight,D:\A题代码_公式包\clear text\cam397_02-02_10-06.jpeg,0.5174899697303772,0.5308570265769958,0.965194593776356,0.19068385555463085,0.1784798521223154,6.694340705871582,6.707361698150635,0.22267964482307434,0.2588561177253723,2002.3604431698716,2512.5111121563523,0.0604788115530303,0.05185546875,0.06186491623520851,0.07717893272638321,1.162459681981087,0.9802958161470225,0.39729321312795685
w/o Highlight,D:\A题代码_公式包\clear text\cam39_03-02_11-49 - .jpeg,0.4025952219963074,0.453462153673172,0.8244766430421309,0.16424900581189375,0.16430869133746412,6.704395294189453,6.777821063995361,0.1740119308233261,0.2051275670528412,1577.0649652729555,1890.1377488350572,0.006640625,0.007936921296296296,0.04289533570408821,0.055043142288923264,1.1788132127512019,0.9630237161091173,0.34837947143454795
w/o Highlight,D:\A题代码_公式包\clear text\cam39_17-02_07-10 - .jpeg,0.4023611545562744,0.4537699520587921,0.825036276470531,0.14927791064242069,0.1525295594285335,6.877497673034668,6.962928771972656,0.2504871189594269,0.3051711320877075,2323.2439857187446,3244.853531555393,0.013967013888888888,0.014623842592592593,0.07891017943620682,0.10513880103826523,1.2183106754960495,0.9515468507490018,0.4052717035125242
w/o Highlight,D:\A题代码_公式包\clear text\cam3_17-02_09-28 - .jpeg,0.5151339173316956,0.5565051436424255,0.9881724661046809,0.2606073546833608,0.234594643474923,7.494396209716797,7.567659378051758,0.3850322961807251,0.42881062626838684,2157.9397855457764,2642.910590658862,0.09704367897727273,0.05635653409090909,0.08156542479991913,0.09837494790554047,1.1137004196028728,0.9576392931579625,0.4751450854146256
w/o Highlight,D:\A题代码_公式包\clear text\cam3_17-02_20-15 - .jpeg,0.2505728602409363,0.36804893612861633,0.6691798838702114,0.2586856355612737,0.22865705248496915,7.0806403160095215,7.447139739990234,0.369961678981781,0.41058576107025146,2238.5862804735466,2663.155354937894,0.04914180871212121,0.017122395833333335,0.07966461032629013,0.09863054007291794,1.109806247483899,0.7073149590621464,0.3801718265815167
w/o Highlight,D:\A题代码_公式包\clear text\cam40_02-02_22-05 - .jpeg,0.34241870045661926,0.4151332974433899,0.754787813533436,0.15601820910029118,0.15056938602071465,6.684545516967773,6.731067657470703,0.21911285817623138,0.25808340311050415,2124.8876050087256,2670.1241650617603,0.027523148148148147,0.02140625,0.0639488622546196,0.08284366875886917,1.177855961530899,0.924077866693365,0.35109874168267635
w/o Highlight,D:\A题代码_公式包\clear text\cam414_02-02_09-56.jpeg,0.5347455739974976,0.5641266703605652,0.9743151447989725,0.31769490433734554,0.27114818204984226,7.335925102233887,7.40122652053833,0.22600753605365753,0.2469998300075531,2039.2052584140995,2389.1276954919817,0.18318832859848486,0.039678030303030305,0.055150341242551804,0.06662151217460632,1.0928831624223203,0.9515268778241027,0.4324434645929771
w/o Highlight,D:\A题代码_公式包\clear text\cam414_02-02_19-51.jpeg,0.2693342864513397,0.3726654052734375,0.6775734641335227,0.28337111239096036,0.2344300147408196,6.7593607902526855,7.073049545288086,0.21568496525287628,0.22601325809955597,1884.2059311509986,2177.0261080255063,0.05762310606060606,0.015113044507575758,0.04951319098472595,0.05999929457902908,1.0478860483323706,0.7325262469761682,0.3119237948301741
w/o Highlight,D:\A题代码_公式包\clear text\cam414_03-02_07-21.jpeg,0.550462543964386,0.5706996321678162,0.9623643051494253,0.26757923611976114,0.23838778325425364,7.306764602661133,7.240883827209473,0.21962101757526398,0.24306637048721313,1941.6451245851401,2298.8483958681663,0.009490411931818182,0.010961174242424243,0.05412175506353378,0.06587810814380646,1.1067536864963392,0.9591262515449941,0.41633412034602924
w/o Highlight,D:\A题代码_公式包\clear text\cam424_02-02_10-21.jpeg,0.4497721493244171,0.5024184584617615,0.9134881062941117,0.2478822113753413,0.2178038753184127,7.233281135559082,7.261972904205322,0.2521933913230896,0.27379608154296875,2301.205709012034,2659.7927558709684,0.06631451231060606,0.012357954545454545,0.05912799760699272,0.07047346979379654,1.0856591606912724,0.9513980905256633,0.41002515968404907
w/o Highlight,D:\A题代码_公式包\clear text\cam429_03-02_10-03.jpeg,0.42824897170066833,0.48139333724975586,0.8752606131813743,0.22562768784460407,0.2007629512390915,7.024917125701904,6.980166435241699,0.2285895198583603,0.24785056710243225,2010.8839473188418,2297.528491283659,0.008117305871212122,0.009147135416666667,0.0524677149951458,0.062319520860910416,1.0842603560364021,0.9563115867786217,0.37587347277487887
w/o Highlight,D:\A题代码_公式包\clear text\cam429_03-02_10-38.jpeg,0.4238038957118988,0.48040881752967834,0.8734705773266879,0.21377679749892536,0.1918581984448836,7.102226734161377,7.047115325927734,0.21828758716583252,0.23908215761184692,1971.3242451676633,2262.4483575962704,0.007256155303030303,0.009099786931818182,0.05040080100297928,0.06054120138287544,1.0952622803656489,0.9534898364063612,0.37253745599097315
w/o Highlight,D:\A题代码_公式包\clear text\cam433_02-02_09-49.jpeg,0.4977402985095978,0.5400338172912598,0.9818796678022904,0.3090245793527578,0.26594722455317854,7.2948174476623535,7.402495384216309,0.32652008533477783,0.37636664509773254,3194.2122020393476,4001.0969429014717,0.007889441287878787,0.010138494318181817,0.09196880459785461,0.11467276513576508,1.1526600605970754,0.9245300744658721,0.5091128631585548
w/o Highlight,D:\A题代码_公式包\clear text\cam433_03-02_00-47.jpeg,0.2771267592906952,0.3943554162979126,0.7170098478143865,0.22022052577111279,0.1940891105267223,6.950380802154541,7.091618537902832,0.2913786768913269,0.321958065032959,2679.1758950572284,3181.5879048275747,0.028364701704545456,0.016859019886363635,0.07805654406547546,0.09464863687753677,1.104947255601121,0.8426314288678901,0.3726552214658134
w/o Highlight,D:\A题代码_公式包\clear text\cam434_02-02_20-34.jpeg,0.24347029626369476,0.36048802733421326,0.6554327769712968,0.1655853542948837,0.1553014247804526,6.864386558532715,6.917774200439453,0.17173747718334198,0.18899887800216675,1565.3804298120554,1807.7497496628216,0.013461766098484849,0.01348544034090909,0.040331799536943436,0.04989360272884369,1.1005103881181388,0.8575556869852107,0.28183375707435004
w/o Highlight,D:\A题代码_公式包\clear text\cam437_17-02_07-20.jpeg,0.347660094499588,0.4293992519378662,0.7807259126143021,0.19392877203750045,0.1775177804996027,7.265316009521484,7.215723991394043,0.22836053371429443,0.2622550427913666,2084.473134396547,2519.5834282155997,0.00828894412878788,0.010236150568181819,0.055207509547472,0.06930654495954514,1.148425436679213,0.9210252908607034,0.37235558417963444
w/o Highlight,D:\A题代码_公式包\clear text\cam440_07-02_08-25.jpeg,0.49253344535827637,0.5338355302810669,0.9706100550564852,0.2887876258788763,0.2506073397075835,7.598449230194092,7.567080497741699,0.32843759655952454,0.36293426156044006,2885.565282370792,3614.3442512701013,0.031090198863636363,0.010188802083333334,0.09562495350837708,0.11629451811313629,1.1050325903339635,0.9479925603016373,0.48401309198808323
w/o Highlight,D:\A题代码_公式包\clear text\cam443_17-02_10-08.jpeg,0.4109697639942169,0.4575009346008301,0.8318198810924182,0.1653319985923061,0.1526487375105978,7.149631023406982,7.0422892570495605,0.16133294999599457,0.17709387838840485,1296.3656996095935,1448.5973572112225,0.005548650568181818,0.0066199100378787875,0.0291655994951725,0.03564094379544258,1.0976918987750937,0.9713957009218777,0.3196886365796603
w/o Highlight,D:\A题代码_公式包\clear text\cam453_03-02_07-53.jpeg,0.5930256247520447,0.5982924699783325,0.9121955091303046,0.24062066978387064,0.21652670686928566,7.178824424743652,7.011195659637451,0.21087075769901276,0.237749844789505,1777.5681998111438,2028.1451608936231,0.17554154829545454,0.06576408617424243,0.04689515754580498,0.05685806646943092,1.1274671329165442,0.9729226288362769,0.3874583336549478
w/o Highlight,D:\A题代码_公式包\clear text\cam453_03-02_08-21.jpeg,0.5832712054252625,0.5941175818443298,0.9197862148284913,0.25218016249383507,0.2285610143912354,7.186433792114258,7.073007583618164,0.2462356984615326,0.27411457896232605,1863.5245833873403,2144.9699856844027,0.17877604166666666,0.05927734375,0.05265948548913002,0.06335757672786713,1.1132202583358044,0.9742967647943924,0.4042821067318663
w/o Highlight,D:\A题代码_公式包\clear text\cam453_03-02_08-28.jpeg,0.5249260067939758,0.5432745218276978,0.9877718578685413,0.2496554725866772,0.21667043951903767,7.194462299346924,6.963107585906982,0.21498356759548187,0.2347962111234665,1730.2641971466935,1954.0590321974237,0.13657670454545454,0.0319631865530303,0.045831892639398575,0.054526593536138535,1.0921589295513323,0.970923655222734,0.3926316078141349
w/o Highlight,D:\A题代码_公式包\clear text\cam459_17-02_08-42.jpeg,0.4502533972263336,0.5038884878158569,0.9161608869379216,0.249640779376998,0.2150412724142499,7.221562385559082,7.312551975250244,0.2380194365978241,0.27497008442878723,1977.4839486751787,2424.169345498799,0.10799893465909091,0.010135535037878788,0.0625971332192421,0.07906226813793182,1.1552421028735227,0.9466054755436015,0.41820821968499333
w/o Highlight,D:\A题代码_公式包\clear text\cam45_02-02_22-18 - .jpeg,0.23380766808986664,0.35216647386550903,0.640302679755471,0.16474016559632854,0.1544405089056035,6.140819549560547,6.38107967376709,0.20726194977760315,0.24354125559329987,2537.638981978596,3148.0317620198566,0.02339988425925926,0.019308449074074075,0.07014638930559158,0.08987502008676529,1.1750407909702225,0.8439616890031285,0.3205324446280737
w/o Highlight,D:\A题代码_公式包\clear text\cam460_31-01_00-17.jpeg,0.2238549143075943,0.3494468331336975,0.6353578784249045,0.15543969198853588,0.14859125996531727,6.488635540008545,6.611079216003418,0.2134575992822647,0.2445477396249771,1907.9732007069933,2216.592002466375,0.01581439393939394,0.015625,0.05280075594782829,0.06596855819225311,1.1456502024677375,0.8439645743549614,0.2978786096305404
w/o Highlight,D:\A题代码_公式包\clear text\cam461_17-02_17-20.jpeg,0.4751097559928894,0.5259981751441956,0.9563603184439918,0.22466751071445276,0.2060141863996632,7.639049530029297,7.58038854598999,0.37569883465766907,0.4327055513858795,2979.2227598668105,3917.5830498642304,0.04172585227272727,0.025769412878787878,0.0990375503897667,0.12458254396915436,1.1517351474864812,0.9372057692381636,0.49436533192091314
w/o Highlight,D:\A题代码_公式包\clear text\cam468_30-01_21-35.jpeg,0.30316153168678284,0.3857239782810211,0.701316324147311,0.16269489234870815,0.14740565709620024,6.407187461853027,6.3785600662231445,0.16020824015140533,0.17649881541728973,1379.2283297350825,1587.7699393162584,0.02198449337121212,0.018785511363636365,0.03868498653173447,0.0474654845893383,1.101683801932789,0.9414136809282873,0.27625037049598933
w/o Highlight,D:\A题代码_公式包\clear text\cam468_30-01_21-52.jpeg,0.29059305787086487,0.3795529305934906,0.6900962374427102,0.15757804209089898,0.14486188935460642,6.36314582824707,6.410900115966797,0.15625520050525665,0.17237618565559387,1403.412619247428,1612.5488370433961,0.02234552556818182,0.020262192234848486,0.03805944323539734,0.046655815094709396,1.1031708693835645,0.9355087098975219,0.27306805305711057
w/o Highlight,D:\A题代码_公式包\clear text\cam469_30-01_19-34.jpeg,0.38139376044273376,0.45063525438308716,0.8193368261510675,0.23067835678564597,0.19647630094235197,7.575218200683594,7.417588233947754,0.2422553151845932,0.25110843777656555,1778.3679272955249,2048.0216717300227,0.024195601851851854,0.010989583333333334,0.058297157287597656,0.06750880181789398,1.0365446453442895,0.9332578058595475,0.35495165905814496
w/o Highlight,D:\A题代码_公式包\clear text\cam46_02-02_22-32 - .jpeg,0.26509323716163635,0.3759531080722809,0.6835511055859652,0.17278419841547238,0.16026863965194874,6.582248210906982,6.691535949707031,0.23671738803386688,0.26932212710380554,1902.488971835884,2260.84020361689,0.024157986111111113,0.019936342592592592,0.05879073962569237,0.07352124899625778,1.13773692899314,0.8712182689203505,0.32080352042195426
w/o Highlight,D:\A题代码_公式包\clear text\cam470_03-02_00-57.jpeg,0.3577163815498352,0.43134617805480957,0.7842657782814719,0.1809790861191512,0.16411579090789466,6.977993965148926,6.808446407318115,0.1696263551712036,0.18892353773117065,1533.2535088971208,1762.3856242290651,0.022218276515151514,0.020282907196969697,0.03842805325984955,0.04770281910896301,1.1137629404447407,0.9495809161936728,0.31888824103810715
w/o Highlight,D:\A题代码_公式包\clear text\cam470_03-02_01-52.jpeg,0.3631393015384674,0.43549641966819763,0.7918116721239956,0.18256792386073947,0.1641457412090739,7.052944183349609,6.870671272277832,0.1620313674211502,0.1804027259349823,1480.6125204358134,1695.5848158757985,0.02118252840909091,0.019256036931818182,0.03653687611222267,0.04542403668165207,1.113381585622732,0.9491529031212025,0.3181570081190276
w/o Highlight,D:\A题代码_公式包\clear text\cam470_30-01_23-24.jpeg,0.40511295199394226,0.4649013578891754,0.8452751961621371,0.17788079850682653,0.1638792808520234,7.151737689971924,6.978046417236328,0.17235833406448364,0.19049999117851257,1508.9692390860846,1746.3874591422802,0.015746330492424243,0.015761126893939395,0.0380752831697464,0.04692875221371651,1.1052555337636154,0.9623720458538848,0.3337895867370867
w/o Highlight,D:\A题代码_公式包\clear text\cam471_02-02_10-39.jpeg,0.4195898771286011,0.46689990162849426,0.8489089120518076,0.1589698305507394,0.14807062723741887,6.898467540740967,6.831490993499756,0.16626089811325073,0.1988777369260788,1386.997170927715,1683.5123993589332,0.005382930871212121,0.0062529592803030306,0.04368482530117035,0.056103821843862534,1.1961785841924002,0.9692208783301322,0.3448440540498721
w/o Highlight,D:\A题代码_公式包\clear text\cam471_03-02_00-34.jpeg,0.25653746724128723,0.33487099409103394,0.6088563528927889,0.10198252519435864,0.09747003488799721,6.014004230499268,5.78407096862793,0.09072450548410416,0.10420145094394684,1244.5269597339804,1402.572900100153,0.007534327651515151,0.00838955965909091,0.024328289553523064,0.03047625720500946,1.1485479095530218,0.9443539384979864,0.2160647988171448
w/o Highlight,D:\A题代码_公式包\clear text\cam475_02-02_19-11.jpeg,0.23930557072162628,0.36202698945999146,0.6582308899272571,0.179512628848977,0.16136911564718862,6.907594680786133,6.9320878982543945,0.23480536043643951,0.2712746262550354,1923.392416637375,2336.3931317281244,0.01653053977272727,0.01593868371212121,0.056715916842222214,0.07291661947965622,1.1553169578327376,0.8216892951958709,0.3226911994450769
w/o Highlight,D:\A题代码_公式包\clear text\cam494_17-02_17-16.jpeg,0.4364686906337738,0.4911879003047943,0.8930689096450805,0.17992703450531133,0.17278487987402869,7.313275337219238,7.284885406494141,0.3419647216796875,0.41029852628707886,2415.2446806690555,3329.7128617236763,0.022688802083333334,0.021428148674242423,0.09383820742368698,0.12158101797103882,1.1998270282188106,0.9531200286846271,0.45543649396581165
w/o Highlight,D:\A题代码_公式包\clear text\cam496_02-02_10-40.jpeg,0.38372382521629333,0.45488855242729187,0.8270700953223488,0.2278271675359266,0.20282859147321225,7.461771011352539,7.414162635803223,0.3050173223018646,0.3344009518623352,2801.382192583942,3383.1604063985014,0.034333570075757575,0.01241122159090909,0.08139389008283615,0.09736950695514679,1.096334233931657,0.9258168450720278,0.42029357185132155
w/o Highlight,D:\A题代码_公式包\clear text\cam496_02-02_22-31.jpeg,0.2353615015745163,0.35412588715553284,0.643865249373696,0.1706617759518203,0.15776352815845898,6.757388114929199,6.800041675567627,0.23045124113559723,0.2615621089935303,2301.9582807926213,2716.3607706122493,0.01589429450757576,0.01444424715909091,0.06484787911176682,0.08033832907676697,1.1349998149940506,0.830767225648109,0.3181142017434363
w/o Highlight,D:\A题代码_公式包\clear text\cam496_17-02_07-29.jpeg,0.37782344222068787,0.44269999861717224,0.8049090883948585,0.1964923985493564,0.17938530280092807,7.311278820037842,7.228971481323242,0.2745322585105896,0.3089886009693146,2514.163564904715,3065.677846917292,0.026802201704545454,0.014222301136363637,0.07488075643777847,0.09192077070474625,1.1255091795355845,0.9331065311361542,0.39573331115697874
w/o Highlight,D:\A题代码_公式包\clear text\cam498_03-02_09-11.jpeg,0.4734387993812561,0.5050237774848938,0.9182250499725341,0.19156853343659314,0.18721917912786618,7.280157089233398,7.33026123046875,0.4164934456348419,0.48191550374031067,3627.850032565395,4792.853859606227,0.02743844696969697,0.02101680871212121,0.12375719100236893,0.15344814956188202,1.157078245852732,0.9575772879914186,0.5077247162538207
w/o Highlight,D:\A题代码_公式包\clear text\cam498_17-02_07-02.jpeg,0.40911731123924255,0.4696734845638275,0.8539517901160499,0.1971000275867236,0.18410837490293847,7.312804698944092,7.276483058929443,0.36483678221702576,0.4302884638309479,3049.7829487771614,4097.947678987899,0.03808889678030303,0.020359848484848484,0.10619901865720749,0.13515064120292664,1.1793998903237484,0.9407606159025775,0.4691775152723189
w/o Highlight,D:\A题代码_公式包\clear text\cam49_02-02_10-07 - .jpeg,0.4206867218017578,0.48402419686317444,0.8800439942966807,0.1978347093151505,0.1874069925224499,6.894824028015137,6.9839768409729,0.2635180354118347,0.30881983041763306,2816.6077893196684,3764.988900449567,0.006574074074074074,0.007780671296296296,0.08959892392158508,0.11411174386739731,1.1719115342580286,0.9471184934009619,0.4324063374600058
w/o Highlight,D:\A题代码_公式包\clear text\cam49_02-02_19-31 - .jpeg,0.33902665972709656,0.4357355535030365,0.7922464609146118,0.16778348408609395,0.16562561545666232,7.052241802215576,7.146834850311279,0.27104896306991577,0.3229525685310364,2555.849749722403,3499.634824509902,0.013255208333333334,0.013284143518518518,0.08445681631565094,0.11023133248090744,1.1914916351219682,0.9117687274956874,0.40860971616522646
w/o Highlight,D:\A题代码_公式包\clear text\cam49_03-02_00-41 - .jpeg,0.3221079409122467,0.42157623171806335,0.7665022394873878,0.1648560650964677,0.1674738804001269,7.025280475616455,7.193760871887207,0.2733997702598572,0.3299102783203125,2594.734628782974,3630.376023704213,0.012242476851851852,0.013061342592592593,0.08633791655302048,0.1138843521475792,1.206695514163533,0.9093982701367601,0.4134483916754151
w/o Highlight,D:\A题代码_公式包\clear text\cam4_12-02_13-34.jpeg,0.44168591499328613,0.4742324948310852,0.8622408996928821,0.17135845984716053,0.1567829599994808,7.115012168884277,6.903003215789795,0.1625891923904419,0.18182824552059174,1600.305880913844,1889.0397578089344,0.011298532196969698,0.007374526515151515,0.04065750539302826,0.050744764506816864,1.1183292644081264,0.9672833193538685,0.3368686988277099
w/o Highlight,D:\A题代码_公式包\clear text\cam4_17-02_20-22 - .jpeg,0.3406974673271179,0.42696136236190796,0.7762933861125598,0.19345303034426956,0.1728236494920882,7.071360111236572,6.922067642211914,0.13737310469150543,0.14965052902698517,1444.1205580119456,1652.1506197649235,0.011209753787878788,0.009916548295454545,0.03119969181716442,0.03894574195146561,1.089372892627754,0.9290290880545214,0.30543325630701235
w/o Highlight,D:\A题代码_公式包\clear text\cam509_03-02_00-45.jpeg,0.32062938809394836,0.4351503252983093,0.7911824096332896,0.21648093972579946,0.19991139004982805,7.462377548217773,7.518250465393066,0.37950265407562256,0.42998477816581726,2667.6254608804443,3417.5524586700412,0.02547052556818182,0.022114701704545454,0.09880001842975616,0.12208729237318039,1.1330217764481854,0.8753787863742749,0.4371979758509862
w/o Highlight,D:\A题代码_公式包\clear text\cam521_03-02_11-22.jpeg,0.4622335731983185,0.5182635188102722,0.9422973069277676,0.24974832523295928,0.21936389453526028,7.623589515686035,7.582565784454346,0.3475993573665619,0.39372047781944275,2791.861113660189,3584.5218704074323,0.005803148674242424,0.00732125946969697,0.10032019764184952,0.12210194021463394,1.1326847328673986,0.9333872364968587,0.47685186365113685
w/o Highlight,D:\A题代码_公式包\clear text\cam523_17-02_19-50.jpeg,0.3520011305809021,0.4163527488708496,0.7570049979469993,0.14884142579939263,0.13754425169072512,6.660266876220703,6.513543128967285,0.1452205330133438,0.17506051063537598,669.3057161171806,913.3295282062847,0.025032552083333333,0.015598958333333333,0.03876373544335365,0.05144986882805824,1.205480475128756,0.9485668823637937,0.29094753008490354
w/o Highlight,D:\A题代码_公式包\clear text\cam523_17-02_20-04 - .jpeg,0.2751339077949524,0.36688777804374695,0.6670686873522671,0.15642761326820684,0.14555978901017277,6.573259353637695,6.60219669342041,0.15305070579051971,0.17797890305519104,747.5958332356771,963.2199259660084,0.017255859375,0.010188802083333334,0.03939192369580269,0.05105917900800705,1.1628753883563756,0.9103568729652437,0.26915145602167506
w/o Highlight,D:\A题代码_公式包\clear text\cam523_17-02_20-17.jpeg,0.26008903980255127,0.35847675800323486,0.6517759236422451,0.1621586128249662,0.14301429337580895,6.601873874664307,6.468288898468018,0.1489398330450058,0.17199306190013885,896.1265533192529,1161.6960072199397,0.017682291666666666,0.006383463541666667,0.04340693727135658,0.05535433068871498,1.1547821901642796,0.8945084650170424,0.26142251791221316
w/o Highlight,D:\A题代码_公式包\clear text\cam523_17-02_20-22.jpeg,0.2485363781452179,0.3565928637981415,0.6483506614511663,0.1668155871331575,0.14501786257668,6.561010837554932,6.477733612060547,0.14519783854484558,0.16850201785564423,821.5487346184624,1075.1399126169415,0.020143229166666665,0.006155598958333334,0.040127936750650406,0.05232084542512894,1.1604995013908408,0.8704813758945912,0.2574673528991856
w/o Highlight,D:\A题代码_公式包\clear text\cam529_17-02_17-23.jpeg,0.3369334936141968,0.4180234372615814,0.7600426132028753,0.19516684162352196,0.17199790876453075,7.183633804321289,7.088859558105469,0.24519895017147064,0.28239986300468445,1977.3644976282253,2506.270238696082,0.025822679924242423,0.01250295928030303,0.06610894948244095,0.08343657106161118,1.1517171945682032,0.9213464153529666,0.3665210756588263
w/o Highlight,D:\A题代码_公式包\clear text\cam529_30-01_16-48.jpeg,0.4452703893184662,0.4905562102794647,0.8919203823262994,0.21009980751728066,0.19697035033668264,7.35353422164917,7.354340553283691,0.41945046186447144,0.4752293527126312,3012.652564566116,3929.302383307246,0.03452000473484849,0.020945785984848486,0.11496170610189438,0.14073224365711212,1.1329808799835428,0.9594273631916284,0.48197681016930505
w/o Highlight,D:\A题代码_公式包\clear text\cam531_03-02_02-00.jpeg,0.3322714567184448,0.42150336503982544,0.7663697546178644,0.23723149346124528,0.1798521038223563,7.392466068267822,7.067770004272461,0.1635565459728241,0.18711617588996887,1615.4232320267438,1850.219479831244,0.05434718276515151,0.007800662878787879,0.04475030675530434,0.055647559463977814,1.1440457746250212,0.8690383466251944,0.32609547476512585
w/o Highlight,D:\A题代码_公式包\clear text\cam55_02-02_19-57 - .jpeg,0.2966911792755127,0.3893263638019562,0.7078661160035566,0.1614371424109351,0.14416963056480284,6.934146404266357,6.866044521331787,0.14271970093250275,0.17171700298786163,1530.5220918745629,1778.5011978261105,0.01372974537037037,0.009762731481481482,0.036171987652778625,0.048452749848365784,1.2031765311607212,0.8845259106152192,0.306144676600951
w/o Highlight,D:\A题代码_公式包\clear text\cam55_03-02_00-32 - .jpeg,0.27454620599746704,0.36970871686935425,0.6721976670351895,0.1523374909586036,0.14143838783717444,6.706841945648193,6.698894500732422,0.15479625761508942,0.18345266580581665,1577.5911091498147,1849.0030464841657,0.012068865740740741,0.010269097222222223,0.03991460055112839,0.052478428930044174,1.185123403232163,0.8921919802573328,0.2960245265438329
w/o Highlight,D:\A题代码_公式包\clear text\cam55_03-02_00-50 - .jpeg,0.27461084723472595,0.37150850892066956,0.6754700162193992,0.15546010592303416,0.14221290034725514,6.748849868774414,6.731236934661865,0.1480720341205597,0.1741700917482376,1550.150500573471,1801.5502046913095,0.012494212962962962,0.009829282407407408,0.03792337328195572,0.0497562512755394,1.1762523830258846,0.887970632795332,0.292125611488899
w/o Highlight,D:\A题代码_公式包\clear text\cam59_17-02_07-46 - .jpeg,0.4255710244178772,0.46446800231933594,0.8444872769442471,0.2007990782023165,0.17534591198509636,7.188902378082275,7.105190277099609,0.16720449924468994,0.19572606682777405,1625.804296085905,2013.4508792095335,0.04008969907407407,0.011637731481481482,0.047727521508932114,0.061700548976659775,1.1705790210530986,0.9530378027209204,0.3602854456501764
w/o Highlight,D:\A题代码_公式包\clear text\cam59_17-02_17-05 - .jpeg,0.36181461811065674,0.42789965867996216,0.7779993794181129,0.1802747098754761,0.16565679404406103,7.066634178161621,7.056482791900635,0.2472352385520935,0.29256296157836914,2538.4378008053627,3433.4362737340102,0.015407986111111112,0.014933449074074075,0.08148857951164246,0.10583881288766861,1.1833384008400867,0.9320928645562421,0.3959821233541798
w/o Highlight,D:\A题代码_公式包\clear text\cam65_02-02_10-44 - .jpeg,0.41231247782707214,0.4648893177509308,0.8452533050016923,0.15486737849945675,0.1632853183910072,6.873316287994385,7.069978713989258,0.28578415513038635,0.3528485894203186,2800.190798246399,4056.6407674394686,0.0067476851851851856,0.00818287037037037,0.09924420714378357,0.13246729969978333,1.2346680497121663,0.9449741041622514,0.446989994520112
w/o Highlight,D:\A题代码_公式包\clear text\cam65_02-02_19-02 - .jpeg,0.34335294365882874,0.4213443994522095,0.7660807262767444,0.14570700011210663,0.14742371333256715,6.838630199432373,6.921005725860596,0.24643664062023163,0.3056883215904236,2305.181761304406,3201.9533870472096,0.011825810185185186,0.013324652777777777,0.07755779474973679,0.10526294261217117,1.2404337613889864,0.9245117164754011,0.3923011681042644
w/o Highlight,D:\A题代码_公式包\clear text\cam65_03-02_11-39 - .jpeg,0.41124555468559265,0.4643602967262268,0.8442914485931396,0.15595056635817828,0.16355558788335306,6.925139427185059,7.100044250488281,0.2825576663017273,0.346063494682312,2762.8905242854535,3949.565259765089,0.006756365740740741,0.008177083333333333,0.09571265429258347,0.12688148021697998,1.2247534870453038,0.9461054244525501,0.4421789679513927
w/o Highlight,D:\A题代码_公式包\clear text\cam65_30-01_09-29 - .jpeg,0.5390124917030334,0.5787736177444458,0.947684331373735,0.1901895531374129,0.18591404259021008,7.201651096343994,7.3576250076293945,0.30846184492111206,0.3773837685585022,3171.766041943954,4556.263527560555,0.07728877314814815,0.04682002314814815,0.10449884831905365,0.13824282586574554,1.2234375131852306,0.9495651174121632,0.49334310991119423
w/o Highlight,D:\A题代码_公式包\clear text\cam65_30-01_10-23 - .jpeg,0.45936301350593567,0.5148535370826721,0.9360973401503129,0.1895522001887332,0.18911904409174943,7.252650737762451,7.392264366149902,0.37170231342315674,0.45096060633659363,3864.8374031809867,5701.4202339204685,0.007233796296296296,0.008851273148148148,0.12952545285224915,0.16971057653427124,1.2132306089890643,0.9404886164049683,0.5358253907688922
w/o Highlight,D:\A题代码_公式包\clear text\cam68_03-02_08-41 - .jpeg,0.4180043339729309,0.4777497351169586,0.8686358820308338,0.18060248656951652,0.1785709802420994,6.9260454177856445,7.121583938598633,0.23639829456806183,0.2790391743183136,2492.69310080265,3183.710675912229,0.007809606481481482,0.009447337962962963,0.07234316319227219,0.09225975722074509,1.1803772718548533,0.9435202314468304,0.41269992343822587
w/o Highlight,D:\A题代码_公式包\clear text\cam73_02-02_21-25 - .jpeg,0.2968563139438629,0.4020228087902069,0.7309505614367398,0.20074008377387753,0.1749345060197062,7.052284240722656,7.064777374267578,0.24850338697433472,0.29240018129348755,2370.5300276089556,3085.074393728089,0.02640914351851852,0.011235532407407408,0.080159991979599,0.10351452976465225,1.1766447326440335,0.8590888142080737,0.3730110258886952
w/o Highlight,D:\A题代码_公式包\clear text\cam77_02-02_19-02.jpeg,0.2938813269138336,0.3680332601070404,0.6691513820128007,0.1444901475168465,0.13740922185162627,6.6547160148620605,6.525503635406494,0.15288513898849487,0.17985807359218597,1785.7705987965692,2134.305173112649,0.009181134259259259,0.01062789351851852,0.04350355267524719,0.05614592134952545,1.1764261189232348,0.9310624699926526,0.2983863915883796
w/o Highlight,D:\A题代码_公式包\clear text\cam77_17-02_20-32 - .jpeg,0.29408320784568787,0.3783576190471649,0.6879229437221179,0.15416476825314643,0.1488001153845414,6.521470546722412,6.562216281890869,0.1878690868616104,0.2205599993467331,1929.143597826512,2357.0132991198548,0.019322916666666665,0.01724826388888889,0.05274318903684616,0.06799142062664032,1.1740090641889052,0.9207089262098102,0.3189011653434645
w/o Highlight,D:\A题代码_公式包\clear text\cam80_30-01_12-30.jpeg,0.4359128475189209,0.498280793428421,0.9059650789607654,0.19911931937334307,0.18737205887595432,7.367681503295898,7.403770446777344,0.32123035192489624,0.3829994797706604,3205.369132880811,4559.449263246815,0.009230324074074075,0.007471064814814815,0.1085323691368103,0.14009006321430206,1.1922891217497387,0.9457913282887229,0.4855571810441281
w/o Highlight,D:\A题代码_公式包\clear text\cam80_30-01_13-17.jpeg,0.4344147741794586,0.4976225793361664,0.904768326065757,0.20235910328145573,0.19029610410390024,7.30137825012207,7.39091157913208,0.3187931180000305,0.37939658761024475,3268.3482059284643,4642.975179001888,0.02185474537037037,0.008868634259259258,0.10836208611726761,0.13966631889343262,1.1901028583677526,0.9462247033584104,0.4869313175037293
w/o Highlight,D:\A题代码_公式包\clear text\cam80_30-01_22-03.jpeg,0.30663159489631653,0.3994155526161194,0.7262100956656716,0.15192885398751926,0.1458173485032067,6.905733585357666,6.944602966308594,0.19791439175605774,0.23799405992031097,1568.6384313507372,1973.0032650184914,0.007271412037037037,0.008333333333333333,0.050975583493709564,0.06742854416370392,1.2025100968047597,0.9152939547984509,0.3347436475169247
w/o Highlight,D:\A题代码_公式包\clear text\cam84_02-02_10-21.jpeg,0.4064061641693115,0.45748624205589294,0.8317931673743507,0.1607464802766506,0.15964270502054026,6.609750270843506,6.668407440185547,0.21541662514209747,0.24838106334209442,2520.5896081811215,3321.4113534700787,0.009603587962962963,0.010309606481481482,0.07240033149719238,0.09090118855237961,1.1530263935952312,0.9649226531211254,0.3800911673333829
w/o Highlight,D:\A题代码_公式包\clear text\cam84_02-02_21-16.jpeg,0.3055849075317383,0.38907158374786377,0.7074028795415704,0.15346119049409052,0.14922980026056754,6.581827640533447,6.712677955627441,0.19187866151332855,0.22836636006832123,1861.3627995996965,2382.4392146916307,0.01646701388888889,0.011811342592592592,0.05770692601799965,0.0757957398891449,1.1901602772830755,0.9228314511743798,0.33165340358459217
w/o Highlight,D:\A题代码_公式包\clear text\cam84_02-02_23-34.jpeg,0.31878912448883057,0.39472484588623047,0.7176815379749644,0.14620784790427277,0.14307909616651918,6.562211036682129,6.519505500793457,0.16903360188007355,0.1984752118587494,1755.9385367547097,2160.004006857505,0.017934027777777778,0.010960648148148148,0.048203691840171814,0.06232193857431412,1.1741760714915965,0.9365002962976278,0.31370390898113
w/o Highlight,D:\A题代码_公式包\clear text\cam84_03-02_07-33.jpeg,0.41668424010276794,0.46245062351226807,0.840819315476851,0.14216872161177443,0.1464498947033348,6.508764266967773,6.603478908538818,0.20624616742134094,0.2534462809562683,2174.0522676313653,2961.8860923578623,0.009163773148148148,0.010491898148148148,0.06849046051502228,0.09119666367769241,1.2288532285767337,0.9603997105376353,0.3827310171546829
w/o Highlight,D:\A题代码_公式包\clear text\cam84_03-02_09-02 - .jpeg,0.4074406921863556,0.4599708020687103,0.8363105492158369,0.15887677964308997,0.15950251483679861,6.745500564575195,6.827678203582764,0.2214231640100479,0.258215993642807,2484.446675470163,3262.3679609997835,0.007005208333333333,0.008385416666666666,0.07294482737779617,0.09222988039255142,1.1661652280201376,0.9620739533242274,0.3880936118418828
w/o Highlight,D:\A题代码_公式包\clear text\cam8_12-02_14-38.jpeg,0.4044618606567383,0.47591015696525574,0.8652911944822831,0.191316976563362,0.18050112954313893,7.24160099029541,7.272897720336914,0.3286111354827881,0.3744701147079468,2715.814579930021,3409.4679189029057,0.010002367424242424,0.011603338068181817,0.08743329346179962,0.10748591274023056,1.1395539295700887,0.9463842182594676,0.43563354202565974
w/o Highlight,D:\A题代码_公式包\clear text\cam8_17-02_07-03 - .jpeg,0.43463706970214844,0.5005601644515991,0.9101093899119983,0.21296365857203067,0.19116537539001177,7.3583221435546875,7.3541460037231445,0.3179188370704651,0.36379748582839966,2628.4246889515816,3290.0090172901278,0.03915127840909091,0.024064867424242423,0.08629950881004333,0.10715693235397339,1.1443092529622858,0.94453637621013,0.44378033132161143
w/o Highlight,D:\A题代码_公式包\clear text\cam8_17-02_19-13 - .jpeg,0.22340837121009827,0.34604352712631226,0.6291700493205676,0.16531279717642877,0.15203429165379437,6.476809501647949,6.5318684577941895,0.2230081856250763,0.2560827434062958,2209.834714938357,2638.785056269167,0.022413589015151517,0.017634351325757577,0.06006775051355362,0.07567283511161804,1.1483109759296175,0.8385239297366853,0.3078556833894339
w/o Highlight,D:\A题代码_公式包\clear text\cam90_12-02_14-10.jpeg,0.4761498272418976,0.5241163969039917,0.952938903461803,0.21736429096249812,0.19200156745738758,7.211684703826904,7.120967388153076,0.24942728877067566,0.28923842310905457,3937.643227946088,4516.898131679582,0.010436395202020202,0.012340198863636364,0.06970880180597305,0.08674609661102295,1.1596101957873488,0.9655196547668983,0.467577826869422
w/o Highlight,D:\A题代码_公式包\clear text\cam90_17-02_07-46.jpeg,0.5573355555534363,0.5876480937004089,0.9315489205447112,0.21426349478884066,0.19784706805054297,7.409703731536865,7.326030731201172,0.20130717754364014,0.23451372981071472,3652.604483834068,4215.83192603494,0.011768071338383838,0.012557212752525252,0.05908220633864403,0.07264034450054169,1.164954623060217,0.9759276266875426,0.4543958805907312
w/o Highlight,D:\A题代码_公式包\clear text\cam91_03-02_10-19.jpeg,0.42153456807136536,0.4721105396747589,0.8583827994086525,0.16086170063478775,0.16116438751334575,6.5863237380981445,6.678572654724121,0.21927596628665924,0.25871485471725464,2387.1152883495356,3149.123740808649,0.005931712962962963,0.007155671296296296,0.07216087728738785,0.09207838028669357,1.179859650908566,0.9581764544179243,0.38904799921252875
w/o Highlight,D:\A题代码_公式包\clear text\cam91_03-02_11-12.jpeg,0.4192884564399719,0.4721677005290985,0.8584867282347245,0.16460766547576178,0.16383998280079198,6.743398666381836,6.837634086608887,0.22330133616924286,0.26322922110557556,2372.760338410847,3149.31387211364,0.005911458333333334,0.007100694444444444,0.07257577031850815,0.09278473258018494,1.178807181260326,0.9568646777033324,0.39460920012691536
w/o Highlight,D:\A题代码_公式包\clear text\cam98_12-02_13-51.jpeg,0.38906607031822205,0.46763870120048523,0.8502521840008822,0.24305685683396952,0.21557985793043236,7.188230037689209,7.246090888977051,0.27485835552215576,0.3123301565647125,2880.632039875624,3534.4156826560356,0.008171296296296296,0.009930555555555555,0.0831403061747551,0.10245436429977417,1.136331257504063,0.9223426387682789,0.43135081436458766
w/o Highlight,D:\A题代码_公式包\clear text\cam98_12-02_14-10.jpeg,0.3947277069091797,0.47090110182762146,0.8561838215047662,0.23836444885103789,0.2104803945309665,7.121744155883789,7.240667343139648,0.2779146432876587,0.3114120364189148,2953.5038192849997,3577.06891726677,0.008327546296296296,0.010379050925925925,0.08390162140130997,0.1021721363067627,1.1205312912558199,0.9251208916081716,0.4278577484942232
w/o Highlight,D:\A题代码_公式包\clear text\cam98_12-02_15-33.jpeg,0.39319461584091187,0.46744030714035034,0.8498914675279097,0.24670105018436775,0.2178354549097725,7.033100605010986,7.178868770599365,0.274116575717926,0.3119412660598755,2909.576024273372,3597.753680555255,0.008214699074074074,0.009965277777777778,0.08375699073076248,0.10344219952821732,1.1379875805196238,0.9265895206938946,0.43286971070473307
w/o Highlight,D:\A题代码_公式包\clear text\cam98_17-02_17-11.jpeg,0.407662570476532,0.4609258472919464,0.8380469950762661,0.18056425616006064,0.17301034435708812,7.0235161781311035,7.017205238342285,0.17034673690795898,0.19582603871822357,1799.045520428107,2063.3288503778904,0.009739583333333333,0.011163194444444444,0.040195487439632416,0.05038454383611679,1.1495731010498615,0.9533794653030134,0.35479334505728116
w/o Highlight,D:\A题代码_公式包\clear text\屏幕截图 2026-02-03 150927.png,0.49381527304649353,0.5021001100540161,0.912909291007302,0.08210212772608351,0.09979735163944262,6.2245330810546875,6.580104827880859,0.20858381688594818,0.29406917095184326,235.19822021734845,486.6524319041869,0.0018076583610564193,0.0026138909634055266,0.033572275191545486,0.05058750882744789,1.4098369779441422,0.9530775324055258,0.3701371597835864
w/o Highlight,D:\A题代码_公式包\clear text\屏幕截图 2026-02-03 151031.png,0.3361181318759918,0.3237690031528473,0.5886709148233586,0.15377170548675095,0.13893764711109582,6.906304359436035,6.754145622253418,0.07661571353673935,0.12057699263095856,65.0909706363185,151.95592932268374,0.018973149492017418,0.005308417997097243,0.014342710375785828,0.02480717934668064,1.573789231475603,0.951222152684023,0.32050700558446477
w/o Highlight,D:\A题代码_公式包\clear text\屏幕截图 2026-02-03 151052.png,0.5275688171386719,0.5316034555435181,0.966551737351851,0.3178183830049688,0.28232972916480353,6.747514247894287,7.269082069396973,0.11693479120731354,0.141734316945076,94.71102218682212,148.8968742070873,0.21749472869458455,0.0471414845063656,0.01570572890341282,0.02138480544090271,1.2120798942521516,0.9720581548676869,0.38545682205537535
w/o Highlight,D:\A题代码_公式包\clear text\屏幕截图 2026-02-03 151128.png,0.45415768027305603,0.4913778007030487,0.8934141830964522,0.3375968965236911,0.2760049893578271,7.3838300704956055,7.627010822296143,0.1467454880475998,0.1591038852930069,103.37291073329324,132.4495409069984,0.1700951567067505,0.008416926092470887,0.01795991323888302,0.022357352077960968,1.0842165033633366,0.8743821586640705,0.3456623785293818
w/o Highlight,D:\A题代码_公式包\clear text\屏幕截图 2026-02-03 151250.png,0.4565403461456299,0.41715914011001587,0.7584711638363925,0.17874169486144437,0.17837617428350577,6.900973320007324,7.070572376251221,0.16290712356567383,0.2547880709171295,825.2157698806913,2293.4068785913,0.04683973453962217,0.02620028620547248,0.0762220248579979,0.1326092928647995,1.564008067360606,0.8995418985134509,0.43292985640959236
w/o Highlight,D:\A题代码_公式包\clear text\屏幕截图 2026-02-03 151414.png,0.60980224609375,0.5317281484603882,0.9667784517461603,0.14490044176685338,0.15333703877369523,6.939837455749512,7.094413757324219,0.13143722712993622,0.1812196969985962,39.59047083088133,85.01164927765073,0.021074721496662424,0.008322728997834483,0.012557108886539936,0.019229089841246605,1.3787546032686906,0.9531930350409283,0.37306206097061134
w/o Highlight,D:\A题代码_公式包\clear text\屏幕截图 2026-02-03 151835.png,0.6856865286827087,0.6325690746307373,0.8498744097622959,0.13621899075739813,0.14100370115087102,6.837143898010254,7.033087730407715,0.2404160052537918,0.33567896485328674,812.8252119602073,1603.7800124804155,0.021324973876698013,0.01864994775339603,0.0532657690346241,0.0792321041226387,1.396242217591527,0.9443381583994067,0.4152720858703398
w/o Highlight,D:\A题代码_公式包\clear text\屏幕截图 2026-02-03 151843.png,0.5529447197914124,0.4844873547554016,0.8808860995552756,0.2968243667100373,0.24415455114848972,7.474309921264648,7.546932220458984,0.11745253205299377,0.14396022260189056,110.54203508186016,175.8583254473756,0.11439514908627905,0.00022264664238426724,0.016786344349384308,0.023022044450044632,1.2256885055080569,0.9670529003555092,0.3686956793505311
w/o Highlight,D:\A题代码_公式包\clear text\屏幕截图 2026-02-03 151859.png,0.3579561114311218,0.3818047344684601,0.694190426306291,0.09054809189188041,0.1028606103480983,6.399524211883545,6.557378768920898,0.15462854504585266,0.21850043535232544,1657.241987883268,3349.6117397523685,0.000991353671887796,0.0010129048386679654,0.07393145561218262,0.11273057013750076,1.4130665856843347,0.9534567418687847,0.37447533679256345
w/o Highlight,D:\A题代码_公式包\clear text\屏幕截图 2026-02-03 152105.png,0.4507603049278259,0.4914054572582245,0.8934644677422263,0.20769332953234537,0.1611712037335461,7.0894598960876465,7.096281051635742,0.0802234411239624,0.09181242436170578,28.178267489894157,43.19430577150692,0.02972843262430614,0.022122010630880262,0.010482124984264374,0.013560086488723755,1.1444587024627357,0.9725441914442259,0.29094659073231505
w/o Highlight,D:\A题代码_公式包\clear text\屏幕截图 2026-02-03 152131.png,0.647994339466095,0.5911423563957214,0.9251957156441429,0.27592178124151495,0.2511453090611133,7.193455219268799,7.439844608306885,0.14349158108234406,0.1992785930633545,85.6128400194012,178.26714310894445,0.20538513210927004,0.005116435288849082,0.019089912995696068,0.029029062017798424,1.3887823758734155,0.9550501646095013,0.42347896600408796
w/o Highlight,D:\A题代码_公式包\clear text\屏幕截图 2026-02-03 152208.png,0.6048255562782288,0.5768164396286011,0.9512428370389072,0.18339865729715538,0.18556407926049734,7.379093647003174,7.452998638153076,0.2852693200111389,0.3629232943058014,229.10633225023804,405.43630062762037,0.05703318858560794,0.05091430746672682,0.03586417809128761,0.04927847161889076,1.2722128814465206,0.9669016291009848,0.417189670140435
w/o Highlight,D:\A题代码_公式包\clear text\屏幕截图 2026-02-03 152620.png,0.38435637950897217,0.46539247035980225,0.8461681279269131,0.2896437434060856,0.23593416879591436,7.508734703063965,7.596645832061768,0.22706715762615204,0.26979026198387146,576.1222838391034,789.3832724080005,0.08079273609437186,0.016090341532225248,0.04357798025012016,0.055492255836725235,1.188151814105231,0.8676349976391441,0.3800401075399622
w/o Highlight,D:\A题代码_公式包\clear text\屏幕截图 2026-02-03 152832.png,0.3186332881450653,0.4205220937728882,0.7645856250416148,0.17083370949163157,0.14983809490250086,6.932610511779785,7.020862102508545,0.17069819569587708,0.20470914244651794,180.33865714918423,275.55826822411535,0.0008854095446465199,0.001264870778066457,0.026205791160464287,0.034354038536548615,1.1992461580069222,0.904575865900899,0.29847526860008333
w/o Highlight,D:\A题代码_公式包\clear text\屏幕截图 2026-02-03 153319.png,0.5042031407356262,0.4776243269443512,0.8684078671715476,0.15096019322411747,0.1448322314640672,7.023276329040527,7.099491119384766,0.14390043914318085,0.18419025838375092,109.86350127297732,201.1756914892444,0.0026470413674402043,0.001691495044216274,0.020119108259677887,0.02828315831720829,1.2799840777971556,0.9755984731951655,0.3368358254588249
w/o Highlight,D:\A题代码_公式包\clear text\屏幕截图 2026-02-03 153723.png,0.5278517603874207,0.5003077387809753,0.9096504341472278,0.21222021105089683,0.19115644431076873,7.452596664428711,7.432031631469727,0.10105662047863007,0.1390514224767685,20.47401871892661,46.34630374024257,0.020675694142098522,0.011872793316151257,0.010896903462707996,0.01698809675872326,1.3759753817148717,0.9613937030344702,0.3757278339764627
w/o Highlight,D:\A题代码_公式包\clear text\屏幕截图 2026-02-03 153926.png,0.7160597443580627,0.5776438117027283,0.9497385241768578,0.14646057299833024,0.15206832281483113,6.8811445236206055,6.914333820343018,0.07653055340051651,0.12319071590900421,17.42990006695915,51.671253690690605,0.18476590662481704,0.0005279754145517307,0.009840347804129124,0.0172038022428751,1.6096931340585483,0.913511883750504,0.39527505442523025
w/o Highlight,D:\A题代码_公式包\clear text\屏幕截图 2026-02-03 153933.png,0.3769494593143463,0.35095304250717163,0.6380964409221301,0.2171981440111652,0.1996934925686012,6.243185997009277,6.4200639724731445,0.06190009042620659,0.0828426256775856,13.215572521572598,25.78444952366817,0.08266212425452549,0.003764035226255744,0.006788888946175575,0.010784807614982128,1.3383279944690658,0.9722004668939219,0.2883529212237285
w/o Highlight,D:\A题代码_公式包\clear text\屏幕截图 2026-02-03 154150.png,0.49391090869903564,0.4991530179977417,0.9075509418140757,0.2732280234093121,0.24615375750729696,7.448976516723633,7.527144432067871,0.3543727695941925,0.4157516062259674,1526.6981026732124,2242.420574566394,0.15727380432749266,0.019635842115108812,0.08685613423585892,0.11217644810676575,1.1732041553388124,0.9602276346987973,0.46624339553077554
w/o Highlight,D:\A题代码_公式包\clear text\屏幕截图 2026-02-03 155552.png,0.5050543546676636,0.4482787847518921,0.815052335912531,0.10736268283255107,0.11035362695403376,6.440474987030029,6.507981777191162,0.08608504384756088,0.13029205799102783,95.36865127597228,235.10460196828694,0.015322630125779732,0.013625115042437876,0.017006991431117058,0.02815326303243637,1.5135271009914235,0.9519380770957921,0.33218479868628314
w/o Highlight,D:\A题代码_公式包\clear text\屏幕截图 2026-02-03 160609.png,0.48126500844955444,0.39995941519737244,0.7271989367224954,0.07215260532406362,0.08703861470889963,6.026586532592773,6.214539527893066,0.06460291892290115,0.10097881406545639,20.18341422047485,53.53577481494131,0.001756440281030445,0.002648990353908387,0.008977104909718037,0.015577848069369793,1.563068810917511,0.9376295172114298,0.3000424728605369
w/o Highlight,D:\A题代码_公式包\clear text\屏幕截图 2026-02-03 160615.png,0.7611820697784424,0.7096549868583679,0.7097182057120585,0.2537437185022953,0.24718763776020342,7.317434787750244,7.549437999725342,0.2435397058725357,0.32082438468933105,282.18249820714055,559.2502033436512,0.3958582789741757,0.048610490572781696,0.03665394335985184,0.05441119521856308,1.3173391050558203,0.9444750935160576,0.40268024228547294
w/o Highlight,D:\A题代码_公式包\clear text\屏幕截图 2026-02-03 160703.png,0.6156129837036133,0.6176043152809143,0.8770830631256105,0.21085643534753268,0.18514632503946252,7.651538848876953,7.563940048217773,0.18840570747852325,0.22291120886802673,47.23430319543186,80.83980006749883,0.07917825270787114,0.04292440045373781,0.015279402025043964,0.021531427279114723,1.1831446183925687,0.9711462243596968,0.34908823847688847
w/o Highlight,D:\A题代码_公式包\clear text\屏幕截图 2026-02-03 160802.png,0.525132954120636,0.47879818081855774,0.8705421469428322,0.18317664314175322,0.17829999478630726,7.141214847564697,7.197668552398682,0.13148723542690277,0.1697019338607788,26.379389092022873,49.85820870495922,0.05928475354062821,0.0021402009652662394,0.011223585344851017,0.01649429276585579,1.2906343826547388,0.9635730817749637,0.3488491463717092
w/o Highlight,D:\A题代码_公式包\clear text\屏幕截图 2026-02-03 161950.png,0.40636172890663147,0.4607769548892975,0.8377762816169044,0.2290207066935447,0.19774809254313605,7.475952625274658,7.407487869262695,0.23210497200489044,0.2809160053730011,175.4301890031198,269.23041178821614,0.02187183911465461,0.01165784097895718,0.02704598382115364,0.03614124283194542,1.2102972674473764,0.9320526582683513,0.36490805167691437
w/o Highlight,D:\A题代码_公式包\clear text\屏幕截图 2026-02-03 162130.png,0.4498051404953003,0.444490909576416,0.8081652901389381,0.2752699185542395,0.23704693562979032,7.552106857299805,7.507036209106445,0.1297454535961151,0.1598089337348938,56.82500414771677,93.80141174540093,0.019893783536907236,0.0022400014688534224,0.014703365974128246,0.02080654166638851,1.2317112372591075,0.9577112179414307,0.35446082280667424
w/o Highlight,D:\A题代码_公式包\clear text\屏幕截图 2026-02-03 162314.png,0.3850076496601105,0.32849717140197754,0.5972675843672318,0.07912707743870402,0.08487761347683338,6.096319675445557,6.296217441558838,0.0582117885351181,0.08944391459226608,12.540704312054002,37.994552002718926,0.0020978324949659675,0.002055722718607162,0.009105229750275612,0.015409670770168304,1.5365256950338162,0.9491583230157735,0.27097161361648797
w/o Highlight,D:\A题代码_公式包\clear text\屏幕截图 2026-02-03 162446.png,0.36364319920539856,0.3612156808376312,0.6567557833411477,0.11144648459385459,0.10979466036122196,6.249050617218018,6.616711616516113,0.07258625328540802,0.09400820732116699,10.913972784286209,24.033229036464856,0.006967384694367114,0.006347042986930042,0.00819337647408247,0.01213445421308279,1.2951240104007427,0.9839783112940889,0.25272833611909146
w/o Highlight,D:\A题代码_公式包\clear text\屏幕截图 2026-02-04 203521.png,0.3707539439201355,0.41451990604400635,0.7536725564436478,0.12908736470871593,0.11236190974795583,6.768037796020508,6.698744297027588,0.13771356642246246,0.21182551980018616,66.86942101542837,193.82635620881445,0.008068019611493825,0.006912982615831248,0.023046668618917465,0.03854051232337952,1.5381601616389846,0.9265065582440043,0.3479100219820098
w/o Highlight,D:\A题代码_公式包\clear text\屏幕截图 2026-02-04 203619.png,0.5240667462348938,0.4430999159812927,0.8056362108750776,0.07652047997555701,0.08836412205907836,6.256358623504639,6.482077598571777,0.09960349649190903,0.178785502910614,63.2370892083709,202.856893248289,0.0009692208612037468,0.0012179025295389187,0.01771976239979267,0.033769093453884125,1.7949719648837312,0.8946131680921833,0.38602059433707675
w/o CLAHE,D:\A题代码_公式包\clear text\cam101_12-02_13-35.jpeg,0.42241156101226807,0.49385321140289307,0.8979149298234419,0.23095599825428997,0.20000500365855378,7.349150657653809,7.2790751457214355,0.3271820843219757,0.3271726071834564,3158.225867978395,3556.075841861301,0.0057696759259259255,0.005425347222222222,0.10561104863882065,0.11439388990402222,0.9999710119084361,0.94898336487279,0.4106323547689728
w/o CLAHE,D:\A题代码_公式包\clear text\cam102_03-02_07-42 - .jpeg,0.4199084937572479,0.47123274207115173,0.8567868037657304,0.1722577333800307,0.1530782401279465,6.551889419555664,6.416777610778809,0.2049582302570343,0.2106720358133316,2104.931223370378,2415.4348457915294,0.011281828703703704,0.009464699074074073,0.06733255088329315,0.0750824362039566,1.0278779646567697,0.9740894174504372,0.32044088755297984
w/o CLAHE,D:\A题代码_公式包\clear text\cam102_03-02_08-00 - .jpeg,0.4582531750202179,0.49787741899490356,0.9052316708998246,0.2102559240009242,0.1805623675656109,6.891057014465332,6.73151159286499,0.22768132388591766,0.22999773919582367,2181.163246522118,2474.913289910453,0.029751157407407407,0.007265625,0.0717780664563179,0.07893133908510208,1.0101738859048277,0.9757308233882405,0.3503420724756806
w/o CLAHE,D:\A题代码_公式包\clear text\cam102_03-02_08-51.jpeg,0.43220531940460205,0.47947958111763,0.871781056577509,0.20962541268322046,0.1788387722546372,6.842887878417969,6.738480567932129,0.2176920622587204,0.2194855511188507,2054.3880677852844,2312.874042624609,0.02582175925925926,0.007037037037037037,0.06851950287818909,0.07497566938400269,1.0082386613523915,0.9733967433600336,0.33719979715881093
w/o CLAHE,D:\A题代码_公式包\clear text\cam102_03-02_09-45.jpeg,0.4195566475391388,0.4745337963104248,0.8627887205644087,0.19069192727439205,0.16910356294233034,6.914595127105713,6.786995887756348,0.24420827627182007,0.24770711362361908,2365.021825803144,2687.0282465276437,0.00583912037037037,0.005208333333333333,0.08052874356508255,0.08851981163024902,1.0143272801494585,0.9711824519014977,0.3481533105604642
w/o CLAHE,D:\A题代码_公式包\clear text\cam102_17-02_07-42.jpeg,0.45745405554771423,0.4928901791572571,0.8961639621041038,0.1962028215235175,0.1679733774934436,6.984780311584473,6.776281356811523,0.1898156851530075,0.19361484050750732,1793.987464252153,2044.011661868173,0.014710648148148148,0.009134837962962963,0.05853831022977829,0.06532733142375946,1.020014964665798,0.9763258468682626,0.3287161939693871
w/o CLAHE,D:\A题代码_公式包\clear text\cam103_02-02_20-43 - .jpeg,0.30162954330444336,0.3868875801563263,0.7034319639205933,0.16622828046027752,0.1449971581741346,6.759535789489746,6.560605049133301,0.17754465341567993,0.1799982190132141,1915.2316129295987,2112.9015307647246,0.016550925925925927,0.009606481481481481,0.04558280110359192,0.051989324390888214,1.01381944373059,0.9074174068623949,0.2703966739568585
w/o CLAHE,D:\A题代码_公式包\clear text\cam103_02-02_22-23.jpeg,0.29524096846580505,0.3837006390094757,0.6976375254717739,0.17603804143704213,0.15013483879354575,6.820976257324219,6.556404113769531,0.1727191060781479,0.17421211302280426,1877.0470768497084,2067.2991105892647,0.021015625,0.009291087962962963,0.04445081949234009,0.05053913593292236,1.0086440794525688,0.8987067508521225,0.26685013283508763
w/o CLAHE,D:\A题代码_公式包\clear text\cam103_02-02_23-51.jpeg,0.2861560583114624,0.375179260969162,0.6821441108530217,0.1717760198018337,0.15042010687439702,6.787363052368164,6.616417407989502,0.17479266226291656,0.17610786855220795,1892.7065723084165,2087.2261668764386,0.016064814814814816,0.009149305555555556,0.044965676963329315,0.05090539902448654,1.0075243600053267,0.9004790289711618,0.2666207347136753
w/o CLAHE,D:\A题代码_公式包\clear text\cam103_12-02_14-24.jpeg,0.42278552055358887,0.4991272985935211,0.9075041792609474,0.2399807035891319,0.20852239483675075,7.107303619384766,7.105834484100342,0.2455211579799652,0.249807208776474,2665.760482547051,3016.4054276213133,0.008431712962962964,0.008255208333333333,0.07593371719121933,0.08421189337968826,1.017456985267864,0.926018221581811,0.3839648427208622
w/o CLAHE,D:\A题代码_公式包\clear text\cam106_03-02_00-55 - .jpeg,0.28695037961006165,0.3702484667301178,0.673179030418396,0.1311852285576359,0.1252617180204448,6.402092933654785,6.277808666229248,0.16550281643867493,0.17465715110301971,2031.0845178421587,2296.1616317510075,0.010908564814814815,0.010098379629629629,0.04951291158795357,0.057676445692777634,1.0553123293911773,0.928668830842822,0.26403038934928097
w/o CLAHE,D:\A题代码_公式包\clear text\cam110_02-02_18-57.jpeg,0.3004944324493408,0.3842903971672058,0.6987098130312832,0.1620842236283031,0.14308787618747193,6.787729740142822,6.6142754554748535,0.19758351147174835,0.20334309339523315,1992.228960817933,2265.5097654813203,0.017864583333333333,0.010405092592592593,0.05329476669430733,0.06148621439933777,1.0291501013415547,0.9145319257572728,0.2824457232121972
w/o CLAHE,D:\A题代码_公式包\clear text\cam110_07-02_08-28.jpeg,0.4207269847393036,0.48003581166267395,0.8727923848412253,0.1851169070903971,0.16954780480930717,6.948529243469238,6.871274471282959,0.2251625806093216,0.23146800696849823,2505.5965720965346,2897.8569158608934,0.007659143518518518,0.007719907407407407,0.06981910020112991,0.07809074223041534,1.0280038773853295,0.9622773173429977,0.3563362687265388
w/o CLAHE,D:\A题代码_公式包\clear text\cam111_03-02_09-49.jpeg,0.42198169231414795,0.45557934045791626,0.8283260735598477,0.13891261314929,0.13498070957246017,6.5068678855896,6.383216381072998,0.17032505571842194,0.17747008800506592,1900.1460015172136,2198.2598790315014,0.006293402777777778,0.006796875,0.053312964737415314,0.06045027822256088,1.0419493941112474,0.9831023139592289,0.29999178007360583
w/o CLAHE,D:\A题代码_公式包\clear text\cam111_17-02_07-01 - .jpeg,0.3909599184989929,0.42502349615097046,0.7727699930017644,0.11207160789580675,0.11023009380087231,6.240609645843506,6.192439079284668,0.13606928288936615,0.14799413084983826,1494.1373904481402,1712.6635851414808,0.013761574074074074,0.009487847222222222,0.037119779735803604,0.04458685219287872,1.0876380653236637,0.977177638233648,0.26723564557268426
w/o CLAHE,D:\A题代码_公式包\clear text\cam112_02-02_19-15.jpeg,0.2964478135108948,0.37670984864234924,0.684926997531544,0.14586034275378754,0.1322894388459638,6.524833679199219,6.380385398864746,0.1822957992553711,0.18875481188297272,1701.0853383890787,1954.0388960713703,0.014565972222222221,0.010373263888888888,0.04957517236471176,0.057468920946121216,1.0354315110378605,0.9363034420120125,0.2633927047773007
w/o CLAHE,D:\A题代码_公式包\clear text\cam112_02-02_20-03.jpeg,0.3310602903366089,0.4009997546672821,0.7290904630314219,0.15033019217787744,0.132500637898522,6.691838264465332,6.472751617431641,0.17145967483520508,0.17725329101085663,1675.7067283789531,1899.9394714345087,0.018605324074074073,0.010413773148148148,0.04766090214252472,0.05490643158555031,1.0337899424657313,0.9467670898920086,0.2704483980008107
w/o CLAHE,D:\A题代码_公式包\clear text\cam112_30-01_19-33 - .jpeg,0.32236069440841675,0.40312111377716064,0.7329474795948374,0.15355823768086338,0.13969830690425963,6.929708957672119,6.8079094886779785,0.20461204648017883,0.21174316108226776,1782.3523957320265,2054.900306696754,0.01136574074074074,0.009866898148148149,0.05563219636678696,0.06444494426250458,1.0348519087059145,0.9348550052129257,0.2919604464593159
w/o CLAHE,D:\A题代码_公式包\clear text\cam115_02-02_21-32.jpeg,0.2882762551307678,0.38254648447036743,0.6955390626733953,0.15447352883212076,0.1402441694117994,6.322131156921387,6.284773826599121,0.19852463901042938,0.20687231421470642,2005.1452247604473,2296.0282857455954,0.015772569444444443,0.010969328703703703,0.05879370868206024,0.06810107082128525,1.042048581987369,0.9180363182138541,0.276693433417754
w/o CLAHE,D:\A题代码_公式包\clear text\cam115_02-02_22-43.jpeg,0.28199878334999084,0.37676846981048584,0.6850335814736106,0.15741051671502426,0.1411005434252059,6.341675281524658,6.349308967590332,0.20250888168811798,0.21002869307994843,2033.0656149188926,2320.555973893154,0.015454282407407408,0.01089699074074074,0.05955422669649124,0.06860654056072235,1.0371331873882466,0.9157030985984066,0.27672904155556016
w/o CLAHE,D:\A题代码_公式包\clear text\cam115_03-02_09-39 - .jpeg,0.41242891550064087,0.4686175286769867,0.852031870321794,0.17144847254031023,0.1595503868181301,6.791445732116699,6.729910850524902,0.23527365922927856,0.24094004929065704,2685.4755542561516,3100.831257910081,0.006614583333333333,0.0067708333333333336,0.08041410148143768,0.08909500390291214,1.0240842785703712,0.9699547400863935,0.351049278780598
w/o CLAHE,D:\A题代码_公式包\clear text\cam115_03-02_10-10.jpeg,0.4160018861293793,0.46976760029792786,0.8541229096325961,0.16631694339501799,0.15572132481630607,6.711528778076172,6.6759114265441895,0.23043864965438843,0.2361137866973877,2568.4739900412646,2967.2077748118463,0.006603009259259259,0.0066840277777777775,0.07836595177650452,0.08683577179908752,1.0246275204705666,0.972341744375698,0.344786310866073
w/o CLAHE,D:\A题代码_公式包\clear text\cam115_03-02_10-42.jpeg,0.4239993989467621,0.4742320477962494,0.8622400869022715,0.166275777977412,0.15557502691732078,6.8374762535095215,6.733575820922852,0.23731060326099396,0.2428261786699295,2572.063828312241,2971.0547737024376,0.006588541666666667,0.006753472222222222,0.08009333908557892,0.08874989300966263,1.0232420657947034,0.9730686789047318,0.34879859699505644
w/o CLAHE,D:\A题代码_公式包\clear text\cam11_03-02_11-26.jpeg,0.3851301372051239,0.4426236152648926,0.8047702095725319,0.17570722275650053,0.15954002215039703,7.236855506896973,7.06687068939209,0.30961745977401733,0.31491708755493164,2265.2143889031445,2570.1599238582135,0.0115234375,0.007723721590909091,0.08420360833406448,0.09227839857339859,1.0171166597219914,0.96695304670113,0.3543597112901073
w/o CLAHE,D:\A题代码_公式包\clear text\cam11_10-02_07-09.jpeg,0.38667240738868713,0.45002228021621704,0.8182223276658491,0.17571069955210025,0.15902235893184813,7.28474235534668,7.112088203430176,0.3236597776412964,0.32666781544685364,2345.2490373977416,2641.5693219614072,0.012313565340909091,0.009241832386363636,0.08635152876377106,0.09408269822597504,1.0092938516039818,0.9613786612905973,0.3594815169196595
w/o CLAHE,D:\A题代码_公式包\clear text\cam11_12-02_13-40.jpeg,0.41207876801490784,0.4577428698539734,0.8322597633708606,0.15099109252719853,0.1426627738790633,6.795062065124512,6.659661293029785,0.2752944529056549,0.28447669744491577,2000.960978929889,2285.8074424659494,0.010280539772727273,0.008478338068181818,0.07185932993888855,0.07987864315509796,1.0333542145178718,0.9756198576509638,0.334125868095734
w/o CLAHE,D:\A题代码_公式包\clear text\cam120_02-02_09-48.jpeg,0.4355648159980774,0.49389928579330444,0.8979987014423716,0.1804575931655269,0.1687575416726781,7.104185581207275,7.041926860809326,0.2794996500015259,0.2873997390270233,3034.6189192406923,3532.901004978585,0.006608796296296297,0.006982060185185185,0.09353454411029816,0.10398390144109726,1.0282651651172359,0.9669608430724312,0.39100118021487995
w/o CLAHE,D:\A题代码_公式包\clear text\cam120_02-02_10-07.jpeg,0.4344126284122467,0.492117702960968,0.8947594599290327,0.18408838381669151,0.17022081137829517,7.036876201629639,6.960981845855713,0.276157021522522,0.28235429525375366,3004.0072850646216,3470.9574157222455,0.006646412037037037,0.006828703703703704,0.09314912557601929,0.10298312455415726,1.022441045033551,0.9665659748963851,0.38518483609164916
w/o CLAHE,D:\A题代码_公式包\clear text\cam120_03-02_02-52 - .jpeg,0.3039255440235138,0.38903817534446716,0.7073421369899402,0.15142900089879713,0.13870870566657006,6.853757381439209,6.771229267120361,0.1932736337184906,0.20599223673343658,1817.1664669284814,2117.6277307966484,0.010772569444444444,0.008888888888888889,0.05338374897837639,0.0628599300980568,1.065806208623291,0.9332382597187113,0.29312801878022204
w/o CLAHE,D:\A题代码_公式包\clear text\cam120_17-02_08-02 - .jpeg,0.4533112347126007,0.5082741379737854,0.9241347963159734,0.1879825498642388,0.1739226773830119,7.2459564208984375,7.188248634338379,0.2891601324081421,0.2967393696308136,3011.521869206399,3493.6012008031444,0.008969907407407407,0.008405671296296297,0.09538678079843521,0.10569613426923752,1.0262112555347018,0.9669875283372663,0.401765020112462
w/o CLAHE,D:\A题代码_公式包\clear text\cam120_17-02_19-14.jpeg,0.24920885264873505,0.35171568393707275,0.6394830617037686,0.14388485588743874,0.13114710252210388,6.418220043182373,6.267678737640381,0.19360853731632233,0.20510584115982056,1882.1599705663527,2194.602371728683,0.013237847222222222,0.009027777777777777,0.05309288948774338,0.0626278817653656,1.059384275931812,0.9012023403956541,0.26238217541613346
w/o CLAHE,D:\A题代码_公式包\clear text\cam126_03-02_11-56 - .jpeg,0.42672765254974365,0.4819473922252655,0.876267985864119,0.17589907596728693,0.16629049976760926,6.838520050048828,6.881738185882568,0.2741378843784332,0.2804427444934845,3621.800338064228,4176.756346601246,0.007225115740740741,0.007178819444444444,0.10103181004524231,0.11126728355884552,1.0229989078438249,0.9643972074646177,0.3937772598217543
w/o CLAHE,D:\A题代码_公式包\clear text\cam126_17-02_08-36.jpeg,0.42839527130126953,0.4902988374233246,0.8914524316787719,0.1863903075362696,0.17317418323097286,7.196381568908691,7.1666460037231445,0.2875351011753082,0.29321399331092834,2826.3598745658383,3258.69457233314,0.0072280092592592595,0.007317708333333333,0.09112241119146347,0.10077637434005737,1.0197502931463025,0.9580646063313231,0.38691058179854604
w/o CLAHE,D:\A题代码_公式包\clear text\cam126_17-02_17-11.jpeg,0.4166643023490906,0.4612140953540802,0.8385710824619639,0.1480251866059975,0.1384754054624494,6.811367988586426,6.642459869384766,0.19922156631946564,0.21232521533966064,1969.22514717861,2299.680098727622,0.010821759259259258,0.009921875,0.05840601027011871,0.06801057606935501,1.0657742540759738,0.9661737073987304,0.3222752118070791
w/o CLAHE,D:\A题代码_公式包\clear text\cam127_02-02_18-50.jpeg,0.30469465255737305,0.3941338360309601,0.7166069746017456,0.18329624666546654,0.16108926371459056,6.9145379066467285,6.776628494262695,0.21588928997516632,0.22073078155517578,1987.3199794405377,2223.5854277783724,0.01453414351851852,0.007569444444444445,0.0651296004652977,0.07316334545612335,1.0224258186489532,0.919007447777179,0.29793776772042524
w/o CLAHE,D:\A题代码_公式包\clear text\cam127_02-02_22-51 - .jpeg,0.29016557335853577,0.38551071286201477,0.7009285688400269,0.1772807880983706,0.15622856965033008,6.707484245300293,6.552587032318115,0.21448905766010284,0.2178567498922348,2111.773812249999,2349.4980303310067,0.01587962962962963,0.008483796296296297,0.06491966545581818,0.0726158544421196,1.01570098529142,0.9147504512468758,0.2882302004268684
w/o CLAHE,D:\A题代码_公式包\clear text\cam127_12-02_14-59.jpeg,0.42939701676368713,0.4750153720378876,0.8636643127961592,0.18468005592715206,0.1649805884932797,7.1039252281188965,6.963650703430176,0.277080237865448,0.27596646547317505,3176.5381727411714,3562.8433480540752,0.025,0.006559606481481481,0.09383207559585571,0.1016269326210022,0.99598032729461,0.965087131358493,0.3725712711121648
w/o CLAHE,D:\A题代码_公式包\clear text\cam136_02-02_10-00.jpeg,0.4671942889690399,0.5056796073913574,0.9194174679842861,0.18967647395814902,0.17486116731467602,7.319179058074951,7.216092109680176,0.34630194306373596,0.34831690788269043,3688.291735527585,4169.004200049298,0.01868923611111111,0.008359375,0.11880414932966232,0.12917762994766235,1.0058184425778052,0.968832453490446,0.42396393121458925
w/o CLAHE,D:\A题代码_公式包\clear text\cam136_02-02_10-15.jpeg,0.44370242953300476,0.48884323239326477,0.8888058770786631,0.18808352575788082,0.17354110612103785,7.324538707733154,7.2244086265563965,0.34013497829437256,0.34273573756217957,3589.9976851850515,4071.7750694057304,0.013825231481481482,0.008020833333333333,0.11683879792690277,0.12722037732601166,1.0076462463585638,0.9666828971910097,0.4149110661227669
w/o CLAHE,D:\A题代码_公式包\clear text\cam136_02-02_21-25 - .jpeg,0.33407700061798096,0.41339799761772156,0.7516327229413119,0.17034681223471815,0.15034972731864488,6.839829921722412,6.64790153503418,0.23774868249893188,0.24681027233600616,2016.1979787796588,2303.416534403098,0.03165219907407407,0.015315393518518518,0.06870418041944504,0.07843922823667526,1.038114117658903,0.9353647951847142,0.30909727266060893
w/o CLAHE,D:\A题代码_公式包\clear text\cam136_03-02_09-11 - .jpeg,0.4691813588142395,0.5082559585571289,0.9241017428311434,0.19100272041427954,0.1756451088321472,7.40407133102417,7.307529926300049,0.3607739508152008,0.36541736125946045,3791.8706469102312,4338.55403511978,0.011895254629629629,0.007485532407407408,0.12506215274333954,0.136748805642128,1.012870660304896,0.9665032125611082,0.43592366393078186
w/o CLAHE,D:\A题代码_公式包\clear text\cam137_02-02_09-53.jpeg,0.40997314453125,0.4692927896976471,0.8532596176320856,0.23969946989186577,0.20865492316159184,7.621668815612793,7.484745025634766,0.396441787481308,0.41299501061439514,3190.863799738599,3828.122303401634,0.03625414299242424,0.008185369318181817,0.11345867812633514,0.12777124345302582,1.0417544595011614,0.9431464695942918,0.446146271292375
w/o CLAHE,D:\A题代码_公式包\clear text\cam137_02-02_10-31.jpeg,0.39076995849609375,0.4583328664302826,0.8333324844186956,0.24034234915950511,0.20923348996862232,7.590137481689453,7.495236873626709,0.419035404920578,0.4340907335281372,3264.773580890441,3910.492755013449,0.041293797348484845,0.008466500946969697,0.11701632291078568,0.13149508833885193,1.0359285601422463,0.9369587200465773,0.44796418314721975
w/o CLAHE,D:\A题代码_公式包\clear text\cam137_03-02_00-28 - .jpeg,0.26110631227493286,0.3738064169883728,0.6796480308879504,0.2588014546539784,0.21732688712629367,7.149971961975098,7.411874771118164,0.336468368768692,0.3559395670890808,2639.5894829256586,3046.4913035753652,0.046803977272727275,0.008715080492424242,0.09328051656484604,0.10807564854621887,1.0578693413948173,0.7478952393430719,0.3649568074958458
w/o CLAHE,D:\A题代码_公式包\clear text\cam137_03-02_00-42 - .jpeg,0.27773404121398926,0.3894485831260681,0.7080883329564874,0.24100515088375327,0.20032812312740003,7.297811031341553,7.363654613494873,0.3500159680843353,0.3699014186859131,2546.5657076412303,2945.3695312373543,0.04012192234848485,0.008552320075757576,0.09484263509511948,0.10904402285814285,1.056812930656457,0.8101172000040575,0.3704833778891314
w/o CLAHE,D:\A题代码_公式包\clear text\cam137_03-02_05-10.jpeg,0.2750415802001953,0.3884516954421997,0.7062758098949085,0.24083952934424777,0.19783443666044684,7.301418304443359,7.351709365844727,0.28088486194610596,0.29084622859954834,2079.1507130173527,2369.1331467390714,0.04346590909090909,0.007466264204545455,0.07220190763473511,0.08232089877128601,1.0354641975024594,0.8017719096915833,0.33294710347845774
w/o CLAHE,D:\A题代码_公式包\clear text\cam137_03-02_08-20 - .jpeg,0.40231701731681824,0.46725621819496155,0.8495567603544755,0.23640788496964535,0.2060227890375849,7.5371904373168945,7.413208484649658,0.4538218379020691,0.4631328582763672,3626.18482960595,4223.073709944208,0.03818063446969697,0.009268465909090908,0.1279584914445877,0.1406983882188797,1.0205168677654397,0.9443466388386365,0.45876091133261443
w/o CLAHE,D:\A题代码_公式包\clear text\cam137_03-02_08-24.jpeg,0.3903328776359558,0.45811963081359863,0.832944783297452,0.24798827366400827,0.21674224380818713,7.610590934753418,7.528172492980957,0.44996774196624756,0.4654582738876343,3509.7878911543285,4221.941072409519,0.03941169507575758,0.008842329545454546,0.12340570241212845,0.1390579640865326,1.0344258301210005,0.9302731133894586,0.4651751435731284
w/o CLAHE,D:\A题代码_公式包\clear text\cam137_03-02_08-41.jpeg,0.39427560567855835,0.4610045850276947,0.8381901545958085,0.23595990623135987,0.2064078120147832,7.54606819152832,7.432552337646484,0.42264699935913086,0.4389137625694275,3379.1840259280875,4061.4028769091055,0.03481001420454546,0.00792199337121212,0.11993236839771271,0.13486413657665253,1.038487831512366,0.9383240306354318,0.45133157880253666
w/o CLAHE,D:\A题代码_公式包\clear text\cam141_30-01_23-05.jpeg,0.29419952630996704,0.3769891560077667,0.6854348291050303,0.14474321440179047,0.1295329109685121,6.809493064880371,6.603603363037109,0.180241659283638,0.18698246777057648,1716.1407404262634,1966.761719390861,0.008602430555555556,0.007288773148148148,0.051839038729667664,0.059593115001916885,1.0373987306703105,0.9287338962690599,0.26679666698355464
w/o CLAHE,D:\A题代码_公式包\clear text\cam143_12-02_14-15.jpeg,0.5187085866928101,0.5396443605422974,0.9811715646223588,0.22085557229600436,0.19504852863222896,7.056549072265625,6.935657024383545,0.18860167264938354,0.18660688400268555,1990.8576174490909,2186.4133738994246,0.07468039772727272,0.010114820075757576,0.04387225583195686,0.047849807888269424,0.9894232777361047,0.9727803306533741,0.35612590431819807
w/o CLAHE,D:\A题代码_公式包\clear text\cam143_12-02_14-30.jpeg,0.5213236808776855,0.542098343372345,0.9856333515860817,0.22363836885276248,0.19757988042263422,6.914364337921143,6.840763092041016,0.19754400849342346,0.19616065919399261,2053.75341393547,2247.1721283866596,0.09345703125,0.010493607954545455,0.046122945845127106,0.050097595900297165,0.9929972876530395,0.9720789668608342,0.35998590419538445
w/o CLAHE,D:\A题代码_公式包\clear text\cam143_12-02_15-18.jpeg,0.5171031951904297,0.5388116836547852,0.9796576066450638,0.225547976432774,0.19877274405357742,6.842679977416992,6.724236011505127,0.19459958374500275,0.1922605186700821,2012.991106752338,2207.2140155012485,0.09985795454545454,0.01034268465909091,0.04518458619713783,0.049053821712732315,0.9879800995422631,0.9723713862147048,0.35385307358308904
w/o CLAHE,D:\A题代码_公式包\clear text\cam143_12-02_15-38.jpeg,0.5131589770317078,0.5366347432136536,0.9756995331157337,0.2290845248502164,0.20153962574582848,6.764614105224609,6.684075355529785,0.20144353806972504,0.19866403937339783,2046.9870665433323,2236.9291530270752,0.10254202178030303,0.010674124053030302,0.04581473022699356,0.0496075414121151,0.9862020490366735,0.9714357630665281,0.35515509888589064
w/o CLAHE,D:\A题代码_公式包\clear text\cam143_17-02_19-37.jpeg,0.34565305709838867,0.4292464852333069,0.7804481549696488,0.22292216275947518,0.18715276474473863,7.215879917144775,7.012846946716309,0.2061181515455246,0.19970685243606567,1979.0335735366236,2160.1923720318555,0.032652698863636365,0.009454900568181818,0.04926781728863716,0.054103266447782516,0.9688950512261217,0.9068515396150048,0.3084253186921525
w/o CLAHE,D:\A题代码_公式包\clear text\cam145_31-01_04-13.jpeg,0.32255321741104126,0.40480050444602966,0.7360009171745994,0.1939314004334733,0.1616266288096001,7.264856815338135,7.015131950378418,0.18804095685482025,0.18349947035312653,1667.5369090308477,1839.0569614053013,0.013923413825757576,0.008099550189393939,0.042681317776441574,0.04766705632209778,0.9758484560085938,0.9128393345155031,0.2813161238758421
w/o CLAHE,D:\A题代码_公式包\clear text\cam145_31-01_04-26.jpeg,0.3271543085575104,0.4072636365890503,0.7404793392528186,0.19480930971964025,0.1630584394227382,7.261612415313721,7.027905464172363,0.18924719095230103,0.18513455986976624,1657.436375615345,1820.8227045746742,0.014367305871212122,0.008022608901515151,0.042594872415065765,0.047585148364305496,0.9782684616025512,0.9155194319368156,0.2838719563937583
w/o CLAHE,D:\A题代码_公式包\clear text\cam148_03-02_00-37 - .jpeg,0.29357635974884033,0.3795844614505768,0.6901535662737759,0.17047538666583362,0.14318456667338886,6.983057975769043,6.650636672973633,0.14017142355442047,0.13864381611347198,1546.7994177279372,1735.26789707937,0.005980705492424242,0.007705965909090909,0.03224494308233261,0.03678764030337334,0.9891018143009606,0.9142440924619345,0.24766256239235254
w/o CLAHE,D:\A题代码_公式包\clear text\cam148_03-02_01-45.jpeg,0.28534263372421265,0.37555164098739624,0.6828211654316294,0.17108515782584724,0.1432902964288448,7.021975040435791,6.708572864532471,0.13893134891986847,0.13775689899921417,1506.0896484248544,1698.1067698621005,0.005894886363636363,0.007504734848484848,0.031451694667339325,0.03629617393016815,0.9915465583731421,0.9043897819555264,0.24598812503179884
w/o CLAHE,D:\A题代码_公式包\clear text\cam148_03-02_02-21.jpeg,0.34348592162132263,0.4156453311443329,0.755718783898787,0.19831203856492347,0.1620990438346798,7.257804870605469,6.9432783126831055,0.1532960683107376,0.14831629395484924,1528.3390150405069,1713.2528625277318,0.017252604166666668,0.00751657196969697,0.03418131172657013,0.038313642144203186,0.9675153715515804,0.9299039267664748,0.27306711244164883
w/o CLAHE,D:\A题代码_公式包\clear text\cam14_02-02_09-48 - .jpeg,0.425413578748703,0.48675867915153503,0.8850157802755182,0.1874083813081124,0.1732657021498761,6.685297012329102,6.744344711303711,0.24754422903060913,0.25370845198631287,2787.047944053786,3235.4735407768762,0.0067708333333333336,0.00703125,0.0826466754078865,0.09183584898710251,1.0249014958132698,0.9616879471060242,0.3681692264989479
w/o CLAHE,D:\A题代码_公式包\clear text\cam14_02-02_09-52 - .jpeg,0.42792534828186035,0.4882037043571472,0.8876430988311766,0.1886359274044126,0.17387543253800494,6.860334873199463,6.918386936187744,0.25620758533477783,0.26189929246902466,2866.4632240728683,3334.215387684253,0.006750578703703704,0.0069328703703703705,0.08510448038578033,0.09450234472751617,1.0222152207824118,0.9613796484057031,0.376486889548836
w/o CLAHE,D:\A题代码_公式包\clear text\cam14_03-02_00-13 - .jpeg,0.30258801579475403,0.38448020815849304,0.6990549239245327,0.1455641274132267,0.13202563169632467,6.822500228881836,6.7025556564331055,0.1868382692337036,0.19232089817523956,1721.8255004863972,1953.9115099737642,0.011498842592592592,0.00974537037037037,0.050125349313020706,0.057663694024086,1.029344270498678,0.9274720542506425,0.27179474785096736
w/o CLAHE,D:\A题代码_公式包\clear text\cam150_17-02_08-41.jpeg,0.46939927339553833,0.5033478736877441,0.9151779521595347,0.204079329982614,0.1741028254630611,7.552454948425293,7.307204246520996,0.1799762099981308,0.18195772171020508,1502.060490255426,1676.044723575757,0.011268939393939394,0.006519294507575758,0.039373431354761124,0.044573888182640076,1.0110098905153506,0.9682030223231856,0.33571023224019125
w/o CLAHE,D:\A题代码_公式包\clear text\cam156_02-02_10-05.jpeg,0.4457707703113556,0.4912472069263458,0.8931767398660833,0.18884048401095635,0.17329813427084348,7.310651779174805,7.181056976318359,0.35388222336769104,0.355460524559021,4303.19022261978,4898.532003520439,0.017621527777777778,0.009123263888888889,0.1279313862323761,0.13901537656784058,1.004459950863773,0.9667434457902409,0.43548725789840786
w/o CLAHE,D:\A题代码_公式包\clear text\cam156_02-02_20-25 - .jpeg,0.2985530197620392,0.4020722210407257,0.7310404018922285,0.19702557686915426,0.1712453758795067,7.251126289367676,7.199845314025879,0.2582750916481018,0.26833486557006836,2559.1001531955967,2944.990123141308,0.019748263888888888,0.010564236111111111,0.08123090863227844,0.09278121590614319,1.0389499075635908,0.8803152362667166,0.33979776715881177
w/o CLAHE,D:\A题代码_公式包\clear text\cam156_03-02_01-16.jpeg,0.2538717985153198,0.371412992477417,0.67529634995894,0.1827877997719063,0.16045533360693423,6.981518745422363,6.944216728210449,0.25883767008781433,0.2717016339302063,2697.1107753541546,3106.503415965382,0.021030092592592593,0.010876736111111111,0.08578383177518845,0.09861359745264053,1.0496989732667916,0.8437334206311532,0.3209061780273936
w/o CLAHE,D:\A题代码_公式包\clear text\cam156_03-02_03-03.jpeg,0.2815003991127014,0.38922208547592163,0.7076765190471301,0.1898937910978054,0.16640371732501263,7.189176082611084,7.142533302307129,0.2639494836330414,0.2734200060367584,2658.427332984696,3014.9240594657913,0.018408564814814815,0.010564236111111111,0.08702878654003143,0.0982571467757225,1.0358799779507755,0.8709424725288213,0.33257794272615093
w/o CLAHE,D:\A题代码_公式包\clear text\cam156_17-02_07-16 - .jpeg,0.3755209147930145,0.439931184053421,0.799874880097129,0.1648085086128659,0.1508868516837879,7.13770055770874,7.015579700469971,0.2806984782218933,0.2927244305610657,3138.0029372946324,3752.385889564638,0.013995949074074074,0.010596064814814815,0.1015380471944809,0.11460526287555695,1.0428429848753225,0.9549863625044079,0.37203606563172287
w/o CLAHE,D:\A题代码_公式包\clear text\cam156_17-02_07-24 - .jpeg,0.38921287655830383,0.44919297099113464,0.8167144927111538,0.16696330922788385,0.15295465157261126,7.175168037414551,7.050004959106445,0.28618642687797546,0.2966240346431732,3199.394287872407,3798.877184176975,0.012670717592592593,0.010052083333333333,0.10374715924263,0.11625269800424576,1.0364713665377565,0.9582597358381273,0.377633927652899
w/o CLAHE,D:\A题代码_公式包\clear text\cam163_02-02_10-11.jpeg,0.4537525177001953,0.507786214351654,0.9232476624575527,0.21466981119126405,0.19490247386261103,7.474682807922363,7.418187141418457,0.4546569585800171,0.4590548574924469,4773.709633144417,5457.354392119148,0.030729166666666665,0.00853587962962963,0.1527114361524582,0.16634154319763184,1.0096730339099416,0.9668679014800262,0.4927553953682719
w/o CLAHE,D:\A题代码_公式包\clear text\cam16_17-02_07-12 - .jpeg,0.5214969515800476,0.5395169854164124,0.980939973484386,0.19128926270793972,0.1686808062758608,7.296845436096191,7.173418998718262,0.3337969183921814,0.3410576581954956,2610.9924743914976,2940.146257137784,0.03925189393939394,0.009688683712121213,0.09748320281505585,0.10601112991571426,1.021751938199893,0.9810050566494751,0.40760860693543916
w/o CLAHE,D:\A题代码_公式包\clear text\cam16_17-02_09-32 - .jpeg,0.5121505260467529,0.5305339694023132,0.9646072170951149,0.184891357390776,0.16405230400352142,7.1986236572265625,7.0640549659729,0.30717891454696655,0.31391826272010803,2400.3252544349743,2698.923057396103,0.018341619318181818,0.006732362689393939,0.09073063731193542,0.0985608845949173,1.0219395222593348,0.9816901917731543,0.38889911149567385
w/o CLAHE,D:\A题代码_公式包\clear text\cam16_17-02_09-54 - .jpeg,0.5195394158363342,0.538307249546051,0.9787404537200927,0.191569556476055,0.16968484612389567,7.229541778564453,7.12299919128418,0.33107441663742065,0.33745479583740234,2571.813939088545,2882.884872824789,0.04040601325757576,0.007232481060606061,0.09767834097146988,0.10575597733259201,1.0192717641914113,0.9822755372888263,0.40402479670062663
w/o CLAHE,D:\A题代码_公式包\clear text\cam172_02-02_23-05.jpeg,0.303230345249176,0.3754905164241791,0.6827100298621438,0.14421556929375962,0.12849740134921328,6.593408107757568,6.307582378387451,0.13552939891815186,0.1379200518131256,1463.1462593047002,1642.848170978758,0.005699573863636363,0.007155539772727273,0.03225869685411453,0.037317998707294464,1.0176393335935334,0.943414692851094,0.2395703898703973
w/o CLAHE,D:\A题代码_公式包\clear text\cam174_02-02_09-49.jpeg,0.3685796856880188,0.4493020176887512,0.816912759434093,0.21444844507711122,0.19494446033571353,7.289556503295898,7.138758182525635,0.3065880239009857,0.31065985560417175,4852.41622331043,5528.197902643573,0.011103219696969696,0.014098011363636363,0.09486547857522964,0.10847654193639755,1.013281088827955,0.9451813355056162,0.43801335772897204
w/o CLAHE,D:\A题代码_公式包\clear text\cam174_03-02_10-20.jpeg,0.38589370250701904,0.4439420700073242,0.8071674000133167,0.1710570666819964,0.1664860580078971,6.943169593811035,6.7662200927734375,0.29496532678604126,0.3003987669944763,4591.012440419262,5222.343979070154,0.011055871212121211,0.014086174242424242,0.08838708698749542,0.10113859176635742,1.018420624477874,0.9753616356914601,0.4115855840865317
w/o CLAHE,D:\A题代码_公式包\clear text\cam174_03-02_11-43.jpeg,0.38417521119117737,0.44378662109375,0.806884765625,0.1736500583676745,0.16908617016912314,6.905926704406738,6.747020721435547,0.30560460686683655,0.3105328381061554,4737.675499697879,5391.325131940044,0.010759943181818181,0.013884943181818182,0.09287196397781372,0.10581918060779572,1.0161261631082519,0.9750327980770959,0.4176829275730643
w/o CLAHE,D:\A题代码_公式包\clear text\cam178_02-02_19-37.jpeg,0.3009842038154602,0.3899713158607483,0.7090387561104514,0.1888092288084913,0.16982427081587956,6.951822757720947,6.752202033996582,0.26904359459877014,0.2732214629650116,4393.992903622154,4993.946275824204,0.015293560606060606,0.015198863636363637,0.0792446956038475,0.09221331030130386,1.01552854812779,0.924734223110391,0.3770541901117287
w/o CLAHE,D:\A题代码_公式包\clear text\cam178_02-02_22-47.jpeg,0.2949715256690979,0.3856332004070282,0.701151273467324,0.1823850460281181,0.1650647430336728,6.936999320983887,6.722908973693848,0.23200128972530365,0.23477548360824585,4237.0311577237,4854.977494585722,0.01631155303030303,0.014678030303030304,0.06923611462116241,0.0813046395778656,1.0119576813397793,0.9260849676573322,0.36084725998101014
w/o CLAHE,D:\A题代码_公式包\clear text\cam180_02-02_09-53.jpeg,0.5271103382110596,0.5476827621459961,0.9957868402654474,0.23106485668317708,0.20212034432916928,7.105423927307129,6.965060234069824,0.25584617257118225,0.24971774220466614,1809.5451121703763,1993.732830507753,0.11027166193181819,0.009839607007575758,0.05349463224411011,0.05722607672214508,0.9760463951481183,0.9861538887261148,0.3713017983352814
w/o CLAHE,D:\A题代码_公式包\clear text\cam180_02-02_23-00.jpeg,0.32709214091300964,0.4135865271091461,0.751975503834811,0.19513119617066604,0.163680923467521,7.053857803344727,6.8133544921875,0.1996372789144516,0.18964552879333496,1497.2933043506628,1653.64699780663,0.027965198863636364,0.007114109848484849,0.04130283743143082,0.045240454375743866,0.949950532394032,0.9299098936615118,0.27436700341181114
w/o CLAHE,D:\A题代码_公式包\clear text\cam180_03-02_09-01.jpeg,0.5312613844871521,0.5513755679130554,0.9974989674308085,0.23428719155188468,0.20454100215295734,7.429990768432617,7.23982572555542,0.2657163441181183,0.26018664240837097,1949.021088991472,2165.280374797045,0.020978338068181817,0.008457623106060606,0.05881229415535927,0.06349655240774155,0.9791894795405046,0.9835374043611403,0.385466721454972
w/o CLAHE,D:\A题代码_公式包\clear text\cam180_03-02_10-31.jpeg,0.5230116844177246,0.5453214645385742,0.9914935718883167,0.2283987192100329,0.198744090078182,7.403241157531738,7.202861785888672,0.2583339810371399,0.25213247537612915,1883.7184565668917,2083.9138790607367,0.0699899384469697,0.007927911931818183,0.05617697164416313,0.06029423326253891,0.9759941350807643,0.9840966865406746,0.3769676692321169
w/o CLAHE,D:\A题代码_公式包\clear text\cam180_17-02_07-15.jpeg,0.43628180027008057,0.4849645793437958,0.8817537806250831,0.19030905554744892,0.16975832490902584,7.207810401916504,6.997328281402588,0.2548212707042694,0.2552907466888428,1870.4819195446998,2107.821550553158,0.00791607481060606,0.007386363636363636,0.05716150254011154,0.06260661780834198,1.0018424364590137,0.9761480584116808,0.34641984618529803
w/o CLAHE,D:\A题代码_公式包\clear text\cam181_17-02_08-14.jpeg,0.5189782381057739,0.5389859676361084,0.9799744866111061,0.22625086604886982,0.19404052307339575,7.127389430999756,6.996817588806152,0.1694244146347046,0.1697375774383545,1761.491578103338,1941.1256565112906,0.09261067708333333,0.008768347537878788,0.04160260409116745,0.04573575779795647,1.001848400763377,0.975851992549076,0.35007645195644266
w/o CLAHE,D:\A题代码_公式包\clear text\cam187_17-02_19-15.jpeg,0.3265188932418823,0.41410887241363525,0.7529252225702459,0.21037328680019104,0.17916194749862988,7.1766228675842285,7.06866455078125,0.196961909532547,0.19798819720745087,1902.739156182861,2120.8245809840896,0.03290719696969697,0.009588068181818182,0.04800891503691673,0.05466851219534874,1.0052105921059726,0.9117947829330262,0.30855786940440183
w/o CLAHE,D:\A题代码_公式包\clear text\cam18_02-02_09-56 - .jpeg,0.4011119604110718,0.4627437889575958,0.8413523435592651,0.2757359916361135,0.23144791591323777,7.404263019561768,7.3969244956970215,0.30716419219970703,0.31948959827423096,3104.6452149291404,3662.174249369722,0.08609375,0.007659143518518518,0.10063394904136658,0.11337345093488693,1.0401264934677088,0.9412675752259694,0.42515891658921484
w/o CLAHE,D:\A题代码_公式包\clear text\cam18_02-02_22-31 - .jpeg,0.24622124433517456,0.3705615997314453,0.6737483631480823,0.16670036316234285,0.1502170125206691,6.522079944610596,6.638598918914795,0.2621346712112427,0.28636598587036133,2688.8106180166737,3278.1819721823613,0.01988136574074074,0.014447337962962962,0.08234545588493347,0.09937693923711777,1.0924384297935232,0.8419481088086731,0.3256855609781395
w/o CLAHE,D:\A题代码_公式包\clear text\cam18_03-02_03-08.jpeg,0.2878369688987732,0.38466742634773254,0.699395320632241,0.15184147780597765,0.13986175820903254,6.688593864440918,6.617343902587891,0.2554536461830139,0.27564412355422974,2461.488052654996,2943.977337957303,0.019539930555555557,0.01462962962962963,0.07903289794921875,0.09339866787195206,1.079037783380625,0.9094791403635749,0.3211734814132404
w/o CLAHE,D:\A题代码_公式包\clear text\cam190_31-01_00-14.jpeg,0.3550992012023926,0.4325566589832306,0.7864666526967828,0.18807154407989152,0.16075924318205767,7.141602993011475,6.947083950042725,0.18009787797927856,0.17704910039901733,1327.6102322630097,1473.9761916262257,0.021549479166666666,0.0064719460227272724,0.03556590899825096,0.04080071300268173,0.9830716162004799,0.9450433909341187,0.28452057068870995
w/o CLAHE,D:\A题代码_公式包\clear text\cam195_30-01_19-39.jpeg,0.3143550157546997,0.40710893273353577,0.7401980595155195,0.25411623528503674,0.212315774233305,7.529986381530762,7.535645961761475,0.32909077405929565,0.32401371002197266,1870.3928576067372,2073.4638033653728,0.041178385416666664,0.008099550189393939,0.06834065169095993,0.07578018307685852,0.98457249944292,0.8522636130875401,0.3472664376823747
w/o CLAHE,D:\A题代码_公式包\clear text\cam197_02-02_22-00.jpeg,0.31029653549194336,0.4077146649360657,0.7412993907928467,0.17865397872362127,0.15932327994328851,7.126138687133789,7.077999591827393,0.28226909041404724,0.2907945215702057,2636.51371433396,3023.1789066566917,0.018880208333333332,0.012861689814814815,0.08560316264629364,0.09677057713270187,1.0302032533983947,0.9046625988857837,0.3418365390124418
w/o CLAHE,D:\A题代码_公式包\clear text\cam204_02-02_09-57.jpeg,0.4257877469062805,0.4786131978034973,0.8702058141881769,0.20717410674942752,0.18618994555391558,7.178328514099121,7.116084098815918,0.3610683083534241,0.3599514067173004,4034.321044557163,4482.367902186339,0.036278935185185185,0.008715277777777778,0.11912862211465836,0.12855109572410583,0.996906642262968,0.956069423170969,0.4250773046168918
w/o CLAHE,D:\A题代码_公式包\clear text\cam204_02-02_21-05.jpeg,0.26526734232902527,0.3672046661376953,0.6676448475230823,0.18534726480973499,0.15617231258015396,6.853494167327881,6.7428364753723145,0.22271335124969482,0.23332485556602478,2276.2940834101923,2572.31126439924,0.028489583333333332,0.008370949074074074,0.06401500105857849,0.07424432039260864,1.0476464496730413,0.858972989248554,0.295743740769221
w/o CLAHE,D:\A题代码_公式包\clear text\cam204_02-02_23-56.jpeg,0.29014813899993896,0.38833627104759216,0.7060659473592584,0.1927312642311601,0.16207465711888291,7.029225826263428,6.926921844482422,0.24639052152633667,0.254263699054718,2385.3649703569745,2678.054839779776,0.031689814814814816,0.008541666666666666,0.07051670551300049,0.08072345703840256,1.0319540547836186,0.8713355833224486,0.31442421410831056
w/o CLAHE,D:\A题代码_公式包\clear text\cam208_02-02_23-43.jpeg,0.2645230293273926,0.37389224767684937,0.6798040866851807,0.18412944294389857,0.1599647655114662,6.854110240936279,6.734521865844727,0.25712135434150696,0.2658165991306305,2526.4917126608766,2868.6530424811385,0.02572337962962963,0.011108217592592593,0.07683345675468445,0.08757425099611282,1.0338176325888484,0.8735424834368849,0.31144463708994613
w/o CLAHE,D:\A题代码_公式包\clear text\cam20_02-02_09-48 - .jpeg,0.433753103017807,0.493524968624115,0.897318124771118,0.24604119226784882,0.21597475242863073,7.623144149780273,7.521148681640625,0.4295238256454468,0.42983806133270264,3595.1952484886096,3990.6252453974435,0.009824810606060606,0.009250710227272727,0.12228293716907501,0.13104280829429626,1.0007316039024168,0.9489292767784081,0.4573702855587798
w/o CLAHE,D:\A题代码_公式包\clear text\cam20_02-02_20-27 - .jpeg,0.3118704557418823,0.4089760184288025,0.7435927607796409,0.2097366545430236,0.17968729607773806,7.316989421844482,7.232524871826172,0.2274230420589447,0.23112483322620392,1925.6879524061414,2185.862091618057,0.02996863162878788,0.010899029356060606,0.05418739467859268,0.06198186054825783,1.0162771426038009,0.8924709005924424,0.3197347599951509
w/o CLAHE,D:\A题代码_公式包\clear text\cam20_03-02_09-37 - .jpeg,0.42841875553131104,0.4888208508491516,0.8887651833620938,0.2442927569216675,0.21385763322131185,7.590270519256592,7.528939247131348,0.45308756828308105,0.45186659693717957,3804.178465180402,4205.647128350509,0.03676313920454546,0.00948153409090909,0.12975367903709412,0.13855786621570587,0.9973052176319553,0.9522318945587226,0.46460971056631056
w/o CLAHE,D:\A题代码_公式包\clear text\cam213_03-02_09-42.jpeg,0.5103495121002197,0.5405378341674805,0.9827960621226917,0.22963389001717865,0.19871332787703153,7.4589972496032715,7.254363536834717,0.25393420457839966,0.25094807147979736,1751.858736912716,1949.6974430838675,0.04533617424242424,0.0076171875,0.053465258330106735,0.058249279856681824,0.9882405947497765,0.9749348949662008,0.3748564926142733
w/o CLAHE,D:\A题代码_公式包\clear text\cam217_02-02_10-12.jpeg,0.429484099149704,0.4702276587486267,0.8549593795429575,0.16727344484763587,0.14869665561331546,7.160552024841309,6.9113593101501465,0.2021077275276184,0.20193250477313995,1477.9653163205735,1656.6491020596368,0.00537109375,0.006575520833333333,0.041851941496133804,0.04644415155053139,0.9991330279205275,0.9749388107937184,0.30787390195050135
w/o CLAHE,D:\A题代码_公式包\clear text\cam217_02-02_22-14.jpeg,0.32912367582321167,0.4186120629310608,0.7611128416928378,0.18497688819934538,0.1649793812166727,6.940121650695801,6.820191383361816,0.25151681900024414,0.25332462787628174,1650.60771162858,1867.2486986578526,0.006995738636363637,0.0071999289772727276,0.053312722593545914,0.059985216706991196,1.0071876207765458,0.9367310572629742,0.3092693343105274
w/o CLAHE,D:\A题代码_公式包\clear text\cam219_12-02_14-11.jpeg,0.5230683088302612,0.5363819599151611,0.9752399271184747,0.24670342007792379,0.21289229985043248,7.45262336730957,7.276886940002441,0.16899456083774567,0.16866444051265717,2029.9695992823058,2220.0686658755917,0.06899562026515152,0.010070430871212122,0.04131763428449631,0.045316167175769806,0.9980466032123273,0.9729659237316349,0.3691809665784138
w/o CLAHE,D:\A题代码_公式包\clear text\cam219_17-02_07-23.jpeg,0.5172582268714905,0.5347480773925781,0.9722692316228693,0.23336481924995353,0.2039529643528001,7.464069843292236,7.263995170593262,0.18067467212677002,0.18230696022510529,2079.79708100135,2287.0741243671646,0.022676964962121213,0.01006747159090909,0.04498787224292755,0.04965318366885185,1.0090343960828347,0.9712347953982007,0.37119515321047497
w/o CLAHE,D:\A题代码_公式包\clear text\cam223_02-02_20-10.jpeg,0.2088296115398407,0.3447093665599823,0.6267443028363314,0.1546348194056408,0.13379090002538396,6.307554244995117,6.20986270904541,0.14892050623893738,0.15970219671726227,1687.4899537020624,1947.6847887154704,0.01894675925925926,0.009091435185185185,0.04401829466223717,0.05292103812098503,1.0723990032192359,0.8133671209496118,0.23495059706774987
w/o CLAHE,D:\A题代码_公式包\clear text\cam223_17-02_07-40.jpeg,0.4101335406303406,0.45623746514320374,0.829522663896734,0.17385384198198783,0.15660706575028827,7.011262893676758,6.8204522132873535,0.21184377372264862,0.21472449600696564,1786.9067187135297,2012.196744680941,0.008278356481481482,0.007456597222222222,0.05599761754274368,0.0622679628431797,1.013598345491203,0.9724715273582215,0.31684039049143
w/o CLAHE,D:\A题代码_公式包\clear text\cam223_17-02_20-11.jpeg,0.24764880537986755,0.3595238924026489,0.6536798043684525,0.1924282372189158,0.1548079655471584,6.585716247558594,6.324719429016113,0.14304658770561218,0.14439921081066132,1440.3654890036164,1641.5364870801382,0.030338541666666666,0.007349537037037037,0.03455556556582451,0.04119483008980751,1.0094558832987615,0.831883905967017,0.23064780403567278
w/o CLAHE,D:\A题代码_公式包\clear text\cam223_17-02_20-42.jpeg,0.2897794544696808,0.37953078746795654,0.6900559772144663,0.16807233772777352,0.14067473349676624,6.905741214752197,6.606098175048828,0.13688693940639496,0.13728772103786469,1413.7927574568303,1601.3128460760338,0.01659722222222222,0.0075144675925925926,0.03332369774580002,0.03873481601476669,1.0029278363899978,0.9110865074680873,0.24414805966783426
w/o CLAHE,D:\A题代码_公式包\clear text\cam23_03-02_01-52 - .jpeg,0.2966262996196747,0.37359634041786194,0.6792660734870217,0.13466613120687704,0.12690995967590388,6.550930500030518,6.398538112640381,0.16670888662338257,0.17604434490203857,1698.5361129917642,1961.2016458460591,0.008153935185185186,0.008203125,0.04665429890155792,0.054724082350730896,1.0559985864965915,0.943560389875742,0.2635039450206407
w/o CLAHE,D:\A题代码_公式包\clear text\cam23_17-02_19-25 - .jpeg,0.28572556376457214,0.3722723126411438,0.676858750256625,0.16026653537510654,0.13755837696556591,6.5880560874938965,6.315809726715088,0.13315512239933014,0.13826754689216614,1628.6478066003033,1846.6431274992683,0.014554398148148148,0.007146990740740741,0.039349716156721115,0.04587855190038681,1.0383945233914051,0.9223527181089356,0.24800170308085118
w/o CLAHE,D:\A题代码_公式包\clear text\cam245_02-02_22-06.jpeg,0.2840006351470947,0.4007289409637451,0.7285980744795365,0.23084423765321924,0.19141203007221405,7.325503826141357,7.384387969970703,0.27257803082466125,0.28693464398384094,1042.9568289361032,1214.6702516336065,0.024849076704545454,0.0014678030303030302,0.06421543657779694,0.07384510338306427,1.052669707415882,0.8235202647156433,0.3139462439571556
w/o CLAHE,D:\A题代码_公式包\clear text\cam245_17-02_08-16.jpeg,0.44812455773353577,0.5070326328277588,0.9218775142322886,0.2241473731888966,0.2018482902366413,7.674623012542725,7.54975700378418,0.44583937525749207,0.45144718885421753,3742.2073267323785,4274.386165377894,0.014527107007575757,0.01112097537878788,0.12536169588565826,0.13648481667041779,1.0125781048153033,0.9512211650416504,0.4707088432796689
w/o CLAHE,D:\A题代码_公式包\clear text\cam245_17-02_09-21.jpeg,0.46433645486831665,0.5092040300369263,0.9258255091580477,0.1960719750975638,0.17799600013161193,7.488080024719238,7.319396018981934,0.3607501983642578,0.3628626763820648,3017.6789189265646,3455.133814389988,0.013109611742424242,0.011171283143939394,0.09459865093231201,0.10316979885101318,1.005855782184741,0.9709125611730636,0.419350556963825
w/o CLAHE,D:\A题代码_公式包\clear text\cam245_17-02_20-38.jpeg,0.3003353774547577,0.4032604694366455,0.7332008535211736,0.23320459056242654,0.1980981931139716,7.408227920532227,7.44923210144043,0.2427177131175995,0.2540299892425537,2052.6313491078577,2356.924061037139,0.04315814393939394,0.009153053977272728,0.06132237985730171,0.07215315103530884,1.0466067459469508,0.8270418780731457,0.3374373761767872
w/o CLAHE,D:\A题代码_公式包\clear text\cam245_17-02_20-47.jpeg,0.3330221474170685,0.43039074540138245,0.7825286280025134,0.23570241657401403,0.20281469925746662,7.497023582458496,7.524880409240723,0.2533687651157379,0.26174262166023254,2196.9403823276657,2509.952342972313,0.048384232954545456,0.011473129734848484,0.06717271357774734,0.07668806612491608,1.0330501444481772,0.8682686513114679,0.3570601897739371
w/o CLAHE,D:\A题代码_公式包\clear text\cam252_03-02_01-47.jpeg,0.32606789469718933,0.4231742024421692,0.7694076408039439,0.22083260660393533,0.19544448423498967,7.4488115310668945,7.492582321166992,0.3290231227874756,0.3451788127422333,2079.8479314356055,2441.097052548937,0.027681107954545453,0.009093868371212122,0.0756518542766571,0.0884067714214325,1.0491020416551409,0.8801317135000165,0.37415686192921377
w/o CLAHE,D:\A题代码_公式包\clear text\cam255_17-02_08-11.jpeg,0.472038596868515,0.49830618500709534,0.906011245467446,0.1945828015747981,0.17312505878078813,7.277055263519287,7.083454132080078,0.3116835057735443,0.31653499603271484,2486.0959367340397,2773.5803535706277,0.02888849431818182,0.009599905303030303,0.08660878986120224,0.09409820288419724,1.0155654278229636,0.9707327367839504,0.3831975847972696
w/o CLAHE,D:\A题代码_公式包\clear text\cam255_17-02_09-21.jpeg,0.4791506826877594,0.5047432780265808,0.9177150509574196,0.19607765503569688,0.1734486645287407,7.303783416748047,7.134944915771484,0.2990362048149109,0.30181702971458435,2223.0226385068936,2467.7486114333024,0.02648259943181818,0.008860085227272727,0.07728057354688644,0.08372965455055237,1.0092992402545524,0.9686333262008325,0.3753842185388287
w/o CLAHE,D:\A题代码_公式包\clear text\cam255_17-02_09-32.jpeg,0.4712257981300354,0.4982621669769287,0.9059312126853248,0.19420167823386705,0.17454425270279456,7.237849235534668,7.083660125732422,0.32556527853012085,0.33119916915893555,2758.408625967684,3084.6385679579876,0.03104285037878788,0.009555516098484849,0.09560458362102509,0.10394161939620972,1.0173048975112406,0.9710107393127364,0.3940437795349675
w/o CLAHE,D:\A题代码_公式包\clear text\cam281_17-02_19-39.jpeg,0.2697230875492096,0.37052011489868164,0.6736729361794211,0.181337725350045,0.15373019976218075,7.0127668380737305,6.860035419464111,0.2684192657470703,0.2780950963497162,2217.0226248423173,2533.265023287299,0.023763020833333332,0.008803858901515152,0.07427991926670074,0.08419349044561386,1.0360474767022676,0.8774040533253955,0.3073822692045491
w/o CLAHE,D:\A题代码_公式包\clear text\cam287_02-02_20-52.jpeg,0.31795287132263184,0.41776105761528015,0.7595655593005093,0.20329115406557843,0.1734658700455633,7.414028167724609,7.315774917602539,0.2712878882884979,0.2738999128341675,1925.724907618112,2238.682376430676,0.025423177083333335,0.007800662878787879,0.06484318524599075,0.07302143424749374,1.0096281682206483,0.8916738199267741,0.3311494259263519
w/o CLAHE,D:\A题代码_公式包\clear text\cam287_02-02_21-07.jpeg,0.3377175033092499,0.43150562047958374,0.7845556735992432,0.23704096323110108,0.2024402692091682,7.546860218048096,7.530577659606934,0.3681195080280304,0.37953388690948486,2685.0351724086845,3126.037292288648,0.04373224431818182,0.010141453598484848,0.0992831438779831,0.1119365319609642,1.0310072724739878,0.886682764025884,0.39937840164507493
w/o CLAHE,D:\A题代码_公式包\clear text\cam287_02-02_22-34.jpeg,0.30875369906425476,0.4128011167049408,0.7505474849180741,0.20372196170321052,0.17731024204809695,7.373979568481445,7.31280517578125,0.3406059145927429,0.35529157519340515,2563.207676385401,2967.126046012794,0.028776041666666665,0.011265980113636364,0.09488378465175629,0.10727683454751968,1.0431162715603757,0.8818946360191202,0.3701504538199422
w/o CLAHE,D:\A题代码_公式包\clear text\cam287_03-02_00-16.jpeg,0.30909162759780884,0.41443490982055664,0.7535180178555575,0.2116899703075038,0.18320934624367533,7.372553825378418,7.335742950439453,0.32883960008621216,0.33799996972084045,2571.428705036585,2928.663445549878,0.03270596590909091,0.011845999053030304,0.09077692031860352,0.10160580277442932,1.0278567115922193,0.8788067244494896,0.36545245967773315
w/o CLAHE,D:\A题代码_公式包\clear text\cam287_03-02_08-01.jpeg,0.4388352334499359,0.4962049126625061,0.9021907502954656,0.22975276156326388,0.2070662464578404,7.586516380310059,7.5219926834106445,0.48270517587661743,0.48832064867019653,3816.184644633513,4389.439798588389,0.03967211174242424,0.009922466856060606,0.13814319670200348,0.14978547394275665,1.0116333405212181,0.957989595372696,0.4798356809940117
w/o CLAHE,D:\A题代码_公式包\clear text\cam291_02-02_23-16.jpeg,0.2902068793773651,0.3828784227371216,0.6961425867947665,0.1728145143973026,0.15962264344111718,7.196248531341553,7.1254425048828125,0.3090861439704895,0.32488375902175903,2472.622299067915,2930.091275334214,0.009845525568181818,0.009549597537878788,0.08340784162282944,0.0957871675491333,1.0511107817797773,0.901450470813333,0.34637150748299333
w/o CLAHE,D:\A题代码_公式包\clear text\cam291_02-02_23-35.jpeg,0.2977786660194397,0.3862152397632599,0.7022095268422907,0.17064208080863402,0.15845388087426546,7.183636665344238,7.0990777015686035,0.3093957006931305,0.3251708447933197,2486.8772401885008,2945.2067234326896,0.009978693181818182,0.009588068181818182,0.0834631472826004,0.09562616050243378,1.050986921629963,0.9105143099197696,0.34794266317167033
w/o CLAHE,D:\A题代码_公式包\clear text\cam291_02-02_23-53.jpeg,0.292831689119339,0.3848399221897125,0.6997089494358408,0.17178168429296903,0.15835887504714444,7.199439525604248,7.113068580627441,0.3051948845386505,0.31950995326042175,2492.5123129803414,2929.2284320684084,0.009599905303030303,0.009605823863636363,0.08297672122716904,0.09473878145217896,1.046904713214997,0.9039646180708221,0.34433781662589785
w/o CLAHE,D:\A题代码_公式包\clear text\cam291_12-02_13-38.jpeg,0.4670604467391968,0.505784809589386,0.9196087447079745,0.2048011086642606,0.18675667679773228,7.311505317687988,7.223465919494629,0.4157518148422241,0.415608286857605,3567.4021881733697,3968.6550616513587,0.03209339488636364,0.011144649621212121,0.12134191393852234,0.13021884858608246,0.9996547163849165,0.9636524239345124,0.4392760635981126
w/o CLAHE,D:\A题代码_公式包\clear text\cam291_17-02_09-00.jpeg,0.47112372517585754,0.5112823247909546,0.9296042268926447,0.20625417009820401,0.18800395372708023,7.434890270233154,7.325374603271484,0.42544466257095337,0.4263487756252289,3642.7487620890174,4062.7131184586788,0.02138080018939394,0.012162642045454546,0.12374772131443024,0.1330493688583374,1.00212513686911,0.9620138871980168,0.4487971945000655
w/o CLAHE,D:\A题代码_公式包\clear text\cam291_17-02_19-30.jpeg,0.26947835087776184,0.3767438530921936,0.6849888238039883,0.19040500068657562,0.16821489725140987,7.047173976898193,7.00600528717041,0.3061869442462921,0.31387925148010254,2675.673807640522,3056.4795375821786,0.022419507575757575,0.010191761363636363,0.08754818886518478,0.0976991057395935,1.025122935809938,0.8779945228088774,0.33644157535345565
w/o CLAHE,D:\A题代码_公式包\clear text\cam294_03-02_07-23.jpeg,0.49264582991600037,0.5303381681442261,0.9642512148076837,0.2277430572378335,0.20145759116703957,7.5054707527160645,7.3685503005981445,0.3808749318122864,0.38267797231674194,3333.5596593335836,3709.4100055500176,0.008928148674242424,0.009061316287878788,0.11325427144765854,0.12151800096035004,1.00473396951482,0.9724741499598482,0.4456376228813355
w/o CLAHE,D:\A题代码_公式包\clear text\cam296_17-02_20-02.jpeg,0.24301299452781677,0.3595058023929596,0.6536469134417446,0.19912933763027613,0.17053200666928747,6.978327751159668,7.03066349029541,0.2817787528038025,0.3046228587627411,2345.76176186798,2755.3479492345045,0.030705492424242423,0.010771780303030304,0.07615751773118973,0.09076157957315445,1.0810709882668208,0.8009825891711739,0.32582467905593193
w/o CLAHE,D:\A题代码_公式包\clear text\cam2_02-02_21-12 - .jpeg,0.31960001587867737,0.4051193594932556,0.7365806536241011,0.17876810955986663,0.15208409315731333,7.182704925537109,6.9341888427734375,0.22403186559677124,0.2289351522922516,1614.6317330262857,1832.0824686651167,0.013914535984848484,0.007670454545454545,0.05442877858877182,0.06132650002837181,1.021886584318228,0.9196505576308737,0.2957052814580675
w/o CLAHE,D:\A题代码_公式包\clear text\cam301_17-02_19-26.jpeg,0.2713843286037445,0.363275945186615,0.6605017185211182,0.18047690387680548,0.1542364743473002,7.052769660949707,6.888311862945557,0.17513437569141388,0.17934434115886688,1619.7205659617978,1821.8159084294757,0.024946732954545456,0.008025568181818182,0.03961608186364174,0.046362556517124176,1.0240384537358722,0.8720854948910177,0.2658853281521995
w/o CLAHE,D:\A题代码_公式包\clear text\cam313_02-02_10-18.jpeg,0.46594738960266113,0.49819058179855347,0.9058010578155516,0.19423490619887596,0.17235211747517498,7.119455814361572,6.946809768676758,0.31757307052612305,0.3179802894592285,2420.500689251657,2691.065098513454,0.035970052083333336,0.008345170454545454,0.08876713365316391,0.09525781869888306,1.0012823195446847,0.9779543782042048,0.3757404854469407
w/o CLAHE,D:\A题代码_公式包\clear text\cam313_02-02_10-29.jpeg,0.4618646800518036,0.4963279366493225,0.9024144302714954,0.19518125885984933,0.17330084020198744,7.063117980957031,6.918148994445801,0.3208010196685791,0.3219388723373413,2508.803414356207,2796.322755574173,0.040077533143939394,0.00870028409090909,0.09101385623216629,0.09778890013694763,1.0035469241151669,0.9768577533397477,0.3783928869136202
w/o CLAHE,D:\A题代码_公式包\clear text\cam313_03-02_00-03.jpeg,0.28337886929512024,0.3825758993625641,0.695592544295571,0.17176583181629393,0.15186419060533024,7.0388312339782715,6.947855472564697,0.2820214629173279,0.29396262764930725,2029.4458177115614,2326.8523026961507,0.01591796875,0.00889855587121212,0.07739301025867462,0.0877678245306015,1.0423413488392077,0.8987720983434325,0.31505503644161603
w/o CLAHE,D:\A题代码_公式包\clear text\cam313_03-02_10-22.jpeg,0.4503353238105774,0.49129119515419006,0.8932567184621637,0.19936505780768696,0.1754026780156378,7.4006876945495605,7.2008957862854,0.3163479268550873,0.31703880429267883,2333.760353407811,2605.828597486083,0.02003136837121212,0.007735558712121212,0.0869036465883255,0.09359900653362274,1.0021838742483387,0.9717033474300097,0.3782009562980972
w/o CLAHE,D:\A题代码_公式包\clear text\cam315_02-02_22-54.jpeg,0.3443772792816162,0.42677053809165955,0.7759464328939264,0.2081517827471672,0.1805821038784105,7.252663612365723,7.151582717895508,0.23712094128131866,0.24315938353538513,1877.0940315372688,2135.106856406547,0.028870738636363635,0.008253432765151515,0.060689639300107956,0.0693935975432396,1.025465660725226,0.9211569329245373,0.33046797454819626
w/o CLAHE,D:\A题代码_公式包\clear text\cam315_03-02_00-21.jpeg,0.35004109144210815,0.4320521056652069,0.7855492830276489,0.2099377502393732,0.1774131736530995,7.267601013183594,7.107390880584717,0.22113041579723358,0.22300580143928528,1788.4567619554134,2003.1056344679803,0.03188032670454546,0.008942945075757576,0.057260945439338684,0.06416741013526917,1.008480877519806,0.9208855916751923,0.31836193900050336
w/o CLAHE,D:\A题代码_公式包\clear text\cam315_31-01_03-02.jpeg,0.34420278668403625,0.42532962560653687,0.7733265920118851,0.21382199416934444,0.1883469813751829,7.4153337478637695,7.428229808807373,0.22101029753684998,0.22938507795333862,1776.480110472083,2026.129692846663,0.02138671875,0.007454427083333334,0.0560099296271801,0.06519696861505508,1.0378931965634057,0.9096504124327955,0.33550851416535565
w/o CLAHE,D:\A题代码_公式包\clear text\cam320_03-02_00-40.jpeg,0.330578476190567,0.4190206825733185,0.7618557864969426,0.201113293528846,0.17105046233279578,7.290308475494385,7.096179008483887,0.2683147192001343,0.27020782232284546,2056.4398840679523,2296.577601274327,0.019386245265151515,0.008907433712121212,0.0722976103425026,0.07991359382867813,1.0070555472977802,0.9127223958351051,0.32677527630541536
w/o CLAHE,D:\A题代码_公式包\clear text\cam323_02-02_19-13.jpeg,0.2641791105270386,0.36371660232543945,0.6613029133189807,0.16945818233878,0.14856757378351854,6.874680519104004,6.709038734436035,0.20774830877780914,0.21537834405899048,2072.0594723163863,2352.527053824522,0.01572857481060606,0.01015033143939394,0.05726361647248268,0.06519868969917297,1.036727316115531,0.892440627131089,0.28391730406534565
w/o CLAHE,D:\A题代码_公式包\clear text\cam323_02-02_21-12.jpeg,0.2751135528087616,0.37067484855651855,0.673954270102761,0.16859555733780343,0.14876078422216024,6.931291580200195,6.779573440551758,0.21779179573059082,0.2260524034500122,2099.9643757521153,2387.0248390554702,0.017510061553030302,0.010609019886363636,0.060775261372327805,0.06901050359010696,1.037928953248261,0.901026984850865,0.2921859853114146
w/o CLAHE,D:\A题代码_公式包\clear text\cam327_02-02_20-26.jpeg,0.2902718186378479,0.37843337655067444,0.6880606846375898,0.14892003477418542,0.136846231825843,6.813596248626709,6.689946174621582,0.22460828721523285,0.2328631430864334,1781.0987710012134,2087.523652790786,0.010715553977272727,0.008377722537878787,0.057094279676675797,0.06562192738056183,1.0367522300533352,0.9325649473922046,0.28652231786497445
w/o CLAHE,D:\A题代码_公式包\clear text\cam327_02-02_21-38.jpeg,0.2923278212547302,0.37447935342788696,0.6808715516870671,0.1438644358300394,0.1333957914810664,6.727465629577637,6.574718952178955,0.2170652449131012,0.22565147280693054,1762.4051382015339,2057.818996493889,0.009232954545454546,0.007839133522727273,0.05766313150525093,0.0656171441078186,1.0395559644661305,0.9432284031431468,0.2805538173064363
w/o CLAHE,D:\A题代码_公式包\clear text\cam327_03-02_01-07.jpeg,0.3074169158935547,0.3875162899494171,0.7045750726353037,0.1534570389872012,0.13877847783792166,6.798798084259033,6.672427177429199,0.21245375275611877,0.21841934323310852,1738.960974525254,2007.9366774671641,0.014000355113636363,0.008922230113636364,0.05558641627430916,0.06301967054605484,1.0280794660578065,0.9465367975998179,0.2844244950666588
w/o CLAHE,D:\A题代码_公式包\clear text\cam331_17-02_07-45.jpeg,0.5210294723510742,0.5428617596626282,0.9870213812047784,0.2317626948157692,0.20593256711179883,7.505138397216797,7.362921714782715,0.3557065427303314,0.365251362323761,3336.118863770316,3792.701279871777,0.011840080492424243,0.010896070075757576,0.10812323540449142,0.1181885302066803,1.026833414809838,0.9717645304819322,0.4539532796530473
w/o CLAHE,D:\A题代码_公式包\clear text\cam335_02-02_21-18.jpeg,0.2866123914718628,0.3868100643157959,0.7032910260287197,0.20029771093695994,0.17263686402697695,7.153689384460449,7.087538719177246,0.29740363359451294,0.3134571313858032,2704.8390282293763,3111.7729448330742,0.023496685606060608,0.010031960227272728,0.09151406586170197,0.1036282628774643,1.0539788369060712,0.8745669157700942,0.3494863909446657
w/o CLAHE,D:\A题代码_公式包\clear text\cam335_17-02_08-17.jpeg,0.5292103886604309,0.5358633995056152,0.9742970900102095,0.18453414734514326,0.17225496095487997,7.003998756408691,6.881566047668457,0.246600940823555,0.25356215238571167,2312.686962445883,2595.5819314621344,0.011123934659090909,0.009431226325757576,0.06744281947612762,0.07422245293855667,1.0282286400091625,0.9789242389684705,0.3763421900765211
w/o CLAHE,D:\A题代码_公式包\clear text\cam338_17-02_20-48.jpeg,0.2979084253311157,0.38408195972442627,0.6983308358625931,0.17363796901448178,0.14964189718272944,6.918959617614746,6.7006659507751465,0.21827130019664764,0.22253204882144928,1765.7460757392955,1968.6792081904343,0.022342566287878788,0.008753551136363636,0.05521482229232788,0.061517588794231415,1.0195204897359418,0.9269002244535323,0.2845422533292691
w/o CLAHE,D:\A题代码_公式包\clear text\cam338_30-01_19-57.jpeg,0.3117820918560028,0.3940126299858093,0.7163865999741987,0.17887046376331048,0.151252592903574,7.072986602783203,6.794754505157471,0.1585526317358017,0.15569652616977692,1509.6167917176188,1665.4620512467113,0.02196081912878788,0.009292140151515152,0.03472014516592026,0.03907882794737816,0.9819864147784596,0.9268763203667137,0.26131816116498535
w/o CLAHE,D:\A题代码_公式包\clear text\cam338_30-01_20-09.jpeg,0.3167049288749695,0.39851313829421997,0.7245693423531272,0.18053619027849566,0.1514112852825001,7.037978172302246,6.765277862548828,0.15827886760234833,0.15495812892913818,1499.2990746868543,1666.0581768193433,0.023295454545454546,0.009002130681818182,0.03483080118894577,0.03924248367547989,0.979019742405384,0.9285649289649293,0.26151536744342213
w/o CLAHE,D:\A题代码_公式包\clear text\cam33_03-02_00-20 - .jpeg,0.3419625163078308,0.4273377060890198,0.7769776474345813,0.19075390481825286,0.1709865322109644,7.299097537994385,7.216421127319336,0.3712427616119385,0.3849857449531555,2812.973721846054,3279.996056615998,0.02382220643939394,0.01141690340909091,0.10315130650997162,0.1155187338590622,1.0370188859284761,0.929757759758264,0.38879065303518817
w/o CLAHE,D:\A题代码_公式包\clear text\cam342_12-02_13-39.jpeg,0.5134406685829163,0.5411142110824585,0.9838440201499244,0.27477548955462483,0.24055716928237714,7.603672027587891,7.556151390075684,0.3860916793346405,0.39526960253715515,3121.2606686724253,3551.472105709493,0.12429865056818182,0.014760890151515152,0.10338874161243439,0.11287630349397659,1.023771355082006,0.9708529265661239,0.4741917523219893
w/o CLAHE,D:\A题代码_公式包\clear text\cam342_30-01_11-13.jpeg,0.41445720195770264,0.4727037847042084,0.8594614267349242,0.2824818083016655,0.24868619259559327,7.662540435791016,7.7279462814331055,0.6285414695739746,0.6427165269851685,5979.906272242723,6846.55870519548,0.08415601325757575,0.01778823390151515,0.19295933842658997,0.2100556641817093,1.0225523001558265,0.941052623848298,0.5849073612317399
w/o CLAHE,D:\A题代码_公式包\clear text\cam343_02-02_10-02.jpeg,0.4792594313621521,0.5123072862625122,0.9314677932045676,0.2683384435329303,0.23432128061399016,7.577027320861816,7.537951469421387,0.4046594202518463,0.4171667993068695,3348.8807236442794,3882.5455572841056,0.034141216856060606,0.010135535037878788,0.11334922164678574,0.12501980364322662,1.030908437711667,0.9678298801359568,0.4754412785006499
w/o CLAHE,D:\A题代码_公式包\clear text\cam343_02-02_10-30.jpeg,0.4957522451877594,0.5242772698402405,0.9532313997095281,0.2844903594526183,0.24810395310297736,7.440582275390625,7.464900970458984,0.41251641511917114,0.4240643084049225,3403.4745611325307,3923.595893409867,0.14172289299242424,0.010694839015151515,0.11493540555238724,0.1263366937637329,1.027993749494567,0.9692830250973081,0.48542715096438155
w/o CLAHE,D:\A题代码_公式包\clear text\cam343_17-02_07-41.jpeg,0.5166652798652649,0.5430476069450378,0.9873592853546141,0.251740582829906,0.21972707184880944,7.699215888977051,7.564058303833008,0.3767858147621155,0.38570237159729004,3100.5274349744304,3607.462497356606,0.061073626893939394,0.010014204545454545,0.10607830435037613,0.1168210506439209,1.023664765995778,0.9730295179252322,0.46512264152780536
w/o CLAHE,D:\A题代码_公式包\clear text\cam346_02-02_10-18.jpeg,0.5031973123550415,0.5288196206092834,0.9614902192896062,0.2507783468988353,0.21682967254361668,7.420135498046875,7.24871826171875,0.23392841219902039,0.22892513871192932,1674.5451454619379,1842.4222118865996,0.019365530303030305,0.008043323863636364,0.045846421271562576,0.04971962422132492,0.9786119729900474,0.9721157044042223,0.36926469968993897
w/o CLAHE,D:\A题代码_公式包\clear text\cam351_02-02_22-35.jpeg,0.2734836935997009,0.381113737821579,0.6929340687665072,0.18390589103896884,0.16031840883604398,6.8776679039001465,6.81479024887085,0.27980878949165344,0.2848590314388275,2558.679998296934,2920.7731936458363,0.023162286931818182,0.010579427083333334,0.07850117236375809,0.0878206118941307,1.0180488978470192,0.8843459387155895,0.3200080561613499
w/o CLAHE,D:\A题代码_公式包\clear text\cam351_03-02_07-27.jpeg,0.4914361536502838,0.5207920670509338,0.9468946673653342,0.19955735516902234,0.17764173138913827,7.392500400543213,7.251664161682129,0.3474911153316498,0.3483758568763733,2721.520790652125,3031.952692566198,0.0363961884469697,0.010609019886363636,0.09533181041479111,0.10289468616247177,1.0025460808255602,0.9735902458453057,0.40680213821334155
w/o CLAHE,D:\A题代码_公式包\clear text\cam351_03-02_07-44.jpeg,0.5076578855514526,0.5324620008468628,0.9681127288124778,0.20148769625981255,0.17894753933720858,7.394240379333496,7.236536026000977,0.322848916053772,0.32229042053222656,2664.073935541402,2982.477203754385,0.03650864109848485,0.010395951704545454,0.08896245062351227,0.09609835594892502,0.9982700837832889,0.9746939196765145,0.40306642625846617
w/o CLAHE,D:\A题代码_公式包\clear text\cam351_03-02_09-40.jpeg,0.5125780701637268,0.5304976105690002,0.964541110125455,0.19330166162358436,0.17104857940394078,7.285239219665527,7.112395286560059,0.24635303020477295,0.24602694809436798,2078.891729063624,2343.027037636798,0.03258463541666667,0.00819720643939394,0.06356427073478699,0.0693856030702591,0.9986763940399901,0.9774152319962153,0.36572203421027016
w/o CLAHE,D:\A题代码_公式包\clear text\cam353_17-02_17-31.jpeg,0.4035477936267853,0.46629729866981506,0.8478132703087546,0.19638598967766824,0.1754745159337395,7.332972049713135,7.22208309173584,0.26675957441329956,0.2698649764060974,2009.997804006326,2262.001618566723,0.034913589015151514,0.01387606534090909,0.07012960314750671,0.07853902876377106,1.011641205513548,0.9577719640892007,0.3522584111161372
w/o CLAHE,D:\A题代码_公式包\clear text\cam359_02-02_21-03.jpeg,0.2795133590698242,0.37773117423057556,0.686783953146501,0.1693302498347997,0.15382293762453603,7.134947776794434,7.061709880828857,0.3163103461265564,0.3373057544231415,2386.888250386463,2835.2394865486053,0.008365885416666666,0.008842329545454546,0.08561498671770096,0.09889470040798187,1.0663759659218013,0.8944959341957539,0.34361191859907003
w/o CLAHE,D:\A题代码_公式包\clear text\cam359_02-02_21-18.jpeg,0.26817789673805237,0.37007448077201843,0.6728626923127607,0.16730815093148035,0.15229071824251397,7.053913116455078,7.009782791137695,0.3065095543861389,0.32892298698425293,2316.550377294227,2780.9569546045,0.007096354166666667,0.008149857954545455,0.08369949460029602,0.09750575572252274,1.0731247228412217,0.8870092302161295,0.33658334516338845
w/o CLAHE,D:\A题代码_公式包\clear text\cam361_03-02_09-40.jpeg,0.47419866919517517,0.5221391916275024,0.9493439847772771,0.2132292236271494,0.19479248419811182,7.475466728210449,7.36060905456543,0.4472214877605438,0.4497062563896179,3629.071645080936,4046.0900793961455,0.01229580965909091,0.010304214015151514,0.1306496411561966,0.13965533673763275,1.0055559922650024,0.9713124246070794,0.462620695736865
w/o CLAHE,D:\A题代码_公式包\clear text\cam366_03-02_00-12.jpeg,0.3298685848712921,0.4206484854221344,0.7648154280402443,0.2217964171894714,0.1906299472018031,7.52022647857666,7.472278594970703,0.3269497752189636,0.33511248230934143,2522.113675216582,2831.27330314257,0.029660866477272726,0.009833688446969698,0.09085330367088318,0.10107721388339996,1.0249662327869573,0.8667314767534962,0.36869088939744443
w/o CLAHE,D:\A题代码_公式包\clear text\cam366_03-02_00-31.jpeg,0.3378366529941559,0.43344610929489136,0.7880838350816206,0.2454428750535744,0.2043769324538141,7.49220085144043,7.416036605834961,0.33426138758659363,0.3362725079059601,2730.620536017265,3003.600712370509,0.050612571022727273,0.012369791666666666,0.09259174764156342,0.10117180645465851,1.0060165739076465,0.8742237235956346,0.3784067542958389
w/o CLAHE,D:\A题代码_公式包\clear text\cam366_03-02_11-25.jpeg,0.4130368232727051,0.47175025939941406,0.8577277443625709,0.2473256169229226,0.21564336338626355,7.55399227142334,7.442033767700195,0.3815571069717407,0.39231735467910767,3061.211919720442,3579.8602274198156,0.060996685606060606,0.011780894886363637,0.10595045238733292,0.11770058423280716,1.0282008333620196,0.9493124183468165,0.43659951935625396
w/o CLAHE,D:\A题代码_公式包\clear text\cam366_17-02_20-12.jpeg,0.3232693374156952,0.42059797048568726,0.7647235827012495,0.2568862470934893,0.20961672406751708,7.297445774078369,7.224902153015137,0.2864055931568146,0.287860244512558,2418.6264164998706,2640.5034404243124,0.06344105113636364,0.012109375,0.07877147197723389,0.08616004884243011,1.00507906024223,0.8675557527830349,0.3519987229289496
w/o CLAHE,D:\A题代码_公式包\clear text\cam367_17-02_07-56.jpeg,0.4344330430030823,0.48119035363197327,0.8748915520581332,0.21283230234461892,0.18563713859569084,7.478891372680664,7.293083190917969,0.29855358600616455,0.29118800163269043,2056.0511431425184,2266.9239168528266,0.026982717803030302,0.008954782196969697,0.06512918323278427,0.06988793611526489,0.9753290620868685,0.955595541824692,0.3623613880075897
w/o CLAHE,D:\A题代码_公式包\clear text\cam367_17-02_08-21.jpeg,0.44701141119003296,0.48946046829223633,0.8899281241677024,0.21272651461775616,0.1865637778715449,7.443443298339844,7.294801712036133,0.3380776643753052,0.33006471395492554,2227.9282021247627,2433.040832084852,0.031809303977272725,0.009780421401515152,0.0748986303806305,0.07981269806623459,0.9762985554206748,0.9581845104004589,0.37840736925934215
w/o CLAHE,D:\A题代码_公式包\clear text\cam372_17-02_17-31.jpeg,0.31844067573547363,0.4117947518825531,0.748717730695551,0.1702434553093139,0.15113787936799877,7.173464775085449,7.051019191741943,0.28000304102897644,0.29970937967300415,2127.0236140941765,2553.6366908200757,0.01075402462121212,0.010135535037878788,0.08013971894979477,0.09270821511745453,1.0703790143911904,0.9217085269887088,0.34162108090622595
w/o CLAHE,D:\A题代码_公式包\clear text\cam378_12-02_14-57.jpeg,0.4867340922355652,0.5212929248809814,0.9478053179654208,0.21901048753281507,0.19490094518423567,7.239611625671387,7.153219223022461,0.36875227093696594,0.37066152691841125,3093.986020265129,3454.6373046734884,0.06834457859848485,0.013290127840909091,0.10696219652891159,0.11486057937145233,1.0051776316963814,0.9795452746151038,0.4272615570926707
w/o CLAHE,D:\A题代码_公式包\clear text\cam378_12-02_15-31.jpeg,0.46088898181915283,0.50285404920578,0.9142800894650546,0.2230956740329321,0.19330600104112144,7.262061595916748,7.141828536987305,0.3641960024833679,0.3619796633720398,3021.0432626265706,3340.0430269486187,0.061180160984848485,0.008966619318181818,0.10568156838417053,0.11270380765199661,0.9939144741976564,0.9730667180897759,0.41290294804933
w/o CLAHE,D:\A题代码_公式包\clear text\cam378_17-02_07-10.jpeg,0.5189263820648193,0.5390663146972656,0.9801205721768466,0.20612654742412,0.1829882968038237,7.436758041381836,7.266291618347168,0.31894245743751526,0.3241935670375824,2650.080981911063,2997.090712409602,0.023197798295454545,0.011408025568181818,0.09183260053396225,0.1000179871916771,1.0164640596750751,0.9814693855343974,0.4124936261193635
w/o CLAHE,D:\A题代码_公式包\clear text\cam381_02-02_20-53.jpeg,0.31307968497276306,0.40414103865623474,0.7348018884658813,0.20595749467936822,0.1689343751247216,7.239928722381592,7.029486656188965,0.2705526351928711,0.2695175111293793,1894.8237206475599,2080.391491466055,0.03305220170454545,0.01005859375,0.06259524077177048,0.06897779554128647,0.9961740739405524,0.8993166367749513,0.31169780445292444
w/o CLAHE,D:\A题代码_公式包\clear text\cam381_17-02_19-22.jpeg,0.3045303225517273,0.3981321454048157,0.7238766280087556,0.1852741850708388,0.1571188928496674,6.889344215393066,6.736291885375977,0.2141096442937851,0.21211986243724823,1520.9457707182742,1691.278884556239,0.026861387310606062,0.009312855113636364,0.04605850577354431,0.05123244225978851,0.9907067424222151,0.9160222346968723,0.277438721390959
w/o CLAHE,D:\A题代码_公式包\clear text\cam386_17-02_07-51.jpeg,0.47268548607826233,0.522284209728241,0.9496076540513472,0.2272051222841503,0.19530560003066527,7.736632347106934,7.556736946105957,0.3771323561668396,0.38105398416519165,3083.0149368285347,3582.0662890732106,0.028172348484848484,0.010250946969696969,0.10218621045351028,0.11199043691158295,1.0103984670882602,0.958787014715261,0.4422611522761835
w/o CLAHE,D:\A题代码_公式包\clear text\cam389_17-02_07-37.jpeg,0.5053406953811646,0.5311632752418518,0.9657514095306395,0.19112089142871522,0.16619571335746267,7.4117631912231445,7.19536828994751,0.30079683661460876,0.29629799723625183,1570.491064881849,1734.800352066073,0.028255208333333334,0.006747159090909091,0.06190638244152069,0.06662896275520325,0.9850436274778461,0.9825000081389949,0.36219043402941387
w/o CLAHE,D:\A题代码_公式包\clear text\cam397_02-02_10-06.jpeg,0.5174899697303772,0.5308956503868103,0.9652648188851096,0.19068385555463085,0.16885765511135448,6.694340705871582,6.577272891998291,0.22267964482307434,0.2265760600566864,2002.3604431698716,2239.5053327701944,0.0604788115530303,0.009064275568181818,0.06186491623520851,0.06751891225576401,1.0174978119505524,0.9894738425236544,0.3505994581858651
w/o CLAHE,D:\A题代码_公式包\clear text\cam39_03-02_11-49 - .jpeg,0.4025952219963074,0.4528026580810547,0.8232775601473721,0.16424900581189375,0.15389909875822838,6.704395294189453,6.566551208496094,0.1740119308233261,0.17741097509860992,1577.0649652729555,1779.3672540509176,0.006640625,0.007042824074074074,0.04289533570408821,0.04849018529057503,1.0195334008990788,0.9718978234109402,0.29674816025036804
w/o CLAHE,D:\A题代码_公式包\clear text\cam39_17-02_07-10 - .jpeg,0.4023611545562744,0.45090240240097046,0.8198225498199463,0.14927791064242069,0.141439377168318,6.877497673034668,6.789815902709961,0.2504871189594269,0.26009923219680786,2323.2439857187446,2734.9876562397435,0.013967013888888888,0.010842013888888889,0.07891017943620682,0.08966701477766037,1.0383736069764395,0.9692682822053779,0.3376617634068108
w/o CLAHE,D:\A题代码_公式包\clear text\cam3_17-02_09-28 - .jpeg,0.5151339173316956,0.5465115904808044,0.9936574372378262,0.2606073546833608,0.22812376877120502,7.494396209716797,7.496885299682617,0.3850322961807251,0.38559484481811523,2157.9397855457764,2417.609237979122,0.09704367897727273,0.009815932765151514,0.08156542479991913,0.0882975161075592,1.0014610220953755,0.9701207925702255,0.4384023443305827
w/o CLAHE,D:\A题代码_公式包\clear text\cam3_17-02_20-15 - .jpeg,0.2505728602409363,0.35834452509880066,0.6515355001796375,0.2586856355612737,0.21906520760380363,7.0806403160095215,7.385610103607178,0.369961678981781,0.38567259907722473,2238.5862804735466,2509.3825655681567,0.04914180871212121,0.008750591856060606,0.07966461032629013,0.09291698038578033,1.0424663669369323,0.7195880033082449,0.350134882938077
w/o CLAHE,D:\A题代码_公式包\clear text\cam40_02-02_22-05 - .jpeg,0.34241870045661926,0.4129278361797333,0.7507778839631514,0.15601820910029118,0.14091144225967028,6.684545516967773,6.5417327880859375,0.21911285817623138,0.2273193895816803,2124.8876050087256,2426.6252870704934,0.027523148148148147,0.01600115740740741,0.0639488622546196,0.07355144619941711,1.037453464797102,0.9362588007205214,0.3011551854196282
w/o CLAHE,D:\A题代码_公式包\clear text\cam414_02-02_09-56.jpeg,0.5347455739974976,0.5429849028587341,0.9872452779249711,0.31769490433734554,0.2702052972638955,7.335925102233887,7.282473087310791,0.22600753605365753,0.22740885615348816,2039.2052584140995,2239.038050244544,0.18318832859848486,0.008149857954545455,0.055150341242551804,0.060761358588933945,1.0062003478718564,0.9708838568661322,0.41048483299977245
w/o CLAHE,D:\A题代码_公式包\clear text\cam414_02-02_19-51.jpeg,0.2693342864513397,0.36765119433403015,0.6684567169709639,0.28337111239096036,0.2296040777686694,6.7593607902526855,7.051170349121094,0.21568496525287628,0.21047380566596985,1884.2059311509986,2050.911417494004,0.05762310606060606,0.007244318181818182,0.04951319098472595,0.05633418262004852,0.9758390859319209,0.7383809833489957,0.28718410585253634
w/o CLAHE,D:\A题代码_公式包\clear text\cam414_03-02_07-21.jpeg,0.550462543964386,0.5602880716323853,0.9812944152138451,0.26757923611976114,0.23386174791877953,7.306764602661133,7.129700660705566,0.21962101757526398,0.2228228598833084,1941.6451245851401,2156.0697018100454,0.009490411931818182,0.00916785037878788,0.05412175506353378,0.060251377522945404,1.0145788980205293,0.9713928897808338,0.3890903599196359
w/o CLAHE,D:\A题代码_公式包\clear text\cam424_02-02_10-21.jpeg,0.4497721493244171,0.4951910674571991,0.9003473953767256,0.2478822113753413,0.21458535800962078,7.233281135559082,7.135030746459961,0.2521933913230896,0.25098615884780884,2301.205709012034,2560.967898012403,0.06631451231060606,0.010094105113636363,0.05912799760699272,0.06462915986776352,0.9952130410286872,0.9600654179064911,0.37779650861367897
w/o CLAHE,D:\A题代码_公式包\clear text\cam429_03-02_10-03.jpeg,0.42824897170066833,0.4792560040950775,0.8713745529001409,0.22562768784460407,0.19446726471516193,7.024917125701904,6.796294212341309,0.2285895198583603,0.22317300736904144,2010.8839473188418,2207.8816435425865,0.008117305871212122,0.008774266098484848,0.0524677149951458,0.056734103709459305,0.9763046400435589,0.9610220227350353,0.3378180897495935
w/o CLAHE,D:\A题代码_公式包\clear text\cam429_03-02_10-38.jpeg,0.4238038957118988,0.4812874495983124,0.8750680901787498,0.21377679749892536,0.18481908842174447,7.102226734161377,6.927145957946777,0.21828758716583252,0.21275760233402252,1971.3242451676633,2176.1826998853726,0.007256155303030303,0.008706202651515152,0.05040080100297928,0.05474552512168884,0.9746665406599003,0.9568610153365441,0.3334070574280093
w/o CLAHE,D:\A题代码_公式包\clear text\cam433_02-02_09-49.jpeg,0.4977402985095978,0.52398282289505,0.9526960416273637,0.3090245793527578,0.2711473593644271,7.2948174476623535,7.189080238342285,0.32652008533477783,0.3490436375141144,3194.2122020393476,3762.4522296749205,0.007889441287878787,0.00975378787878788,0.09196880459785461,0.10560577362775803,1.0689806236334458,0.9506538010380668,0.47512183430240246
w/o CLAHE,D:\A题代码_公式包\clear text\cam433_03-02_00-47.jpeg,0.2771267592906952,0.3904230296611786,0.7098600539294155,0.22022052577111279,0.18836992269032937,6.950380802154541,6.954346656799316,0.2913786768913269,0.29650813341140747,2679.1758950572284,3012.3677185426313,0.028364701704545456,0.011612215909090909,0.07805654406547546,0.08756467700004578,1.0176041246742173,0.8539106701226676,0.33924868132189506
w/o CLAHE,D:\A题代码_公式包\clear text\cam434_02-02_20-34.jpeg,0.24347029626369476,0.3570391535758972,0.6491620974107222,0.1655853542948837,0.14578024511481447,6.864386558532715,6.7761149406433105,0.17173747718334198,0.1718556433916092,1565.3804298120554,1765.8844116893922,0.013461766098484849,0.007978219696969697,0.040331799536943436,0.046005260199308395,1.0006880609876911,0.8601853394457986,0.24781981521125762
w/o CLAHE,D:\A题代码_公式包\clear text\cam437_17-02_07-20.jpeg,0.347660094499588,0.42385604977607727,0.7706473632292313,0.19392877203750045,0.17132260798307755,7.265316009521484,7.126907825469971,0.22836053371429443,0.2362893968820572,2084.473134396547,2396.8519201154336,0.00828894412878788,0.010026041666666667,0.055207509547472,0.06316909939050674,1.0347207787566886,0.9310582172758929,0.33388770001443446
w/o CLAHE,D:\A题代码_公式包\clear text\cam440_07-02_08-25.jpeg,0.49253344535827637,0.5222206711769104,0.9494921294125643,0.2887876258788763,0.25024261919503854,7.598449230194092,7.460750579833984,0.32843759655952454,0.3325699269771576,2885.565282370792,3297.428882020884,0.031090198863636363,0.008271188446969696,0.09562495350837708,0.10585804283618927,1.0125817491214748,0.9650104058789527,0.44614918736370485
w/o CLAHE,D:\A题代码_公式包\clear text\cam443_17-02_10-08.jpeg,0.4109697639942169,0.4541639983654022,0.8257527243007312,0.1653319985923061,0.14265827112479582,7.149631023406982,6.875086784362793,0.16133294999599457,0.1548490673303604,1296.3656996095935,1431.869478473007,0.005548650568181818,0.006581439393939394,0.0291655994951725,0.03237498179078102,0.9598104849526347,0.9738259379281083,0.27532037398693315
w/o CLAHE,D:\A题代码_公式包\clear text\cam453_03-02_07-53.jpeg,0.5930256247520447,0.5958717465400696,0.9165968244726008,0.24062066978387064,0.2119513482364366,7.178824424743652,7.02285623550415,0.21087075769901276,0.2117144912481308,1777.5681998111438,1952.0427627566892,0.17554154829545454,0.008670691287878788,0.04689515754580498,0.05114774778485298,1.0040012009065256,0.9849484022320797,0.35920172917123006
w/o CLAHE,D:\A题代码_公式包\clear text\cam453_03-02_08-21.jpeg,0.5832712054252625,0.588969349861145,0.9291466366161001,0.25218016249383507,0.22355650266183472,7.186433792114258,7.0581746101379395,0.2462356984615326,0.24713777005672455,1863.5245833873403,2056.055633196651,0.17877604166666666,0.009070194128787878,0.05265948548913002,0.05733935162425041,1.0036634155827848,0.9868575191824259,0.3779931301694456
w/o CLAHE,D:\A题代码_公式包\clear text\cam453_03-02_08-28.jpeg,0.5249260067939758,0.5419710278511047,0.9854018688201903,0.2496554725866772,0.21424954125020157,7.194462299346924,7.002663612365723,0.21498356759548187,0.21214169263839722,1730.2641971466935,1903.3094993232608,0.13657670454545454,0.00810250946969697,0.045831892639398575,0.04957423359155655,0.9867809676551564,0.9814006988668906,0.3666801033640659
w/o CLAHE,D:\A题代码_公式包\clear text\cam459_17-02_08-42.jpeg,0.4502533972263336,0.4884166717529297,0.888030312278054,0.249640779376998,0.20830355701739714,7.221562385559082,7.165600299835205,0.2380194365978241,0.23684856295585632,1977.4839486751787,2196.4303521543475,0.10799893465909091,0.007957504734848485,0.0625971332192421,0.06843430548906326,0.995080768626681,0.9629943991100823,0.36098379982168993
w/o CLAHE,D:\A题代码_公式包\clear text\cam45_02-02_22-18 - .jpeg,0.23380766808986664,0.35040438175201416,0.6370988759127529,0.16474016559632854,0.1477998830010824,6.140819549560547,6.205329895019531,0.20726194977760315,0.2201918065547943,2537.638981978596,2919.9461928184396,0.02339988425925926,0.012277199074074074,0.07014638930559158,0.08164773136377335,1.062384092366087,0.8565444418547732,0.280663813713327
w/o CLAHE,D:\A题代码_公式包\clear text\cam460_31-01_00-17.jpeg,0.2238549143075943,0.3463386297225952,0.6297065994956277,0.15543969198853588,0.14032148219733803,6.488635540008545,6.429194450378418,0.2134575992822647,0.21914871037006378,1907.9732007069933,2133.1940417148303,0.01581439393939394,0.010416666666666666,0.05280075594782829,0.060040466487407684,1.0266615459872983,0.8550359043069633,0.257661791249004
w/o CLAHE,D:\A题代码_公式包\clear text\cam461_17-02_17-20.jpeg,0.4751097559928894,0.5130038857460022,0.9327343377200039,0.22466751071445276,0.19831072288470794,7.639049530029297,7.523582458496094,0.37569883465766907,0.3830600082874298,2979.2227598668105,3406.070673190871,0.04172585227272727,0.013213186553030304,0.0990375503897667,0.1100931242108345,1.0195933509260127,0.9558860119314198,0.43764470281639795
w/o CLAHE,D:\A题代码_公式包\clear text\cam468_30-01_21-35.jpeg,0.30316153168678284,0.3868643641471863,0.703389752994884,0.16269489234870815,0.13955335712710715,6.407187461853027,6.213785648345947,0.16020824015140533,0.15845292806625366,1379.2283297350825,1526.5805034178477,0.02198449337121212,0.00947561553030303,0.03868498653173447,0.043025583028793335,0.989043638786318,0.9432485587633127,0.240714776204518
w/o CLAHE,D:\A题代码_公式包\clear text\cam468_30-01_21-52.jpeg,0.29059305787086487,0.3794034421443939,0.6898244402625344,0.15757804209089898,0.1360797422757105,6.36314582824707,6.205973148345947,0.15625520050525665,0.15540242195129395,1403.412619247428,1553.9031369576223,0.02234552556818182,0.010286458333333333,0.03805944323539734,0.042474355548620224,0.9945423463602431,0.9375246259100307,0.23703885703719785
w/o CLAHE,D:\A题代码_公式包\clear text\cam469_30-01_19-34.jpeg,0.38139376044273376,0.4507433772087097,0.8195334131067449,0.23067835678564597,0.18945476312424125,7.575218200683594,7.349920272827148,0.2422553151845932,0.2247474044561386,1778.3679272955249,1882.7051149669924,0.024195601851851854,0.005170717592592592,0.058297157287597656,0.06090584024786949,0.9277295324624785,0.9318217163781859,0.3174280862914064
w/o CLAHE,D:\A题代码_公式包\clear text\cam46_02-02_22-32 - .jpeg,0.26509323716163635,0.3719523251056671,0.6762769547375765,0.17278419841547238,0.1508422425816068,6.582248210906982,6.53525972366333,0.23671738803386688,0.24262593686580658,1902.488971835884,2123.3077402499143,0.024157986111111113,0.01111400462962963,0.05879073962569237,0.06690102815628052,1.0249603429167782,0.8818524539437538,0.280493365474082
w/o CLAHE,D:\A题代码_公式包\clear text\cam470_03-02_00-57.jpeg,0.3577163815498352,0.4326206147670746,0.7865829359401355,0.1809790861191512,0.1575933118866806,6.977993965148926,6.741483211517334,0.1696263551712036,0.16925032436847687,1533.2535088971208,1702.3296158368573,0.022218276515151514,0.008803858901515152,0.03842805325984955,0.04330635070800781,0.9977832191915224,0.9558237290034078,0.28592381923965793
w/o CLAHE,D:\A题代码_公式包\clear text\cam470_03-02_01-52.jpeg,0.3631393015384674,0.43715375661849976,0.7948250120336359,0.18256792386073947,0.15843528850984606,7.052944183349609,6.816895008087158,0.1620313674211502,0.1609901487827301,1480.6125204358134,1640.905304973872,0.02118252840909091,0.008241595643939394,0.03653687611222267,0.04115142673254013,0.9935739731231763,0.9551172771406815,0.2852385606401398
w/o CLAHE,D:\A题代码_公式包\clear text\cam470_30-01_23-24.jpeg,0.40511295199394226,0.4674265682697296,0.8498664877631447,0.17788079850682653,0.15635283193055824,7.151737689971924,6.907642841339111,0.17235833406448364,0.17030121386051178,1508.9692390860846,1678.6639576996433,0.015746330492424243,0.008345170454545454,0.0380752831697464,0.042635444551706314,0.9880649275026214,0.9665130151383365,0.29944499394319196
w/o CLAHE,D:\A题代码_公式包\clear text\cam471_02-02_10-39.jpeg,0.4195898771286011,0.4660787880420685,0.8474159782583063,0.1589698305507394,0.13924600482823754,6.898467540740967,6.640025615692139,0.16626089811325073,0.16884788870811462,1386.997170927715,1554.4873964132007,0.005382930871212121,0.00604876893939394,0.04368482530117035,0.04815416410565376,1.0155598400431312,0.9794288511434858,0.2889747517739136
w/o CLAHE,D:\A题代码_公式包\clear text\cam471_03-02_00-34.jpeg,0.25653746724128723,0.3357386291027069,0.6104338710958307,0.10198252519435864,0.09435556886903296,6.014004230499268,5.623621940612793,0.09072450548410416,0.09479255974292755,1244.5269597339804,1392.6486130385667,0.007534327651515151,0.008303740530303031,0.024328289553523064,0.02824903465807438,1.0448395418950123,0.9479497614735493,0.18697095451139253
w/o CLAHE,D:\A题代码_公式包\clear text\cam475_02-02_19-11.jpeg,0.23930557072162628,0.35752350091934204,0.6500427289442582,0.179512628848977,0.1523597886014051,6.907594680786133,6.81015682220459,0.23480536043643951,0.24532431364059448,1923.392416637375,2212.33968908556,0.01653053977272727,0.009810014204545454,0.056715916842222214,0.06657383590936661,1.0447986387332084,0.8307768897231399,0.28371578131735964
w/o CLAHE,D:\A题代码_公式包\clear text\cam494_17-02_17-16.jpeg,0.4364686906337738,0.48761889338493347,0.8865798061544244,0.17992703450531133,0.16319692647337605,7.313275337219238,7.1430277824401855,0.3419647216796875,0.3488793969154358,2415.2446806690555,2757.208633786378,0.022688802083333334,0.014609966856060606,0.09383820742368698,0.1029326468706131,1.0202204624654734,0.9727381121107292,0.3843305662603076
w/o CLAHE,D:\A题代码_公式包\clear text\cam496_02-02_10-40.jpeg,0.38372382521629333,0.44781023263931274,0.8142004229805686,0.2278271675359266,0.19460540809773347,7.461771011352539,7.344768524169922,0.3050173223018646,0.3038187325000763,2801.382192583942,3119.3407442068374,0.034333570075757575,0.009431226325757576,0.08139389008283615,0.08853189647197723,0.9960704106759745,0.933982111783728,0.37963862466396253
w/o CLAHE,D:\A题代码_公式包\clear text\cam496_02-02_22-31.jpeg,0.2353615015745163,0.3524740934371948,0.640861988067627,0.1706617759518203,0.14984510283309108,6.757388114929199,6.697587966918945,0.23045124113559723,0.23635198175907135,2301.9582807926213,2572.4027437213144,0.01589429450757576,0.01024206912878788,0.06484787911176682,0.07301511615514755,1.0256051479690567,0.8372878996386903,0.2805462833189008
w/o CLAHE,D:\A题代码_公式包\clear text\cam496_17-02_07-29.jpeg,0.37782344222068787,0.4375000596046448,0.7954546538266268,0.1964923985493564,0.16999023815557907,7.311278820037842,7.129879951477051,0.2745322585105896,0.273294597864151,2514.163564904715,2800.854977530829,0.026802201704545454,0.009839607007575758,0.07488075643777847,0.08154517412185669,0.9954917238197775,0.9426848278146891,0.34726362155628204
w/o CLAHE,D:\A题代码_公式包\clear text\cam498_03-02_09-11.jpeg,0.4734387993812561,0.5056346654891968,0.9193357554349032,0.19156853343659314,0.17645982096296048,7.280157089233398,7.174156188964844,0.4164934456348419,0.41889870166778564,3627.850032565395,4030.8573841180355,0.02743844696969697,0.011934777462121212,0.12375719100236893,0.13277392089366913,1.0057750342836989,0.9731672609590639,0.4381660411501646
w/o CLAHE,D:\A题代码_公式包\clear text\cam498_17-02_07-02.jpeg,0.40911731123924255,0.4631357789039612,0.8420650525526566,0.1971000275867236,0.17316871870067754,7.312804698944092,7.140758037567139,0.36483678221702576,0.3731338381767273,3049.7829487771614,3479.0041399591532,0.03808889678030303,0.012869910037878789,0.10619901865720749,0.11678855866193771,1.0227418718490322,0.9598783576357243,0.4015826929428219
w/o CLAHE,D:\A题代码_公式包\clear text\cam49_02-02_10-07 - .jpeg,0.4206867218017578,0.4848836362361908,0.8816066113385287,0.1978347093151505,0.1778970208353756,6.894824028015137,6.811456680297852,0.2635180354118347,0.26550817489624023,2816.6077893196684,3206.0352977932816,0.006574074074074074,0.006481481481481481,0.08959892392158508,0.09797269105911255,1.0075521778888326,0.9595903994734277,0.36845689388331593
w/o CLAHE,D:\A题代码_公式包\clear text\cam49_02-02_19-31 - .jpeg,0.33902665972709656,0.4292371869087219,0.7804312489249489,0.16778348408609395,0.15337174581861113,7.052241802215576,6.98563814163208,0.27104896306991577,0.28446707129478455,2555.849749722403,3049.436703067054,0.013255208333333334,0.011012731481481481,0.08445681631565094,0.09736039489507675,1.0495043417492635,0.9253927780734474,0.34991601856814253
w/o CLAHE,D:\A题代码_公式包\clear text\cam49_03-02_00-41 - .jpeg,0.3221079409122467,0.4148165285587311,0.7542118701067837,0.1648560650964677,0.1548755361777739,7.025280475616455,7.05587100982666,0.2733997702598572,0.28965771198272705,2594.734628782974,3134.423910670519,0.012242476851851852,0.010836226851851852,0.08633791655302048,0.1002117171883583,1.0594658160882886,0.9246335847881428,0.35269482585162465
w/o CLAHE,D:\A题代码_公式包\clear text\cam4_12-02_13-34.jpeg,0.44168591499328613,0.4708264470100403,0.8560480854728004,0.17135845984716053,0.15157170731687056,7.115012168884277,6.818942070007324,0.1625891923904419,0.16256724298000336,1600.305880913844,1807.7429050287574,0.011298532196969698,0.007214725378787879,0.04065750539302826,0.045695189386606216,0.999865023442861,0.9737806546826514,0.30068600351752706
w/o CLAHE,D:\A题代码_公式包\clear text\cam4_17-02_20-22 - .jpeg,0.3406974673271179,0.4258623421192169,0.7742951674894852,0.19345303034426956,0.16633219748144354,7.071360111236572,6.8541035652160645,0.13737310469150543,0.13674741983413696,1444.1205580119456,1629.2739050382297,0.011209753787878788,0.007433712121212121,0.03119969181716442,0.03628390654921532,0.9954453589541739,0.9338679375015643,0.27782063836758847
w/o CLAHE,D:\A题代码_公式包\clear text\cam509_03-02_00-45.jpeg,0.32062938809394836,0.4256781339645386,0.7739602435718882,0.21648093972579946,0.18981370178838175,7.462377548217773,7.4152679443359375,0.37950265407562256,0.3862050175666809,2667.6254608804443,3079.1578675596293,0.02547052556818182,0.010132575757575757,0.09880001842975616,0.10991160571575165,1.0176608730793313,0.8896409088551034,0.3878891428980108
w/o CLAHE,D:\A题代码_公式包\clear text\cam521_03-02_11-22.jpeg,0.4622335731983185,0.5132328867912292,0.9331507032567804,0.24974832523295928,0.21462503575373237,7.623589515686035,7.495109558105469,0.3475993573665619,0.3506186604499817,2791.861113660189,3140.1799775597715,0.005803148674242424,0.006821141098484848,0.10032019764184952,0.10838685929775238,1.0086862229769173,0.944069592324818,0.4259645204923077
w/o CLAHE,D:\A题代码_公式包\clear text\cam523_17-02_19-50.jpeg,0.3520011305809021,0.4161361753940582,0.7566112279891968,0.14884142579939263,0.13116772129794493,6.660266876220703,6.384905815124512,0.1452205330133438,0.15450702607631683,669.3057161171806,802.002587970723,0.025032552083333333,0.007552083333333333,0.03876373544335365,0.0453789196908474,1.0639475639288156,0.9598646670716703,0.249715780653803
w/o CLAHE,D:\A题代码_公式包\clear text\cam523_17-02_20-04 - .jpeg,0.2751339077949524,0.36615341901779175,0.6657334891232577,0.15642761326820684,0.13786241239846675,6.573259353637695,6.4982686042785645,0.15305070579051971,0.16050362586975098,747.5958332356771,859.0476034837404,0.017255859375,0.00421875,0.03939192369580269,0.04595198854804039,1.0486957305380993,0.9173521981887015,0.233747288905029
w/o CLAHE,D:\A题代码_公式包\clear text\cam523_17-02_20-17.jpeg,0.26008903980255127,0.359445184469223,0.6535366990349509,0.1621586128249662,0.13603757345466908,6.601873874664307,6.333747863769531,0.1489398330450058,0.15496711432933807,896.1265533192529,1022.7855171254052,0.017682291666666666,0.00357421875,0.04340693727135658,0.049695517867803574,1.040467896239697,0.8977869546995026,0.22467277549000153
w/o CLAHE,D:\A题代码_公式包\clear text\cam523_17-02_20-22.jpeg,0.2485363781452179,0.3575756847858429,0.6501376087015325,0.1668155871331575,0.13872944821261704,6.561010837554932,6.359289646148682,0.14519783854484558,0.1521683782339096,821.5487346184624,943.7782391230161,0.020143229166666665,0.0033170572916666665,0.040127936750650406,0.04691435396671295,1.0480072169799317,0.8736884227711527,0.22210416347838888
w/o CLAHE,D:\A题代码_公式包\clear text\cam529_17-02_17-23.jpeg,0.3369334936141968,0.4145122170448303,0.753658576445146,0.19516684162352196,0.1657925539701648,7.183633804321289,7.009218215942383,0.24519895017147064,0.24858109652996063,1977.3644976282253,2246.1921187679736,0.025822679924242423,0.008780184659090908,0.06610894948244095,0.07381274551153183,1.0137934539404125,0.9337406120148563,0.3194683424162423
w/o CLAHE,D:\A题代码_公式包\clear text\cam529_30-01_16-48.jpeg,0.4452703893184662,0.48949021100997925,0.8899822018363258,0.21009980751728066,0.18543039444116596,7.35353422164917,7.2197489738464355,0.41945046186447144,0.41592687368392944,3012.652564566116,3337.9983101668677,0.03452000473484849,0.00937204071969697,0.11496170610189438,0.12259099632501602,0.9915995242036703,0.9702588867044808,0.4185761520593919
w/o CLAHE,D:\A题代码_公式包\clear text\cam531_03-02_02-00.jpeg,0.3322714567184448,0.42147761583328247,0.7663229378786953,0.23723149346124528,0.17813913810082754,7.392466068267822,7.045156478881836,0.1635565459728241,0.16099384427070618,1615.4232320267438,1745.9395139842302,0.05434718276515151,0.007297585227272727,0.04475030675530434,0.04846710339188576,0.9843313300501892,0.878134550823461,0.2833670527752361
w/o CLAHE,D:\A题代码_公式包\clear text\cam55_02-02_19-57 - .jpeg,0.2966911792755127,0.3883126676082611,0.7060230320150201,0.1614371424109351,0.13766949570257148,6.934146404266357,6.788268089294434,0.14271970093250275,0.15134426951408386,1530.5220918745629,1724.433818825017,0.01372974537037037,0.007957175925925927,0.036171987652778625,0.04374934360384941,1.0604301060842252,0.8923136837344635,0.26571847168175045
w/o CLAHE,D:\A题代码_公式包\clear text\cam55_03-02_00-32 - .jpeg,0.27454620599746704,0.3683176040649414,0.6696683710271661,0.1523374909586036,0.13382804163674622,6.706841945648193,6.538877964019775,0.15479625761508942,0.1621832698583603,1577.5911091498147,1786.558197618264,0.012068865740740741,0.008611111111111111,0.03991460055112839,0.04756031185388565,1.047720915974704,0.8997276046128068,0.2537773799436983
w/o CLAHE,D:\A题代码_公式包\clear text\cam55_03-02_00-50 - .jpeg,0.27461084723472595,0.3705475628376007,0.6737228415229104,0.15546010592303416,0.13477916679910162,6.748849868774414,6.571763038635254,0.1480720341205597,0.15464015305042267,1550.150500573471,1749.0818886262537,0.012494212962962962,0.008333333333333333,0.03792337328195572,0.04534612223505974,1.044357570571411,0.8933662916465295,0.25160963369502853
w/o CLAHE,D:\A题代码_公式包\clear text\cam59_17-02_07-46 - .jpeg,0.4255710244178772,0.4642442464828491,0.8440804481506348,0.2007990782023165,0.1694706151811598,7.188902378082275,7.049523830413818,0.16720449924468994,0.1668798178434372,1625.804296085905,1794.602172707481,0.04008969907407407,0.006707175925925926,0.047727521508932114,0.05297211930155754,0.9980581676489155,0.9631408650257153,0.30946318767229297
w/o CLAHE,D:\A题代码_公式包\clear text\cam59_17-02_17-05 - .jpeg,0.36181461811065674,0.4236454665660858,0.7702644846656105,0.1802747098754761,0.15719933738027042,7.066634178161621,6.898765563964844,0.2472352385520935,0.253343790769577,2538.4378008053627,2928.3472643054265,0.015407986111111112,0.008741319444444444,0.08148857951164246,0.09130241721868515,1.0247074687183564,0.9491822309528202,0.335649204371976
w/o CLAHE,D:\A题代码_公式包\clear text\cam65_02-02_10-44 - .jpeg,0.41231247782707214,0.46382907032966614,0.8433255824175747,0.15486737849945675,0.15023378268655044,6.873316287994385,6.8682942390441895,0.28578415513038635,0.2959674000740051,2800.190798246399,3280.3229802758156,0.0067476851851851856,0.007158564814814815,0.09924420714378357,0.11073645204305649,1.0356326150688655,0.9653921741590449,0.36581278840502734
w/o CLAHE,D:\A题代码_公式包\clear text\cam65_02-02_19-02 - .jpeg,0.34335294365882874,0.41576895117759705,0.7559435475956309,0.14570700011210663,0.1364537926184604,6.838630199432373,6.753518581390381,0.24643664062023163,0.261497437953949,2305.181761304406,2754.3038956354003,0.011825810185185186,0.01111400462962963,0.07755779474973679,0.09022261947393417,1.0611142842244454,0.9446895835203315,0.3260171091734526
w/o CLAHE,D:\A题代码_公式包\clear text\cam65_03-02_11-39 - .jpeg,0.41124555468559265,0.46386078000068665,0.8433832363648848,0.15595056635817828,0.15130528108752828,6.925139427185059,6.903590202331543,0.2825576663017273,0.2921251356601715,2762.8905242854535,3243.06157650128,0.006756365740740741,0.007100694444444444,0.09571265429258347,0.10705487430095673,1.0338602377989814,0.9652559207278287,0.3654094986857344
w/o CLAHE,D:\A题代码_公式包\clear text\cam65_30-01_09-29 - .jpeg,0.5390124917030334,0.5735898017883301,0.9571094512939454,0.1901895531374129,0.1746561534148475,7.201651096343994,7.188787460327148,0.30846184492111206,0.3195844888687134,3171.766041943954,3680.838879945472,0.07728877314814815,0.016412037037037037,0.10449884831905365,0.11702364683151245,1.036058399017404,0.9711572695129186,0.41838519119667567
w/o CLAHE,D:\A题代码_公式包\clear text\cam65_30-01_10-23 - .jpeg,0.45936301350593567,0.5141505002975464,0.9348190914500842,0.1895522001887332,0.17674221341408616,7.252650737762451,7.256795406341553,0.37170231342315674,0.38385891914367676,3864.8374031809867,4536.312838030872,0.007233796296296296,0.006872106481481482,0.12952545285224915,0.14402276277542114,1.0327052514822668,0.9624605762398141,0.4493237692481832
w/o CLAHE,D:\A题代码_公式包\clear text\cam68_03-02_08-41 - .jpeg,0.4180043339729309,0.4776899218559265,0.868527130647139,0.18060248656951652,0.168731351421506,6.9260454177856445,6.931944847106934,0.23639829456806183,0.24168901145458221,2492.69310080265,2845.3846119336204,0.007809606481481482,0.008315972222222223,0.07234316319227219,0.0805104449391365,1.0223805155288885,0.9547494333645188,0.3553717884123232
w/o CLAHE,D:\A题代码_公式包\clear text\cam73_02-02_21-25 - .jpeg,0.2968563139438629,0.39748960733413696,0.722708376971158,0.20074008377387753,0.1663624776130546,7.052284240722656,6.961319923400879,0.24850338697433472,0.2560621500015259,2370.5300276089556,2667.4201454342606,0.02640914351851852,0.006657986111111111,0.080159991979599,0.0905715674161911,1.030417112438534,0.8765701150040306,0.3190384090007146
w/o CLAHE,D:\A题代码_公式包\clear text\cam77_02-02_19-02.jpeg,0.2938813269138336,0.36829620599746704,0.66962946544994,0.1444901475168465,0.13094102523285475,6.6547160148620605,6.377170562744141,0.15288513898849487,0.1579200029373169,1785.7705987965692,2019.573211557865,0.009181134259259259,0.008608217592592593,0.04350355267524719,0.04988909512758255,1.0329323171429774,0.9383221355345539,0.2548608598744048
w/o CLAHE,D:\A题代码_公式包\clear text\cam77_17-02_20-32 - .jpeg,0.29408320784568787,0.3773624300956726,0.6861135092648593,0.15416476825314643,0.1407671465855954,6.521470546722412,6.393694877624512,0.1878690868616104,0.19637320935726166,1929.143597826512,2203.892475465165,0.019322916666666665,0.011996527777777778,0.05274318903684616,0.061264943331480026,1.045266240244005,0.9301754315451085,0.2761776835633929
w/o CLAHE,D:\A题代码_公式包\clear text\cam80_30-01_12-30.jpeg,0.4359128475189209,0.4955407679080963,0.9009832143783568,0.19911931937334307,0.1787478433719763,7.367681503295898,7.292067050933838,0.32123035192489624,0.3268229365348816,3205.369132880811,3691.5187022376545,0.009230324074074075,0.005373263888888889,0.1085323691368103,0.11949335038661957,1.0174098909170297,0.9629964883308738,0.41048483108417627
w/o CLAHE,D:\A题代码_公式包\clear text\cam80_30-01_13-17.jpeg,0.4344147741794586,0.4939817488193512,0.8981486342170021,0.20235910328145573,0.18134701593805724,7.30137825012207,7.248682498931885,0.3187931180000305,0.3232246935367584,3268.3482059284643,3752.62047909751,0.02185474537037037,0.0053125,0.10836208611726761,0.11899678409099579,1.0139010882731962,0.9636217476184661,0.4100567524743154
w/o CLAHE,D:\A题代码_公式包\clear text\cam80_30-01_22-03.jpeg,0.30663159489631653,0.39406493306159973,0.7164816964756358,0.15192885398751926,0.13539751200829564,6.905733585357666,6.79527473449707,0.19791439175605774,0.20563817024230957,1568.6384313507372,1821.1009646170573,0.007271412037037037,0.006984953703703703,0.050975583493709564,0.05922381207346916,1.0390258359682683,0.9287046101063773,0.28087232934298556
w/o CLAHE,D:\A题代码_公式包\clear text\cam84_02-02_10-21.jpeg,0.4064061641693115,0.45784255862236023,0.8324410156770186,0.1607464802766506,0.15159941076922484,6.609750270843506,6.480177879333496,0.21541662514209747,0.22006577253341675,2520.5896081811215,2927.2416529314205,0.009603587962962963,0.008619791666666666,0.07240033149719238,0.08045496791601181,1.0215821018139368,0.9724993296970995,0.32975623247666597
w/o CLAHE,D:\A题代码_公式包\clear text\cam84_02-02_21-16.jpeg,0.3055849075317383,0.38526466488838196,0.7004812088879672,0.15346119049409052,0.1393730526413531,6.581827640533447,6.55211067199707,0.19187866151332855,0.2002059817314148,1861.3627995996965,2151.513618840816,0.01646701388888889,0.008402777777777778,0.05770692601799965,0.06669997423887253,1.0433988835110297,0.9349175051167954,0.2811718059012301
w/o CLAHE,D:\A题代码_公式包\clear text\cam84_02-02_23-34.jpeg,0.31878912448883057,0.3922276496887207,0.7131411812522195,0.14620784790427277,0.1339535813753155,6.562211036682129,6.341678619384766,0.16903360188007355,0.17608416080474854,1755.9385367547097,2005.0342708419653,0.017934027777777778,0.008596643518518519,0.048203691840171814,0.05578271299600601,1.0417110129067693,0.9457160153191487,0.2690995119013174
w/o CLAHE,D:\A题代码_公式包\clear text\cam84_03-02_07-33.jpeg,0.41668424010276794,0.4639396071434021,0.8435265584425492,0.14216872161177443,0.13694651044458356,6.508764266967773,6.393665790557861,0.20624616742134094,0.21723692119121552,2174.0522676313653,2558.8183709265604,0.009163773148148148,0.008391203703703705,0.06849046051502228,0.07820911705493927,1.053289504224306,0.9769210639358176,0.32145190386040295
w/o CLAHE,D:\A题代码_公式包\clear text\cam84_03-02_09-02 - .jpeg,0.4074406921863556,0.46034500002861023,0.8369909091429276,0.15887677964308997,0.15049113833932554,6.745500564575195,6.641566753387451,0.2214231640100479,0.2269817590713501,2484.446675470163,2881.858943679663,0.007005208333333333,0.007404513888888889,0.07294482737779617,0.08122169226408005,1.0251039562982234,0.9714992528816747,0.3351718822934957
w/o CLAHE,D:\A题代码_公式包\clear text\cam8_12-02_14-38.jpeg,0.4044618606567383,0.46780648827552795,0.8505572514100508,0.191316976563362,0.17186506515872862,7.24160099029541,7.104415416717529,0.3286111354827881,0.3326154947280884,2715.814579930021,3073.3528760410773,0.010002367424242424,0.009315814393939394,0.08743329346179962,0.09555096924304962,1.0121856952125812,0.9583617963451032,0.3825252957934426
w/o CLAHE,D:\A题代码_公式包\clear text\cam8_17-02_07-03 - .jpeg,0.43463706970214844,0.4884698688983917,0.8881270343607122,0.21296365857203067,0.18372819432880325,7.3583221435546875,7.196781158447266,0.3179188370704651,0.32205238938331604,2628.4246889515816,2961.9876863807135,0.03915127840909091,0.01600674715909091,0.08629950881004333,0.09477628022432327,1.0130018908487513,0.9612560026463436,0.3908072889239714
w/o CLAHE,D:\A题代码_公式包\clear text\cam8_17-02_19-13 - .jpeg,0.22340837121009827,0.3424531817436218,0.6226421486247669,0.16531279717642877,0.14569660367318002,6.476809501647949,6.3608245849609375,0.2230081856250763,0.23332461714744568,2209.834714938357,2512.258840381213,0.022413589015151517,0.011499763257575757,0.06006775051355362,0.06931068748235703,1.0462602850161458,0.8513946144859483,0.2722431202152075
w/o CLAHE,D:\A题代码_公式包\clear text\cam90_12-02_14-10.jpeg,0.4761498272418976,0.518593430519104,0.9428971463983709,0.21736429096249812,0.18778331330883885,7.211684703826904,6.938878059387207,0.24942728877067566,0.2505485713481903,3937.643227946088,4316.355643360849,0.010436395202020202,0.011738478535353536,0.06970880180597305,0.07739179581403732,1.0044954249272313,0.976681742313395,0.41429960639332897
w/o CLAHE,D:\A题代码_公式包\clear text\cam90_17-02_07-46.jpeg,0.5573355555534363,0.5741835832595825,0.9560298486189409,0.21426349478884066,0.19240247387254655,7.409703731536865,7.2479472160339355,0.20130717754364014,0.20868276059627533,3652.604483834068,4125.520996241652,0.011768071338383838,0.012428977272727272,0.05908220633864403,0.06584642082452774,1.0366384094198253,0.9900942120896031,0.42081703729892755
w/o CLAHE,D:\A题代码_公式包\clear text\cam91_03-02_10-19.jpeg,0.42153456807136536,0.47223424911499023,0.8586077256636185,0.16086170063478775,0.15390456330737567,6.5863237380981445,6.488523960113525,0.21927596628665924,0.22568072378635406,2387.1152883495356,2795.942207521131,0.005931712962962963,0.00634837962962963,0.07216087728738785,0.0806836485862732,1.0292086597249166,0.9707114640460041,0.33528494357863625
w/o CLAHE,D:\A题代码_公式包\clear text\cam91_03-02_11-12.jpeg,0.4192884564399719,0.4719272255897522,0.8580495010722766,0.16460766547576178,0.15629736595296936,6.743398666381836,6.647363662719727,0.22330133616924286,0.22938108444213867,2372.760338410847,2772.151945650069,0.005911458333333334,0.006209490740740741,0.07257577031850815,0.0811704695224762,1.0272266386154127,0.9690194437707118,0.33959707748139956
w/o CLAHE,D:\A题代码_公式包\clear text\cam98_12-02_13-51.jpeg,0.38906607031822205,0.4602071940898895,0.8367403528907081,0.24305685683396952,0.20946907755587535,7.188230037689209,7.120649337768555,0.27485835552215576,0.2749195098876953,2880.632039875624,3160.947296987392,0.008171296296296296,0.006556712962962963,0.0831403061747551,0.09063779562711716,1.000222495806433,0.9380337027124956,0.3794507520522765
w/o CLAHE,D:\A题代码_公式包\clear text\cam98_12-02_14-10.jpeg,0.3947277069091797,0.4685167074203491,0.8518485589460892,0.23836444885103789,0.20664794699258568,7.121744155883789,7.082038402557373,0.2779146432876587,0.2754270136356354,2953.5038192849997,3222.4196555048434,0.008327546296296296,0.007175925925925926,0.08390162140130997,0.09078539162874222,0.9910489371063623,0.9377774850273574,0.379515580273462
w/o CLAHE,D:\A题代码_公式包\clear text\cam98_12-02_15-33.jpeg,0.39319461584091187,0.4607604444026947,0.837746262550354,0.24670105018436775,0.21301013315151596,7.033100605010986,6.993169784545898,0.274116575717926,0.2744314670562744,2909.576024273372,3192.9451763086395,0.008214699074074074,0.006278935185185185,0.08375699073076248,0.09141647815704346,1.001148779559517,0.9424436773806313,0.3794617532215848
w/o CLAHE,D:\A题代码_公式包\clear text\cam98_17-02_17-11.jpeg,0.407662570476532,0.46163180470466614,0.8393305540084839,0.18056425616006064,0.1646751793329233,7.0235161781311035,6.889714241027832,0.17034673690795898,0.17076033353805542,1799.045520428107,2006.8575138707292,0.009739583333333333,0.009343171296296296,0.040195487439632416,0.04516903683543205,1.0024279183474032,0.9605021230460672,0.31073264307817483
w/o CLAHE,D:\A题代码_公式包\clear text\屏幕截图 2026-02-03 150927.png,0.49381527304649353,0.4978856146335602,0.9052465720610184,0.08210212772608351,0.08918992733431139,6.2245330810546875,6.357573509216309,0.20858381688594818,0.2416946440935135,235.19822021734845,361.97460359162164,0.0018076583610564193,0.0024229411365333697,0.033572275191545486,0.041595861315727234,1.158741098851163,0.9895993439087618,0.2944002550210906
w/o CLAHE,D:\A题代码_公式包\clear text\屏幕截图 2026-02-03 151031.png,0.3361181318759918,0.31748151779174805,0.5772391232577236,0.15377170548675095,0.13883574576755534,6.906304359436035,6.764339923858643,0.07661571353673935,0.10195937007665634,65.0909706363185,115.52490307252839,0.018973149492017418,0.0006204644412191581,0.014342710375785828,0.020960144698619843,1.330789194084283,0.9746837933478711,0.2645914260159599
w/o CLAHE,D:\A题代码_公式包\clear text\屏幕截图 2026-02-03 151052.png,0.5275688171386719,0.5213673710823059,0.9479406746951016,0.3178183830049688,0.27654608943840453,6.747514247894287,7.245810508728027,0.11693479120731354,0.12007876485586166,94.71102218682212,113.24506487612595,0.21749472869458455,0.0030126511329970373,0.01570572890341282,0.017920566722750664,1.0268865120000972,0.988371309627091,0.3396013396439101
w/o CLAHE,D:\A题代码_公式包\clear text\屏幕截图 2026-02-03 151128.png,0.45415768027305603,0.481640487909317,0.87570997801694,0.3375968965236911,0.27860550051638344,7.3838300704956055,7.615304946899414,0.1467454880475998,0.1394209861755371,103.37291073329324,108.1616059737626,0.1700951567067505,0.0027502526434302534,0.01795991323888302,0.019725017249584198,0.9500870333774915,0.8949807486369145,0.3123765562416444
w/o CLAHE,D:\A题代码_公式包\clear text\屏幕截图 2026-02-03 151250.png,0.4565403461456299,0.41019514203071594,0.7458093491467561,0.17874169486144437,0.17240863099273313,6.900973320007324,7.020228862762451,0.16290712356567383,0.20937739312648773,825.2157698806913,1562.9392413860357,0.04683973453962217,0.0016615284140567225,0.0762220248579979,0.10800043493509293,1.2852562033468546,0.9556721992350328,0.35073116560285916
w/o CLAHE,D:\A题代码_公式包\clear text\屏幕截图 2026-02-03 151414.png,0.60980224609375,0.5446011424064636,0.9901838952844793,0.14490044176685338,0.14576736467108914,6.939837455749512,6.980644226074219,0.13143722712993622,0.15222977101802826,39.59047083088133,65.56062038942814,0.021074721496662424,0.0008974616569553278,0.012557108886539936,0.016214806586503983,1.1581936703092186,0.982294204746746,0.320557168428053
w/o CLAHE,D:\A题代码_公式包\clear text\屏幕截图 2026-02-03 151835.png,0.6856865286827087,0.6474684476852417,0.822784640572288,0.13621899075739813,0.13261816676157173,6.837143898010254,6.920259475708008,0.2404160052537918,0.27782437205314636,812.8252119602073,1229.3258641537807,0.021324973876698013,0.014089864158829676,0.0532657690346241,0.06586853414773941,1.1555985148672259,0.9858144028513163,0.3361618810245838
w/o CLAHE,D:\A题代码_公式包\clear text\屏幕截图 2026-02-03 151843.png,0.5529447197914124,0.4921552836894989,0.8948277885263616,0.2968243667100373,0.24722547075458037,7.474309921264648,7.453046798706055,0.11745253205299377,0.1198481097817421,110.54203508186016,137.54355947776725,0.11439514908627905,0.0004105047468959927,0.016786344349384308,0.019379207864403725,1.0203960685831435,0.9851684391457712,0.32156144993841074
w/o CLAHE,D:\A题代码_公式包\clear text\屏幕截图 2026-02-03 151859.png,0.3579561114311218,0.3745250701904297,0.6809546730735085,0.09054809189188041,0.09365255943067317,6.399524211883545,6.409972190856934,0.15462854504585266,0.18743371963500977,1657.241987883268,2791.7868721655686,0.000991353671887796,0.0009611820383955587,0.07393145561218262,0.09654990583658218,1.2121546830906782,0.9832758471121857,0.30613931843832
w/o CLAHE,D:\A题代码_公式包\clear text\屏幕截图 2026-02-03 152105.png,0.4507603049278259,0.4939332604408264,0.8980604735287753,0.20769332953234537,0.16015369256036152,7.0894598960876465,7.049186706542969,0.0802234411239624,0.07480072230100632,28.178267489894157,31.241870136695088,0.02972843262430614,6.640527137117831e-05,0.010482124984264374,0.011086294427514076,0.9324047170865956,0.9761476925484502,0.24261455239031132
w/o CLAHE,D:\A题代码_公式包\clear text\屏幕截图 2026-02-03 152131.png,0.647994339466095,0.6014530062675476,0.9064490795135499,0.27592178124151495,0.24282729603856398,7.193455219268799,7.295468330383301,0.14349158108234406,0.1543128788471222,85.6128400194012,117.03754960618285,0.20538513210927004,0.0002761606209882072,0.019089912995696068,0.02279902808368206,1.0754141340721202,0.9882270144678026,0.3381890003438884
w/o CLAHE,D:\A题代码_公式包\clear text\屏幕截图 2026-02-03 152208.png,0.6048255562782288,0.5892555713653564,0.9286262338811702,0.18339865729715538,0.16979375741252264,7.379093647003174,7.3329386711120605,0.2852693200111389,0.30319657921791077,229.10633225023804,295.66245136512777,0.05703318858560794,0.006954235280848184,0.03586417809128761,0.04085305705666542,1.0628432542789417,0.9938847635043891,0.34940358856315346
w/o CLAHE,D:\A题代码_公式包\clear text\屏幕截图 2026-02-03 152620.png,0.38435637950897217,0.4536058306694031,0.8247378739443691,0.2896437434060856,0.23732331783980187,7.508734703063965,7.582127094268799,0.22706715762615204,0.23367980122566223,576.1222838391034,628.8555645401125,0.08079273609437186,0.004844153881329856,0.04357798025012016,0.04797119274735451,1.0291219370308184,0.8946860419230184,0.3347131753867634
w/o CLAHE,D:\A题代码_公式包\clear text\屏幕截图 2026-02-03 152832.png,0.3186332881450653,0.4187191128730774,0.7613074779510498,0.17083370949163157,0.14469832863308318,6.932610511779785,6.9019598960876465,0.17069819569587708,0.1759205311536789,180.33865714918423,217.48294100750132,0.0008854095446465199,0.0007008067824422261,0.026205791160464287,0.02946402318775654,1.0305939715426355,0.9147879035951882,0.24975158189445762
w/o CLAHE,D:\A题代码_公式包\clear text\屏幕截图 2026-02-03 153319.png,0.5042031407356262,0.4781840145587921,0.8694254810159856,0.15096019322411747,0.13673961299406895,7.023276329040527,6.951315879821777,0.14390043914318085,0.1573106050491333,109.86350127297732,154.9631242919653,0.0026470413674402043,0.0005133835835954656,0.020119108259677887,0.024007918313145638,1.0931906281473276,0.9913785649306135,0.28446864732756727
w/o CLAHE,D:\A题代码_公式包\clear text\屏幕截图 2026-02-03 153723.png,0.5278517603874207,0.5070207715034485,0.9218559481880881,0.21222021105089683,0.18852392245543054,7.452596664428711,7.370107650756836,0.10105662047863007,0.11244972795248032,20.47401871892661,33.10035820398015,0.020675694142098522,0.0014268961988629322,0.010896903462707996,0.013885490596294403,1.1127397819550386,0.9896196482080065,0.31632004051451157
w/o CLAHE,D:\A题代码_公式包\clear text\屏幕截图 2026-02-03 153926.png,0.7160597443580627,0.6056239604949951,0.8988655263727362,0.14646057299833024,0.139834951631832,6.8811445236206055,6.845452308654785,0.07653055340051651,0.09479701519012451,17.42990006695915,35.04005771058738,0.18476590662481704,7.282419511058354e-06,0.009840347804129124,0.013826458714902401,1.2386818175865164,0.9607979344736167,0.2984218450342991
w/o CLAHE,D:\A题代码_公式包\clear text\屏幕截图 2026-02-03 153933.png,0.3769494593143463,0.3442241847515106,0.6258621540936556,0.2171981440111652,0.194225183494143,6.243185997009277,6.331756591796875,0.06190009042620659,0.07071903347969055,13.215572521572598,19.76621990922518,0.08266212425452549,0.0010152742368521987,0.006788888946175575,0.009058178402483463,1.1424705519629819,0.9848977093993441,0.2383866289535688
w/o CLAHE,D:\A题代码_公式包\clear text\屏幕截图 2026-02-03 154150.png,0.49391090869903564,0.4942484200000763,0.8986334909092295,0.2732280234093121,0.24057763466808693,7.448976516723633,7.464452743530273,0.3543727695941925,0.3704155683517456,1526.6981026732124,1902.7061629608097,0.15727380432749266,0.0113861694830704,0.08685613423585892,0.09978867322206497,1.045270947809707,0.9838067703369991,0.4189865774978271
w/o CLAHE,D:\A题代码_公式包\clear text\屏幕截图 2026-02-03 155552.png,0.5050543546676636,0.4432714879512787,0.8059481599114158,0.10736268283255107,0.10718797567870475,6.440474987030029,6.40977144241333,0.08608504384756088,0.1094554215669632,95.36865127597228,180.90592124266777,0.015322630125779732,0.008847530422333572,0.017006991431117058,0.02352588251233101,1.2714799808532569,0.9737825354506564,0.2719409198765512
w/o CLAHE,D:\A题代码_公式包\clear text\屏幕截图 2026-02-03 160609.png,0.48126500844955444,0.38905367255210876,0.7073703137311068,0.07215260532406362,0.08350293165218205,6.026586532592773,6.136015892028809,0.06460291892290115,0.08950734883546829,20.18341422047485,45.74167189317654,0.001756440281030445,0.0014288989698825764,0.008977104909718037,0.013630599714815617,1.3854999434409245,0.9472782777031019,0.25337882891172914
w/o CLAHE,D:\A题代码_公式包\clear text\屏幕截图 2026-02-03 160615.png,0.7611820697784424,0.7191442847251892,0.6924649368632925,0.2537437185022953,0.2311847887167527,7.317434787750244,7.278802871704102,0.2435397058725357,0.2594839930534363,282.18249820714055,406.7131182738275,0.3958582789741757,0.07505584844964704,0.03665394335985184,0.046160079538822174,1.065468922865354,0.9574093011843816,0.3129137986978084
w/o CLAHE,D:\A题代码_公式包\clear text\屏幕截图 2026-02-03 160703.png,0.6156129837036133,0.6202683448791504,0.8722393729469994,0.21085643534753268,0.1817135312611555,7.651538848876953,7.487329483032227,0.18840570747852325,0.18524907529354095,47.23430319543186,59.799888890914254,0.07917825270787114,0.033523394601323066,0.015279402025043964,0.018068889155983925,0.9832455211498785,0.9906857617473221,0.2954941830872071
w/o CLAHE,D:\A题代码_公式包\clear text\屏幕截图 2026-02-03 160802.png,0.525132954120636,0.4794689416885376,0.8717617121609774,0.18317664314175322,0.16572504909961455,7.141214847564697,7.119851112365723,0.13148723542690277,0.14176031947135925,26.379389092022873,37.48535482898325,0.05928475354062821,1.5824036711765172e-05,0.011223585344851017,0.01379635650664568,1.0781299028726354,0.9874102854039011,0.292158063520361
w/o CLAHE,D:\A题代码_公式包\clear text\屏幕截图 2026-02-03 161950.png,0.40636172890663147,0.4584316611289978,0.8335121111436323,0.2290207066935447,0.18864133539186054,7.475952625274658,7.315378189086914,0.23210497200489044,0.2367171198129654,175.4301890031198,203.29623310511315,0.02187183911465461,0.000614823188750719,0.02704598382115364,0.030396346002817154,1.019870959641792,0.9500149336172936,0.30822204832972383
w/o CLAHE,D:\A题代码_公式包\clear text\屏幕截图 2026-02-03 162130.png,0.4498051404953003,0.44406643509864807,0.8073935183611782,0.2752699185542395,0.2383540225363279,7.552106857299805,7.447898864746094,0.1297454535961151,0.13365331292152405,56.82500414771677,70.87343591447488,0.019893783536907236,0.000335082186939139,0.014703365974128246,0.017450178042054176,1.0301194803493763,0.976865561385297,0.3057816275499329
w/o CLAHE,D:\A题代码_公式包\clear text\屏幕截图 2026-02-03 162314.png,0.3850076496601105,0.3161921799182892,0.5748948725787075,0.07912707743870402,0.07808608747358523,6.096319675445557,6.144595146179199,0.0582117885351181,0.07596483826637268,12.540704312054002,28.07877194103417,0.0020978324949659675,0.002048066395632833,0.009105229750275612,0.013117248192429543,1.3049733794965266,0.9614543240919577,0.2088035318618061
w/o CLAHE,D:\A题代码_公式包\clear text\屏幕截图 2026-02-03 162446.png,0.36364319920539856,0.35342901945114136,0.6425982171838933,0.11144648459385459,0.10256333077098587,6.249050617218018,6.484145641326904,0.07258625328540802,0.08197452872991562,10.913972784286209,19.47681474758885,0.006967384694367114,0.00032697814135845664,0.00819337647408247,0.01066069770604372,1.1293394778215486,0.9935589146527378,0.20706512421657272
w/o CLAHE,D:\A题代码_公式包\clear text\屏幕截图 2026-02-04 203521.png,0.3707539439201355,0.4055973291397095,0.7374496893449263,0.12908736470871593,0.1090178307183785,6.768037796020508,6.616333961486816,0.13771356642246246,0.1692269742488861,66.86942101542837,127.52021461935003,0.008068019611493825,0.0027479536881882816,0.023046668618917465,0.030891617760062218,1.2288330056378114,0.973514792874454,0.2699756572835694
w/o CLAHE,D:\A题代码_公式包\clear text\屏幕截图 2026-02-04 203619.png,0.5240667462348938,0.4286453425884247,0.7793551683425903,0.07652047997555701,0.08406115978191916,6.256358623504639,6.41064453125,0.09960349649190903,0.1506558358669281,63.2370892083709,157.47163428996538,0.0009692208612037468,0.0010967499218884503,0.01771976239979267,0.028508096933364868,1.5125555192175626,0.9306469614804208,0.31405912171887507
